Timestamp,SatelliteID,OrbitType,satclockerror (m),x_error (m),y_error (m),z_error (m)
2024-01-01 00:00:00,GEO-01,GEO,-3.240929161016012,-0.7862516744474425,-0.7076265070026982,-0.8648768418921868
2024-01-01 00:15:00,GEO-01,GEO,-2.811147467400051,-0.6482926498930972,-0.5834633849037875,-0.713121914882407
2024-01-01 00:30:00,GEO-01,GEO,-2.810043088374129,-0.8318703438851709,-0.7486833094966538,-0.915057378273688
2024-01-01 00:45:00,GEO-01,GEO,-2.565010333587852,-0.64965728679885,-0.584691558118965,-0.7146230154787351
2024-01-01 01:00:00,GEO-01,GEO,-3.0043512721817365,-0.5238105207125171,-0.4714294686412654,-0.5761915727837689
2024-01-01 01:15:00,GEO-01,GEO,-2.9371700064417676,-0.5513364970416837,-0.4962028473375154,-0.6064701467458522
2024-01-01 01:30:00,GEO-01,GEO,-2.8883205781953873,-0.47653082817869385,-0.42887774536082446,-0.5241839109965633
2024-01-01 01:45:00,GEO-01,GEO,-2.9193754180345253,-0.4965591340977277,-0.4469032206879549,-0.5462150475075005
2024-01-01 02:00:00,GEO-01,GEO,-3.3393677968122155,-0.3140883231833746,-0.28267949086503713,-0.34549715550171206
2024-01-01 02:15:00,GEO-01,GEO,-2.172455609687788,-0.38469894540527416,-0.34622905086474676,-0.4231688399458016
2024-01-01 02:30:00,GEO-01,GEO,-2.103458911800636,-0.3709446713886604,-0.33385020424979434,-0.40803913852752643
2024-01-01 02:45:00,GEO-01,GEO,-2.6856429549775696,-0.18176005532305223,-0.163584049790747,-0.19993606085535748
2024-01-01 03:00:00,GEO-01,GEO,-2.226688772761039,-0.3554068735996538,-0.31986618623968843,-0.3909475609596192
2024-01-01 03:15:00,GEO-01,GEO,-2.180988236820148,-0.10793722097248995,-0.09714349887524096,-0.11873094306973896
2024-01-01 03:30:00,GEO-01,GEO,-2.0199883292591463,-0.20431864645317632,-0.1838867818078587,-0.22475051109849398
2024-01-01 03:45:00,GEO-01,GEO,-2.292889201152611,0.0865988535616546,0.07793896820548914,0.09525873891782007
2024-01-01 04:00:00,GEO-01,GEO,-1.673770422164729,-0.007732307870036207,-0.006959077083032586,-0.008505538657039829
2024-01-01 04:15:00,GEO-01,GEO,-1.132086793781293,0.09190009150905004,0.08271008235814505,0.10109010065995505
2024-01-01 04:30:00,GEO-01,GEO,-0.3632564530985184,0.1799338546530251,0.1619404691877226,0.19792724011832763
2024-01-01 04:45:00,GEO-01,GEO,-0.8264616830610858,0.006003538123276669,0.005403184310949003,0.006603891935604337
2024-01-01 05:00:00,GEO-01,GEO,-0.7163532338229682,0.19400459159681202,0.17460413243713083,0.21340505075649324
2024-01-01 05:15:00,GEO-01,GEO,-0.711348482631238,0.4230814219458117,0.38077327975123054,0.46538956414039295
2024-01-01 05:30:00,GEO-01,GEO,-0.5366765358574733,0.4645183778624345,0.41806654007619104,0.510970215648678
2024-01-01 05:45:00,GEO-01,GEO,0.1307764415275649,0.4641928193526562,0.4177735374173906,0.5106121012879219
2024-01-01 06:00:00,GEO-01,GEO,0.2494504989369733,0.35800874775597424,0.32220787298037684,0.3938096225315717
2024-01-01 06:15:00,GEO-01,GEO,0.17825758201486014,0.6072784777859322,0.5465506300073391,0.6680063255645255
2024-01-01 06:30:00,GEO-01,GEO,0.2698423194219091,0.6743439108315935,0.6069095197484342,0.7417783019147529
2024-01-01 06:45:00,GEO-01,GEO,0.7349412627435635,0.6602859704059993,0.5942573733653994,0.7263145674465994
2024-01-01 07:00:00,GEO-01,GEO,0.8294916774729757,0.8285950629581753,0.7457355566623578,0.9114545692539929
2024-01-01 07:15:00,GEO-01,GEO,1.1921905107263848,0.6865589521841499,0.6179030569657349,0.755214847402565
2024-01-01 07:30:00,GEO-01,GEO,1.3266139138148016,0.7502968663623315,0.6752671797260984,0.8253265529985647
2024-01-01 07:45:00,GEO-01,GEO,1.710396453818086,0.5967937816012893,0.5371144034411603,0.6564731597614183
2024-01-01 08:00:00,GEO-01,GEO,1.6593361358294283,0.9786476334557337,0.8807828701101603,1.076512396801307
2024-01-01 08:15:00,GEO-01,GEO,2.555374699224897,0.9567554267760969,0.8610798840984872,1.0524309694537066
2024-01-01 08:30:00,GEO-01,GEO,3.2444355097299145,0.7930543142572766,0.7137488828315489,0.8723597456830043
2024-01-01 08:45:00,GEO-01,GEO,2.9457413830034733,0.818286844223973,0.7364581598015757,0.9001155286463703
2024-01-01 09:00:00,GEO-01,GEO,2.822803632389067,0.9367305339324238,0.8430574805391814,1.0304035873256663
2024-01-01 09:15:00,GEO-01,GEO,3.1835000336314723,1.1300489907591649,1.0170440916832484,1.2430538898350814
2024-01-01 09:30:00,GEO-01,GEO,2.7695781391200445,1.0440993073816072,0.9396893766434464,1.148509238119768
2024-01-01 09:45:00,GEO-01,GEO,2.741631544873097,1.0138050594000052,0.9124245534600047,1.1151855653400058
2024-01-01 10:00:00,GEO-01,GEO,3.583480266819179,1.0104646146158538,0.9094181531542684,1.1115110760774394
2024-01-01 10:15:00,GEO-01,GEO,3.314603422885911,1.0193837123774514,0.9174453411397063,1.1213220836151967
2024-01-01 10:30:00,GEO-01,GEO,3.186178040256973,0.9410887596114017,0.8469798836502616,1.0351976355725419
2024-01-01 10:45:00,GEO-01,GEO,3.429178862770317,1.020273023608831,0.918245721247948,1.1223003259697144
2024-01-01 11:00:00,GEO-01,GEO,3.4460309416323014,1.0370911787314396,0.9333820608582957,1.1408002966045836
2024-01-01 11:15:00,GEO-01,GEO,3.905706233472176,1.2121487239410538,1.0909338515469484,1.3333635963351593
2024-01-01 11:30:00,GEO-01,GEO,4.108260743376241,1.123687767939115,1.0113189911452036,1.2360565447330267
2024-01-01 11:45:00,GEO-01,GEO,4.256036140974077,1.0507611510183041,0.9456850359164738,1.1558372661201346
2024-01-01 12:00:00,GEO-01,GEO,4.301768388496402,1.3541011833119927,1.2186910649807934,1.489511301643192
2024-01-01 12:15:00,GEO-01,GEO,4.291275331190257,1.0433759387694188,0.939038344892477,1.1477135326463608
2024-01-01 12:30:00,GEO-01,GEO,4.021417883560899,1.2100314186794667,1.08902827681152,1.3310345605474134
2024-01-01 12:45:00,GEO-01,GEO,3.902788180440554,1.236010774043616,1.1124096966392543,1.3596118514479776
2024-01-01 13:00:00,GEO-01,GEO,3.631162630364801,0.8946232352844754,0.8051609117560279,0.984085558812923
2024-01-01 13:15:00,GEO-01,GEO,4.394888247626265,1.034004986421545,0.9306044877793905,1.1374054850636997
2024-01-01 13:30:00,GEO-01,GEO,3.9808162880385742,0.9472560164615497,0.8525304148153947,1.0419816181077046
2024-01-01 13:45:00,GEO-01,GEO,3.868119275403261,0.9090811897412502,0.8181730707671252,0.9999893087153753
2024-01-01 14:00:00,GEO-01,GEO,3.847510724212489,0.9922018341876807,0.8929816507689127,1.0914220176064489
2024-01-01 14:15:00,GEO-01,GEO,3.157951165716429,0.8399663566362127,0.7559697209725914,0.923962992299834
2024-01-01 14:30:00,GEO-01,GEO,3.600532400349567,0.8163259394338397,0.7346933454904557,0.8979585333772238
2024-01-01 14:45:00,GEO-01,GEO,3.35100421483404,0.8110506506097264,0.7299455855487538,0.8921557156706991
2024-01-01 15:00:00,GEO-01,GEO,2.8523359397441923,0.7509284507919144,0.6758356057127229,0.826021295871106
2024-01-01 15:15:00,GEO-01,GEO,3.0327893167147404,0.6299881835634412,0.5669893652070971,0.6929870019197854
2024-01-01 15:30:00,GEO-01,GEO,3.2299928087605942,0.7848926111297057,0.7064033500167352,0.8633818722426763
2024-01-01 15:45:00,GEO-01,GEO,3.050654508733586,0.7672058775014833,0.6904852897513349,0.8439264652516317
2024-01-01 16:00:00,GEO-01,GEO,2.8880910640715953,0.6530775484615047,0.5877697936153542,0.7183853033076552
2024-01-01 16:15:00,GEO-01,GEO,2.399244469120302,0.5369563751073841,0.48326073759664573,0.5906520126181226
2024-01-01 16:30:00,GEO-01,GEO,3.1610332035132207,0.45974252368916657,0.4137682713202499,0.5057167760580833
2024-01-01 16:45:00,GEO-01,GEO,1.7187101184682492,0.41553356093748683,0.3739802048437382,0.45708691703123555
2024-01-01 17:00:00,GEO-01,GEO,1.7153775420968347,0.6774692784096612,0.6097223505686951,0.7452162062506273
2024-01-01 17:15:00,GEO-01,GEO,1.6522629388208343,0.4917788694724626,0.44260098252521635,0.5409567564197089
2024-01-01 17:30:00,GEO-01,GEO,1.0766339296561664,0.2708961397033407,0.24380652573300662,0.2979857536736748
2024-01-01 17:45:00,GEO-01,GEO,1.643715981744272,0.32915635961166534,0.2962407236504988,0.36207199557283193
2024-01-01 18:00:00,GEO-01,GEO,1.8347664757322653,0.2352947209466893,0.21176524885202036,0.25882419304135823
2024-01-01 18:15:00,GEO-01,GEO,1.3944759276723526,0.29008238694477195,0.2610741482502948,0.31909062563924917
2024-01-01 18:30:00,GEO-01,GEO,1.052922723872451,0.24770359217116808,0.22293323295405126,0.2724739513882849
2024-01-01 18:45:00,GEO-01,GEO,0.5894259032401016,0.26506150267427075,0.2385553524068437,0.29156765294169784
2024-01-01 19:00:00,GEO-01,GEO,0.6269004312602559,0.03687832528616497,0.03319049275754848,0.04056615781478147
2024-01-01 19:15:00,GEO-01,GEO,0.9143830695524325,0.09971049039213115,0.08973944135291803,0.10968153943134427
2024-01-01 19:30:00,GEO-01,GEO,0.4578753827137347,-0.11607107820853735,-0.10446397038768361,-0.1276781860293911
2024-01-01 19:45:00,GEO-01,GEO,0.22717474648658162,-0.09499557247914409,-0.08549601523122968,-0.1044951297270585
2024-01-01 20:00:00,GEO-01,GEO,0.11556891149677628,0.09366575096262741,0.08429917586636468,0.10303232605889016
2024-01-01 20:15:00,GEO-01,GEO,0.1555395633556993,-0.11258990714787379,-0.10133091643308641,-0.12384889786266118
2024-01-01 20:30:00,GEO-01,GEO,-0.26609164350547787,-0.1215523714795768,-0.10939713433161913,-0.1337076086275345
2024-01-01 20:45:00,GEO-01,GEO,-0.39372639886987687,-0.055272543908519156,-0.04974528951766724,-0.06079979829937108
2024-01-01 21:00:00,GEO-01,GEO,-0.2142299940698945,0.0011116668590684387,0.0010005001731615947,0.0012228335449752826
2024-01-01 21:15:00,GEO-01,GEO,-0.7030279249742266,-0.1852095630265343,-0.16668860672388086,-0.20373051932918773
2024-01-01 21:30:00,GEO-01,GEO,-0.9699581917786064,-0.434732773274408,-0.39125949594696724,-0.47820605060184884
2024-01-01 21:45:00,GEO-01,GEO,-0.787695738619494,-0.17789545681425256,-0.16010591113282732,-0.19568500249567783
2024-01-01 22:00:00,GEO-01,GEO,-1.1695184717462355,0.0288243750112821,0.02594193751015389,0.03170681251241031
2024-01-01 22:15:00,GEO-01,GEO,-1.2956986084458904,-0.05489647924431521,-0.049406831319883694,-0.06038612716874674
2024-01-01 22:30:00,GEO-01,GEO,-0.8855120478966413,0.04912296714489678,0.0442106704304071,0.05403526385938646
2024-01-01 22:45:00,GEO-01,GEO,-1.426538402957136,-0.1870749918243392,-0.1683674926419053,-0.20578249100677315
2024-01-01 23:00:00,GEO-01,GEO,-2.1954915010826817,-0.22504223162909745,-0.20253800846618772,-0.2475464547920072
2024-01-01 23:15:00,GEO-01,GEO,-1.3436099339458774,0.0013419894799451479,0.001207790531950633,0.001476188427939663
2024-01-01 23:30:00,GEO-01,GEO,-1.602312283517024,-0.001357112300676245,-0.0012214010706086205,-0.0014928235307438695
2024-01-01 23:45:00,GEO-01,GEO,-1.5946317977695266,0.028063636576336398,0.02525727291870276,0.03087000023397004
2024-01-02 00:00:00,GEO-01,GEO,-1.3839126238880652,0.11692574902641012,0.1052331741237691,0.12861832392905115
2024-01-02 00:15:00,GEO-01,GEO,-1.5690647915583682,0.09508500747393323,0.08557650672653991,0.10459350822132656
2024-01-02 00:30:00,GEO-01,GEO,-1.441702223251926,0.12584992995379302,0.11326493695841372,0.13843492294917234
2024-01-02 00:45:00,GEO-01,GEO,-2.087287795234713,0.19213723367019384,0.17292351030317446,0.21135095703721324
2024-01-02 01:00:00,GEO-01,GEO,-1.7254332707610431,0.2090859973974827,0.18817739765773445,0.229994597137231
2024-01-02 01:15:00,GEO-01,GEO,-0.9708598389367172,0.28552665906060865,0.2569739931545478,0.3140793249666695
2024-01-02 01:30:00,GEO-01,GEO,-1.334900166068819,0.34416060950260696,0.3097445485523463,0.3785766704528677
2024-01-02 01:45:00,GEO-01,GEO,-1.7566303495536428,0.44244031197809425,0.39819628078028485,0.4866843431759037
2024-01-02 02:00:00,GEO-01,GEO,-1.4897910395810148,0.2725889289278944,0.24533003603510495,0.29984782182068387
2024-01-02 02:15:00,GEO-01,GEO,-1.3677707644739998,0.4359021710618505,0.3923119539556654,0.4794923881680356
2024-01-02 02:30:00,GEO-01,GEO,-0.9301165275673179,0.40307133834716585,0.3627642045124493,0.4433784721818825
2024-01-02 02:45:00,GEO-01,GEO,-0.9706913361033976,0.4107356330472668,0.3696620697425401,0.4518091963519935
2024-01-02 03:00:00,GEO-01,GEO,-0.9084580404852979,0.4806584148839055,0.43259257339551493,0.528724256372296
2024-01-02 03:15:00,GEO-01,GEO,-0.5695133906011581,0.6559583247870793,0.5903624923083713,0.7215541572657873
2024-01-02 03:30:00,GEO-01,GEO,-0.27808735516304706,0.7062584248032895,0.6356325823229606,0.7768842672836185
2024-01-02 03:45:00,GEO-01,GEO,-0.341139993997587,0.7633507019168337,0.6870156317251503,0.8396857721085171
2024-01-02 04:00:00,GEO-01,GEO,-0.28219789874427204,0.7603023810528612,0.6842721429475751,0.8363326191581474
2024-01-02 04:15:00,GEO-01,GEO,-0.06270960252983904,0.8432464229000733,0.758921780610066,0.9275710651900807
2024-01-02 04:30:00,GEO-01,GEO,0.34598622427333836,0.984955412931369,0.8864598716382321,1.083450954224506
2024-01-02 04:45:00,GEO-01,GEO,0.4281971628188612,0.8145360201449122,0.733082418130421,0.8959896221594035
2024-01-02 05:00:00,GEO-01,GEO,0.8523128656493526,1.026030613950508,0.9234275525554572,1.1286336753455588
2024-01-02 05:15:00,GEO-01,GEO,0.4734872401753917,1.0922257741849866,0.983003196766488,1.2014483516034853
2024-01-02 05:30:00,GEO-01,GEO,0.7859415848144181,1.2175756307082617,1.0958180676374356,1.339333193779088
2024-01-02 05:45:00,GEO-01,GEO,1.4536295494075493,1.0653680859740033,0.958831277376603,1.1719048945714037
2024-01-02 06:00:00,GEO-01,GEO,0.7491627969583222,1.4069718078054183,1.2662746270248766,1.5476689885859602
2024-01-02 06:15:00,GEO-01,GEO,1.611701071181975,1.3345945024980779,1.2011350522482702,1.4680539527478857
2024-01-02 06:30:00,GEO-01,GEO,1.8254404209929596,1.394165334835694,1.2547488013521246,1.5335818683192635
2024-01-02 06:45:00,GEO-01,GEO,2.0287364561153107,1.3799496017155546,1.2419546415439993,1.5179445618871101
2024-01-02 07:00:00,GEO-01,GEO,1.5529649244717056,1.5245835317338652,1.3721251785604787,1.677041884907252
2024-01-02 07:15:00,GEO-01,GEO,2.0444882054027063,1.5242008645806235,1.3717807781225613,1.676620951038686
2024-01-02 07:30:00,GEO-01,GEO,2.0749901567083002,1.686684146878126,1.5180157321903134,1.8553525615659388
2024-01-02 07:45:00,GEO-01,GEO,2.6981114137487494,1.4656088430586605,1.3190479587527943,1.6121697273645266
2024-01-02 08:00:00,GEO-01,GEO,3.1270491214856238,1.6687227937851685,1.5018505144066516,1.8355950731636854
2024-01-02 08:15:00,GEO-01,GEO,3.0660496099840784,1.7307237936219773,1.5576514142597795,1.903796172984175
2024-01-02 08:30:00,GEO-01,GEO,2.98988066636209,1.707102435689441,1.536392192120497,1.8778126792583854
2024-01-02 08:45:00,GEO-01,GEO,3.0541834420448883,1.7181834902478352,1.5463651412230517,1.890001839272619
2024-01-02 09:00:00,GEO-01,GEO,3.528133922737509,1.7522011971278055,1.576981077415025,1.9274213168405863
2024-01-02 09:15:00,GEO-01,GEO,3.128305426320162,1.8326504518530635,1.6493854066677571,2.01591549703837
2024-01-02 09:30:00,GEO-01,GEO,3.8094003170700654,1.657642794447551,1.4918785150027958,1.823407073892306
2024-01-02 09:45:00,GEO-01,GEO,3.518408294931647,1.9552885755275122,1.759759717974761,2.1508174330802636
2024-01-02 10:00:00,GEO-01,GEO,4.146151054208684,1.82756634550977,1.644809710958793,2.010322980060747
2024-01-02 10:15:00,GEO-01,GEO,4.036381155976966,1.9017585062520999,1.7115826556268898,2.09193435687731
2024-01-02 10:30:00,GEO-01,GEO,4.082318597423476,1.9356701447561155,1.7421031302805041,2.129237159231727
2024-01-02 10:45:00,GEO-01,GEO,4.036318978086881,1.852935396397324,1.6676418567575917,2.0382289360370565
2024-01-02 11:00:00,GEO-01,GEO,4.2867895729573995,1.895548474354408,1.7059936269189673,2.085103321789849
2024-01-02 11:15:00,GEO-01,GEO,4.640830555895047,1.7048657045879396,1.5343791341291457,1.8753522750467337
2024-01-02 11:30:00,GEO-01,GEO,4.855398535889013,1.9779757623422354,1.780178186108012,2.1757733385764593
2024-01-02 11:45:00,GEO-01,GEO,4.756262499147564,2.005829863707419,1.805246877336677,2.206412850078161
2024-01-02 12:00:00,GEO-01,GEO,5.051251094439992,1.71753288093265,1.545779592839385,1.889286169025915
2024-01-02 12:15:00,GEO-01,GEO,5.435141254548722,1.8336196708096106,1.6502577037286497,2.016981637890572
2024-01-02 12:30:00,GEO-01,GEO,4.594836810894691,1.734837517772174,1.5613537659949566,1.9083212695493916
2024-01-02 12:45:00,GEO-01,GEO,4.636687831458477,1.8206292144712553,1.6385662930241298,2.002692135918381
2024-01-02 13:00:00,GEO-01,GEO,4.260212630574991,1.8809862308774556,1.6928876077897101,2.0690848539652014
2024-01-02 13:15:00,GEO-01,GEO,5.030828779375996,1.8898429082950012,1.7008586174655012,2.0788271991245013
2024-01-02 13:30:00,GEO-01,GEO,5.032571416350204,1.8756980288502088,1.688128225965188,2.0632678317352298
2024-01-02 13:45:00,GEO-01,GEO,4.339706868845374,1.8645313402215575,1.6780782061994017,2.0509844742437133
2024-01-02 14:00:00,GEO-01,GEO,4.730449800955454,1.678926203016585,1.5110335827149266,1.8468188233182437
2024-01-02 14:15:00,GEO-01,GEO,4.844096513146999,1.5520608717603497,1.3968547845843147,1.7072669589363847
2024-01-02 14:30:00,GEO-01,GEO,4.469541981929934,1.6189671423908414,1.4570704281517572,1.7808638566299257
2024-01-02 14:45:00,GEO-01,GEO,4.567817955808173,1.655692218757765,1.4901229968819885,1.8212614406335417
2024-01-02 15:00:00,GEO-01,GEO,4.267696532796108,1.430045727892636,1.2870411551033725,1.5730503006818997
2024-01-02 15:15:00,GEO-01,GEO,3.742035699015257,1.6778622279646296,1.5100760051681668,1.8456484507610926
2024-01-02 15:30:00,GEO-01,GEO,4.30446969282995,1.559594142876144,1.4036347285885296,1.7155535571637586
2024-01-02 15:45:00,GEO-01,GEO,4.261069294518893,1.4061993951627405,1.2655794556464666,1.5468193346790147
2024-01-02 16:00:00,GEO-01,GEO,3.949667150434494,1.3121318248220104,1.1809186423398095,1.4433450073042116
2024-01-02 16:15:00,GEO-01,GEO,3.3012969576978026,1.2722028604534967,1.144982574408147,1.3994231464988465
2024-01-02 16:30:00,GEO-01,GEO,3.213846542789967,1.3021875470573119,1.1719687923515807,1.4324063017630433
2024-01-02 16:45:00,GEO-01,GEO,2.94555498681623,1.2274586353122479,1.104712771781023,1.3502044988434727
2024-01-02 17:00:00,GEO-01,GEO,3.35581830984456,1.3012852457898045,1.171156721210824,1.431413770368785
2024-01-02 17:15:00,GEO-01,GEO,3.340895064548356,1.1282007848406868,1.015380706356618,1.2410208633247555
2024-01-02 17:30:00,GEO-01,GEO,2.9194609832144547,1.1699606569779764,1.0529645912801788,1.286956722675774
2024-01-02 17:45:00,GEO-01,GEO,2.9029852147949757,1.0742974168056159,0.9668676751250543,1.1817271584861775
2024-01-02 18:00:00,GEO-01,GEO,2.35080554996918,1.0630184875514843,0.956716638796336,1.169320336306633
2024-01-02 18:15:00,GEO-01,GEO,2.479925532500675,0.9732000341246548,0.8758800307121893,1.0705200375371204
2024-01-02 18:30:00,GEO-01,GEO,1.8496774913780931,1.0286285643723476,0.9257657079351129,1.1314914208095825
2024-01-02 18:45:00,GEO-01,GEO,1.8537989880549093,0.9934578736678841,0.8941120863010957,1.0928036610346725
2024-01-02 19:00:00,GEO-01,GEO,2.17467114274538,0.9324302020897506,0.8391871818807756,1.0256732222987257
2024-01-02 19:15:00,GEO-01,GEO,1.6667824803814009,0.91449172159842,0.823042549438578,1.0059408937582621
2024-01-02 19:30:00,GEO-01,GEO,1.9317295488516923,0.7288500708880616,0.6559650637992555,0.8017350779768678
2024-01-02 19:45:00,GEO-01,GEO,1.5640145342245766,0.8275663622097897,0.7448097259888108,0.9103229984307688
2024-01-02 20:00:00,GEO-01,GEO,2.0609024820477106,0.8946791724106152,0.8052112551695537,0.9841470896516769
2024-01-02 20:15:00,GEO-01,GEO,1.1116546188115235,0.7961222570497601,0.7165100313447842,0.8757344827547362
2024-01-02 20:30:00,GEO-01,GEO,0.510293137613022,0.6239700864002079,0.5615730777601872,0.6863670950402287
2024-01-02 20:45:00,GEO-01,GEO,0.7770022578325817,0.7050819409367294,0.6345737468430565,0.7755901350304024
2024-01-02 21:00:00,GEO-01,GEO,0.36074810033518256,0.7336366859635368,0.6602730173671831,0.8070003545598906
2024-01-02 21:15:00,GEO-01,GEO,0.8129015093730902,0.6096364932221954,0.5486728438999758,0.6706001425444149
2024-01-02 21:30:00,GEO-01,GEO,0.41086381378562187,0.5420243182844166,0.4878218864559749,0.5962267501128583
2024-01-02 21:45:00,GEO-01,GEO,0.244626487708817,0.6420204089115974,0.5778183680204376,0.7062224498027572
2024-01-02 22:00:00,GEO-01,GEO,0.14567228868687832,0.5986816547743793,0.5388134892969414,0.6585498202518173
2024-01-02 22:15:00,GEO-01,GEO,0.3121927764681083,0.673864440870152,0.6064779967831367,0.7412508849571672
2024-01-02 22:30:00,GEO-01,GEO,-0.127929381352058,0.5220983503716979,0.46988851533452813,0.5743081854088677
2024-01-02 22:45:00,GEO-01,GEO,0.16960375905148528,0.7470800569976972,0.6723720512979275,0.821788062697467
2024-01-02 23:00:00,GEO-01,GEO,0.19017408598010244,0.6399402199631239,0.5759461979668116,0.7039342419594363
2024-01-02 23:15:00,GEO-01,GEO,-0.27446640860427507,0.8191656862384784,0.7372491176146306,0.9010822548623263
2024-01-02 23:30:00,GEO-01,GEO,-0.4860299115165314,0.7114540583063327,0.6403086524756995,0.782599464136966
2024-01-02 23:45:00,GEO-01,GEO,-0.386338913829385,0.759472628255314,0.6835253654297826,0.8354198910808455
2024-01-03 00:00:00,GEO-01,GEO,-0.03131932744908411,0.7708259252468128,0.6937433327221315,0.8479085177714941
2024-01-03 00:15:00,GEO-01,GEO,-0.21606143529787195,0.7486038744278313,0.6737434869850482,0.8234642618706145
2024-01-03 00:30:00,GEO-01,GEO,-0.04171996841020237,1.0970194452221718,0.9873175006999546,1.2067213897443891
2024-01-03 00:45:00,GEO-01,GEO,0.3237293487048236,0.8355532428445025,0.7519979185600523,0.9191085671289528
2024-01-03 01:00:00,GEO-01,GEO,-0.09778868904747667,1.0256998147804972,0.9231298333024475,1.128269796258547
2024-01-03 01:15:00,GEO-01,GEO,-0.35928710566176647,0.8549224996376797,0.7694302496739118,0.9404147496014478
2024-01-03 01:30:00,GEO-01,GEO,0.2633335502332339,1.045024994489216,0.9405224950402945,1.1495274939381377
2024-01-03 01:45:00,GEO-01,GEO,0.036270717177163514,1.1016619766023386,0.9914957789421047,1.2118281742625725
2024-01-03 02:00:00,GEO-01,GEO,0.2879373994118275,1.0995936920636007,0.9896343228572406,1.2095530612699608
2024-01-03 02:15:00,GEO-01,GEO,0.4440993939402881,1.0952488167119694,0.9857239350407725,1.2047736983831665
2024-01-03 02:30:00,GEO-01,GEO,-0.05428851989624006,1.1782748133006515,1.0604473319705865,1.2961022946307168
2024-01-03 02:45:00,GEO-01,GEO,0.7679275706765979,1.2182659099330326,1.0964393189397295,1.340092500926336
2024-01-03 03:00:00,GEO-01,GEO,0.7550679795966221,1.554318403530639,1.398886563177575,1.7097502438837031
2024-01-03 03:15:00,GEO-01,GEO,0.4423688476880713,1.3687057924415962,1.2318352131974366,1.505576371685756
2024-01-03 03:30:00,GEO-01,GEO,0.8641558923321552,1.4814253755462343,1.3332828379916108,1.6295679131008578
2024-01-03 03:45:00,GEO-01,GEO,1.0079655880821212,1.665975336390678,1.4993778027516103,1.832572870029746
2024-01-03 04:00:00,GEO-01,GEO,1.3348789205508527,1.4597452073675277,1.313770686630775,1.6057197281042805
2024-01-03 04:15:00,GEO-01,GEO,1.7627985728872027,1.611174299454179,1.450056869508761,1.772291729399597
2024-01-03 04:30:00,GEO-01,GEO,2.1127313461887574,1.6407648585307764,1.4766883726776987,1.8048413443838542
2024-01-03 04:45:00,GEO-01,GEO,1.870087632295777,1.7193648099166579,1.5474283289249922,1.8913012909083238
2024-01-03 05:00:00,GEO-01,GEO,2.4588727251004014,1.7701685357510493,1.5931516821759444,1.9471853893261544
2024-01-03 05:15:00,GEO-01,GEO,2.5523703092462866,1.774545779164437,1.5970912012479934,1.9520003570808808
2024-01-03 05:30:00,GEO-01,GEO,2.525715776725782,1.9262895606553125,1.7336606045897813,2.1189185167208437
2024-01-03 05:45:00,GEO-01,GEO,2.7120260819278252,1.858632977781827,1.6727696800036442,2.0444962755600096
2024-01-03 06:00:00,GEO-01,GEO,2.5187728476812254,2.12085003533973,1.9087650318057572,2.3329350388737033
2024-01-03 06:15:00,GEO-01,GEO,2.621097146756019,2.140065769075838,1.9260591921682542,2.354072345983422
2024-01-03 06:30:00,GEO-01,GEO,3.3282169778783044,2.08266432688495,1.8743978941964552,2.2909307595734454
2024-01-03 06:45:00,GEO-01,GEO,3.2290913639349186,2.14009257366654,1.9260833162998863,2.3541018310331943
2024-01-03 07:00:00,GEO-01,GEO,3.68009763663475,2.2628356808441574,2.036552112759742,2.4891192489285734
2024-01-03 07:15:00,GEO-01,GEO,3.735852207488315,2.2040542563468457,1.9836488307121611,2.4244596819815305
2024-01-03 07:30:00,GEO-01,GEO,3.561302259091159,2.51148729323612,2.260338563912508,2.7626360225597324
2024-01-03 07:45:00,GEO-01,GEO,4.403185303043153,2.4100541690893498,2.169048752180415,2.651059585998285
2024-01-03 08:00:00,GEO-01,GEO,4.519714004455201,2.4549978542896387,2.209498068860675,2.700497639718603
2024-01-03 08:15:00,GEO-01,GEO,4.857038309745782,2.522520395175114,2.2702683556576027,2.774772434692626
2024-01-03 08:30:00,GEO-01,GEO,4.748207191241356,2.4322966760738947,2.1890670084665054,2.6755263436812844
2024-01-03 08:45:00,GEO-01,GEO,5.092405967566306,2.6320543991121683,2.3688489592009514,2.8952598390233852
2024-01-03 09:00:00,GEO-01,GEO,5.8305278559787155,2.564453590001374,2.3080082310012364,2.8208989490015113
2024-01-03 09:15:00,GEO-01,GEO,5.562738698034153,2.674704400371315,2.4072339603341835,2.942174840408447
2024-01-03 09:30:00,GEO-01,GEO,5.84237832156432,2.58334670024394,2.325012030219546,2.841681370268334
2024-01-03 09:45:00,GEO-01,GEO,5.440559942937293,2.7550182304494593,2.4795164074045135,3.0305200534944055
2024-01-03 10:00:00,GEO-01,GEO,6.738612859624371,2.680217223336985,2.412195501003287,2.948238945670684
2024-01-03 10:15:00,GEO-01,GEO,6.699601979518513,2.8717322672882815,2.584559040559453,3.1589054940171097
2024-01-03 10:30:00,GEO-01,GEO,6.669744047388438,2.6265110847502373,2.3638599762752137,2.8891621932252614
2024-01-03 10:45:00,GEO-01,GEO,6.612517966503464,2.6904742030928457,2.4214267827835614,2.9595216234021304
2024-01-03 11:00:00,GEO-01,GEO,6.460271547152284,2.569998018722443,2.312998216850199,2.8269978205946877
2024-01-03 11:15:00,GEO-01,GEO,6.668531704381341,2.61996323325102,2.357966909925918,2.8819595565761222
2024-01-03 11:30:00,GEO-01,GEO,6.9185617587983685,2.7311353847488697,2.458021846273983,3.004248923223757
2024-01-03 11:45:00,GEO-01,GEO,6.471672609490911,2.7752587357843037,2.4977328622058734,3.0527846093627344
2024-01-03 12:00:00,GEO-01,GEO,6.570650996835574,2.948636599653749,2.6537729396883742,3.243500259619124
2024-01-03 12:15:00,GEO-01,GEO,6.23456821492723,2.6291093961720664,2.36619845655486,2.8920203357892733
2024-01-03 12:30:00,GEO-01,GEO,6.522553857902799,2.5290064431868458,2.2761057988681612,2.7819070875055307
2024-01-03 12:45:00,GEO-01,GEO,7.258753848756043,2.6782391510128716,2.4104152359115845,2.946063066114159
2024-01-03 13:00:00,GEO-01,GEO,6.65386642052149,2.4678432037103826,2.2210588833393445,2.714627524081421
2024-01-03 13:15:00,GEO-01,GEO,6.640172013575198,2.612043085527164,2.3508387769744474,2.8732473940798804
2024-01-03 13:30:00,GEO-01,GEO,6.799997964788458,2.4777904666432606,2.2300114199789345,2.725569513307587
2024-01-03 13:45:00,GEO-01,GEO,6.178098006494347,2.5191397831455253,2.267225804830973,2.7710537614600783
2024-01-03 14:00:00,GEO-01,GEO,6.890687537314848,2.5747754194337595,2.317297877490384,2.8322529613771357
2024-01-03 14:15:00,GEO-01,GEO,6.920812813651293,2.420186720080773,2.178168048072696,2.6622053920888504
2024-01-03 14:30:00,GEO-01,GEO,6.576759863704861,2.488217409209652,2.239395668288687,2.7370391501306175
2024-01-03 14:45:00,GEO-01,GEO,6.870918304965496,2.4441846517444734,2.199766186570026,2.688603116918921
2024-01-03 15:00:00,GEO-01,GEO,5.879112582344372,2.1308418815089665,1.9177576933580698,2.3439260696598634
2024-01-03 15:15:00,GEO-01,GEO,6.722122389035051,2.1861917863714,1.9675726077342601,2.40481096500854
2024-01-03 15:30:00,GEO-01,GEO,5.832358537151254,2.078127931215711,1.87031513809414,2.2859407243372822
2024-01-03 15:45:00,GEO-01,GEO,5.541477159072161,2.3915331506140385,2.152379835552635,2.6306864656754425
2024-01-03 16:00:00,GEO-01,GEO,5.720014725594948,2.1371831536745534,1.923464838307098,2.3509014690420087
2024-01-03 16:15:00,GEO-01,GEO,6.211163323414389,2.281701218216577,2.053531096394919,2.509871340038235
2024-01-03 16:30:00,GEO-01,GEO,5.4952832109057494,1.8959750259782497,1.7063775233804248,2.085572528576075
2024-01-03 16:45:00,GEO-01,GEO,5.066821388770533,1.9576253814855817,1.7618628433370236,2.15338791963414
2024-01-03 17:00:00,GEO-01,GEO,4.798257842507832,2.050788122793291,1.845709310513962,2.2558669350726204
2024-01-03 17:15:00,GEO-01,GEO,4.99075813938973,1.9449291564687698,1.750436240821893,2.139422072115647
2024-01-03 17:30:00,GEO-01,GEO,4.255542121516683,1.9371997935533223,1.7434798141979901,2.130919772908655
2024-01-03 17:45:00,GEO-01,GEO,4.2926821698148085,1.7163124101989284,1.5446811691790356,1.8879436512188215
2024-01-03 18:00:00,GEO-01,GEO,4.972143969331586,1.9382352294548189,1.744411706509337,2.132058752400301
2024-01-03 18:15:00,GEO-01,GEO,4.731271915728432,1.8384106156151736,1.6545695540536562,2.022251677176691
2024-01-03 18:30:00,GEO-01,GEO,4.120240961241948,1.7625228891516846,1.5862706002365161,1.9387751780668532
2024-01-03 18:45:00,GEO-01,GEO,3.8437595783373912,1.6171461658858446,1.4554315492972603,1.7788607824744291
2024-01-03 19:00:00,GEO-01,GEO,3.8267475457910436,1.683320640623282,1.5149885765609536,1.8516527046856102
2024-01-03 19:15:00,GEO-01,GEO,4.34118570818552,1.589094619339272,1.430185157405345,1.7480040812731994
2024-01-03 19:30:00,GEO-01,GEO,3.588533407087739,1.4227411559937422,1.280467040394368,1.5650152715931165
2024-01-03 19:45:00,GEO-01,GEO,3.573673782415793,1.554702829101893,1.3992325461917037,1.7101731120120824
2024-01-03 20:00:00,GEO-01,GEO,2.729211202125526,1.5185892841947588,1.366730355775283,1.6704482126142348
2024-01-03 20:15:00,GEO-01,GEO,2.651166597446901,1.617725279690474,1.4559527517214266,1.7794978076595216
2024-01-03 20:30:00,GEO-01,GEO,2.675736152349413,1.2681025208040915,1.1412922687236824,1.3949127728845008
2024-01-03 20:45:00,GEO-01,GEO,2.3745622285540384,1.4980819031422585,1.3482737128280327,1.6478900934564844
2024-01-03 21:00:00,GEO-01,GEO,1.6298123189542362,1.3450854156741454,1.2105768741067309,1.4795939572415602
2024-01-03 21:15:00,GEO-01,GEO,2.4532823631782277,1.4818021074867331,1.3336218967380598,1.6299823182354065
2024-01-03 21:30:00,GEO-01,GEO,1.7631023166590292,1.4797827718696337,1.3318044946826704,1.6277610490565972
2024-01-03 21:45:00,GEO-01,GEO,2.468575950868844,1.4294490463973817,1.2865041417576435,1.5723939510371199
2024-01-03 22:00:00,GEO-01,GEO,1.6893058460672785,1.5179975364074092,1.3661977827666683,1.6697972900481504
2024-01-03 22:15:00,GEO-01,GEO,1.4117215426618213,1.31522006645433,1.183698059808897,1.4467420730997633
2024-01-03 22:30:00,GEO-01,GEO,1.4399467172684792,1.5565141885046483,1.4008627696541835,1.7121656073551133
2024-01-03 22:45:00,GEO-01,GEO,1.204278740897456,1.3843053924798192,1.2458748532318373,1.5227359317278013
2024-01-03 23:00:00,GEO-01,GEO,1.0309121925466107,1.3123141867986217,1.1810827681187595,1.4435456054784839
2024-01-03 23:15:00,GEO-01,GEO,1.1907948704491693,1.4568541938755126,1.3111687744879614,1.602539613263064
2024-01-03 23:30:00,GEO-01,GEO,1.357620501289023,1.2941315183731232,1.164718366535811,1.4235446702104357
2024-01-03 23:45:00,GEO-01,GEO,0.9285310437539227,1.5519322504735342,1.396739025426181,1.7071254755208878
2024-01-04 00:00:00,GEO-01,GEO,0.869316037855957,1.5267076972136335,1.3740369274922701,1.679378466934997
2024-01-04 00:15:00,GEO-01,GEO,0.9498875978480013,1.7052918639306145,1.5347626775375531,1.875821050323676
2024-01-04 00:30:00,GEO-01,GEO,1.3552001650496144,1.679187248400758,1.5112685235606822,1.847105973240834
2024-01-04 00:45:00,GEO-01,GEO,1.5309524681386772,1.5104435552815811,1.3593991997534232,1.6614879108097393
2024-01-04 01:00:00,GEO-01,GEO,1.2418686545378357,1.604012241777294,1.4436110175995647,1.7644134659550235
2024-01-04 01:15:00,GEO-01,GEO,1.3581274888521697,1.7808551646525914,1.6027696481873324,1.9589406811178507
2024-01-04 01:30:00,GEO-01,GEO,1.0575355272810973,1.8570230847335545,1.6713207762601991,2.04272539320691
2024-01-04 01:45:00,GEO-01,GEO,1.5842281412050814,1.9405281800529943,1.746475362047695,2.134580998058294
2024-01-04 02:00:00,GEO-01,GEO,1.573270323065167,1.987965646659102,1.7891690819931918,2.1867622113250125
2024-01-04 02:15:00,GEO-01,GEO,1.2927474111446755,1.9079003560062904,1.7171103204056615,2.0986903916069197
2024-01-04 02:30:00,GEO-01,GEO,1.0786583932642078,2.005375894142316,1.8048383047280845,2.205913483556548
2024-01-04 02:45:00,GEO-01,GEO,1.3687011259524073,2.1529720388798754,1.937674834991888,2.3682692427678633
2024-01-04 03:00:00,GEO-01,GEO,1.664316540967246,2.0482882575086525,1.8434594317577873,2.253117083259518
2024-01-04 03:15:00,GEO-01,GEO,2.3536673225694114,2.1734420484352417,1.9560978435917176,2.3907862532787663
2024-01-04 03:30:00,GEO-01,GEO,2.6202250569346464,2.160751748067025,1.9446765732603226,2.376826922873728
2024-01-04 03:45:00,GEO-01,GEO,2.180493945957754,2.1972213442567496,1.9774992098310746,2.4169434786824247
2024-01-04 04:00:00,GEO-01,GEO,2.3560497732109407,2.31671891434868,2.085047022913812,2.5483908057835483
2024-01-04 04:15:00,GEO-01,GEO,2.7304362958664443,2.3031572593585774,2.0728415334227197,2.5334729852944355
2024-01-04 04:30:00,GEO-01,GEO,2.835893403241885,2.4190952027770916,2.1771856824993825,2.661004723054801
2024-01-04 04:45:00,GEO-01,GEO,3.2979009484970394,2.3889864963669347,2.150087846730241,2.6278851460036283
2024-01-04 05:00:00,GEO-01,GEO,3.0533769014638716,2.5335736220997145,2.2802162598897433,2.786930984309686
2024-01-04 05:15:00,GEO-01,GEO,3.6913774252605718,2.6570758454441963,2.391368260899777,2.922783429988616
2024-01-04 05:30:00,GEO-01,GEO,3.534984492743143,2.6123755068901184,2.3511379562011068,2.8736130575791305
2024-01-04 05:45:00,GEO-01,GEO,4.066089221463704,2.7303287591316794,2.4572958832185114,3.0033616350448478
2024-01-04 06:00:00,GEO-01,GEO,4.294095016673331,2.8003993493261086,2.5203594143934978,3.08043928425872
2024-01-04 06:15:00,GEO-01,GEO,4.398263956026312,2.887491605947663,2.598742445352897,3.1762407665424295
2024-01-04 06:30:00,GEO-01,GEO,5.363270126578148,2.883155952745981,2.594840357471383,3.1714715480205795
2024-01-04 06:45:00,GEO-01,GEO,5.316302860228468,3.05768086834586,2.7519127815112743,3.3634489551804463
2024-01-04 07:00:00,GEO-01,GEO,4.665239645386725,2.7896960668192916,2.5107264601373624,3.068665673501221
2024-01-04 07:15:00,GEO-01,GEO,5.273083672687016,3.342187400979393,3.0079686608814535,3.6764061410773325
2024-01-04 07:30:00,GEO-01,GEO,5.9701927832995345,3.007679232774032,2.706911309496629,3.3084471560514355
2024-01-04 07:45:00,GEO-01,GEO,5.44786049587876,3.179103926910732,2.861193534219659,3.4970143196018055
2024-01-04 08:00:00,GEO-01,GEO,6.231967139635681,3.086328076485837,2.7776952688372534,3.394960884134421
2024-01-04 08:15:00,GEO-01,GEO,6.389785621731056,3.283306031445467,2.9549754283009206,3.611636634590014
2024-01-04 08:30:00,GEO-01,GEO,6.163089394609136,3.2824032470955475,2.9541629223859927,3.6106435718051024
2024-01-04 08:45:00,GEO-01,GEO,6.546896122617563,3.2225853755543334,2.9003268379989002,3.544843913109767
2024-01-04 09:00:00,GEO-01,GEO,6.092098583756346,3.42481231627601,3.082331084648409,3.7672935479036114
2024-01-04 09:15:00,GEO-01,GEO,7.411992947689431,3.327797093666392,2.9950173842997527,3.6605768030330315
2024-01-04 09:30:00,GEO-01,GEO,6.9414677599930235,3.422366935061625,3.0801302415554623,3.7646036285677877
2024-01-04 09:45:00,GEO-01,GEO,7.419655495119562,3.2960777556118885,2.9664699800506997,3.625685531173078
2024-01-04 10:00:00,GEO-01,GEO,7.7052494122139965,3.4014974254325,3.06134768288925,3.74164716797575
2024-01-04 10:15:00,GEO-01,GEO,8.053137025817092,3.618325619943935,3.2564930579495415,3.9801581819383287
2024-01-04 10:30:00,GEO-01,GEO,7.629917315396903,3.5242631276990246,3.1718368149291223,3.8766894404689274
2024-01-04 10:45:00,GEO-01,GEO,7.924229928844981,3.4652846673840276,3.118756200645625,3.811813134122431
2024-01-04 11:00:00,GEO-01,GEO,8.122656261823423,3.3927668890036307,3.0534902001032678,3.732043577903994
2024-01-04 11:15:00,GEO-01,GEO,8.296866914115206,3.4441462389482935,3.0997316150534644,3.788560862843123
2024-01-04 11:30:00,GEO-01,GEO,8.449657074487298,3.453526657336469,3.108173991602822,3.798879323070116
2024-01-04 11:45:00,GEO-01,GEO,8.016223951925765,3.47175246387748,3.124577217489732,3.8189277102652284
2024-01-04 12:00:00,GEO-01,GEO,8.00392732447474,3.308972842019062,2.9780755578171556,3.6398701262209685
2024-01-04 12:15:00,GEO-01,GEO,8.642536269893581,3.4701164112837746,3.1231047701553973,3.8171280524121523
2024-01-04 12:30:00,GEO-01,GEO,7.642171738102923,3.2778718024770916,2.9500846222293826,3.605658982724801
2024-01-04 12:45:00,GEO-01,GEO,8.730567951101136,3.530522488558486,3.1774702397026373,3.883574737414335
2024-01-04 13:00:00,GEO-01,GEO,8.162638212608446,3.267966421873975,2.9411697796865774,3.5947630640613726
2024-01-04 13:15:00,GEO-01,GEO,8.233352174196023,3.3497815070472594,3.0148033563425334,3.6847596577519854
2024-01-04 13:30:00,GEO-01,GEO,7.999160012086019,3.3930336239456285,3.0537302615510655,3.7323369863401914
2024-01-04 13:45:00,GEO-01,GEO,8.146502490350704,3.2372456101161946,2.9135210491045753,3.5609701711278143
2024-01-04 14:00:00,GEO-01,GEO,8.44591007697625,3.2642341394824306,2.9378107255341877,3.590657553430674
2024-01-04 14:15:00,GEO-01,GEO,8.229645266372039,3.339281546262999,3.005353391636699,3.673209700889299
2024-01-04 14:30:00,GEO-01,GEO,8.068872508100256,3.215873127921268,2.894285815129141,3.537460440713395
2024-01-04 14:45:00,GEO-01,GEO,7.859670489754561,3.156927188205143,2.841234469384629,3.4726199070256576
2024-01-04 15:00:00,GEO-01,GEO,7.300974699336906,2.913299823212979,2.621969840891681,3.2046298055342772
2024-01-04 15:15:00,GEO-01,GEO,7.373262154547572,2.9474829640560865,2.6527346676504777,3.242231260461695
2024-01-04 15:30:00,GEO-01,GEO,7.406116166024202,3.1035039584754136,2.7931535626278725,3.413854354322955
2024-01-04 15:45:00,GEO-01,GEO,7.520251594273156,3.012857799250318,2.711572019325286,3.31414357917535
2024-01-04 16:00:00,GEO-01,GEO,7.269623692206008,2.9843723019519452,2.685935071756751,3.28280953214714
2024-01-04 16:15:00,GEO-01,GEO,7.402108490073633,2.9316613184965536,2.638495186646898,3.224827450346209
2024-01-04 16:30:00,GEO-01,GEO,7.100699648387279,2.9527492352251365,2.657474311702623,3.2480241587476506
2024-01-04 16:45:00,GEO-01,GEO,6.820399638013815,2.753265559800071,2.477939003820064,3.0285921157800786
2024-01-04 17:00:00,GEO-01,GEO,7.326964553015347,2.7472916228507755,2.472562460565698,3.022020785135853
2024-01-04 17:15:00,GEO-01,GEO,6.601657275222029,2.5886375910683443,2.3297738319615098,2.847501350175179
2024-01-04 17:30:00,GEO-01,GEO,6.181943511394872,2.520614874283493,2.2685533868551437,2.7726763617118424
2024-01-04 17:45:00,GEO-01,GEO,6.6982257031323265,2.4418224903746024,2.197640241337142,2.6860047394120627
2024-01-04 18:00:00,GEO-01,GEO,6.7725408641915585,2.4765418586220926,2.2288876727598836,2.724196044484302
2024-01-04 18:15:00,GEO-01,GEO,6.782312836549884,2.6804685159435606,2.4124216643492047,2.948515367537917
2024-01-04 18:30:00,GEO-01,GEO,6.028678750408677,2.331590960176082,2.098431864158474,2.5647500561936902
2024-01-04 18:45:00,GEO-01,GEO,6.179545473551764,2.4198569237914573,2.1778712314123116,2.6618426161706035
2024-01-04 19:00:00,GEO-01,GEO,5.276533763270961,2.286129423853223,2.057516481467901,2.5147423662385457
2024-01-04 19:15:00,GEO-01,GEO,5.775182278818352,2.3226495492934367,2.0903845943640933,2.5549145042227805
2024-01-04 19:30:00,GEO-01,GEO,5.322917292874039,2.369262984587874,2.1323366861290864,2.6061892830466613
2024-01-04 19:45:00,GEO-01,GEO,4.797428669166145,2.254236855308692,2.028813169777823,2.4796605408395616
2024-01-04 20:00:00,GEO-01,GEO,5.3516754782391285,2.407732138873809,2.166958924986428,2.64850535276119
2024-01-04 20:15:00,GEO-01,GEO,4.341805114971692,2.42938626914307,2.1864476422287633,2.6723248960573773
2024-01-04 20:30:00,GEO-01,GEO,4.159722285352769,2.031138920585068,1.8280250285265613,2.2342528126435752
2024-01-04 20:45:00,GEO-01,GEO,4.697423615007163,2.1707660155768274,1.9536894140191448,2.38784261713451
2024-01-04 21:00:00,GEO-01,GEO,4.622376563957614,2.231059761067111,2.0079537849604,2.454165737173822
2024-01-04 21:15:00,GEO-01,GEO,4.612224177837695,2.326994804223868,2.0942953238014814,2.559694284646255
2024-01-04 21:30:00,GEO-01,GEO,4.422178222108019,2.161433667151729,1.9452903004365563,2.3775770338669022
2024-01-04 21:45:00,GEO-01,GEO,4.530125143171601,2.2006433129409713,1.9805789816468742,2.4207076442350686
2024-01-04 22:00:00,GEO-01,GEO,4.194304414064659,2.086097129776258,1.8774874167986322,2.2947068427538837
2024-01-04 22:15:00,GEO-01,GEO,3.8517202206056043,2.051020415493217,1.8459183739438954,2.256122457042539
2024-01-04 22:30:00,GEO-01,GEO,3.787045476318323,2.354783940789923,2.119305546710931,2.5902623348689158
2024-01-04 22:45:00,GEO-01,GEO,3.653141986588792,2.037209620065091,1.833488658058582,2.2409305820716003
2024-01-04 23:00:00,GEO-01,GEO,3.7664655155077185,2.4652692810449186,2.218742352940427,2.7117962091494108
2024-01-04 23:15:00,GEO-01,GEO,3.3002918673119015,2.321112259218819,2.0890010332969373,2.5532234851407014
2024-01-04 23:30:00,GEO-01,GEO,3.6953802565191523,2.33614790654795,2.1025331158931553,2.569762697202745
2024-01-04 23:45:00,GEO-01,GEO,3.5429461521163743,2.3485650563535088,2.113708550718158,2.58342156198886
2024-01-05 00:00:00,GEO-01,GEO,3.639657970512509,2.291867501026711,2.06268075092404,2.5210542511293825
2024-01-05 00:15:00,GEO-01,GEO,3.641131336432553,2.3856349531182484,2.1470714578064234,2.6241984484300733
2024-01-05 00:30:00,GEO-01,GEO,2.8348976923193314,2.3599084869267624,2.123917638234086,2.5958993356194386
2024-01-05 00:45:00,GEO-01,GEO,3.325779484119011,2.4694538449995815,2.2225084604996233,2.71639922949954
2024-01-05 01:00:00,GEO-01,GEO,3.601656117546883,2.4489856665533623,2.204087099898026,2.6938842332086987
2024-01-05 01:15:00,GEO-01,GEO,3.668067996970598,2.3982572326441502,2.1584315093797355,2.6380829559085655
2024-01-05 01:30:00,GEO-01,GEO,3.8252428129789875,2.4497612504640287,2.204785125417626,2.6947373755104316
2024-01-05 01:45:00,GEO-01,GEO,3.912886469137322,2.484354179390207,2.2359187614511864,2.7327895973292278
2024-01-05 02:00:00,GEO-01,GEO,4.363599452624254,2.728108119677147,2.4552973077094324,3.000918931644862
2024-01-05 02:15:00,GEO-01,GEO,4.100503578670744,2.6196112841403196,2.357650155726288,2.881572412554352
2024-01-05 02:30:00,GEO-01,GEO,4.022033000197255,2.5424033441638643,2.288163009747478,2.796643678580251
2024-01-05 02:45:00,GEO-01,GEO,3.7561153512941643,2.8272853834255276,2.5445568450829747,3.1100139217680804
2024-01-05 03:00:00,GEO-01,GEO,3.9554805605774974,2.994574188316357,2.6951167694847213,3.2940316071479927
2024-01-05 03:15:00,GEO-01,GEO,4.666713906056391,2.977281077014136,2.6795529693127227,3.27500918471555
2024-01-05 03:30:00,GEO-01,GEO,4.97348140423444,2.8976107978679733,2.607849718081176,3.187371877654771
2024-01-05 03:45:00,GEO-01,GEO,5.275740843493937,2.8581383124989346,2.572324481249041,3.1439521437488285
2024-01-05 04:00:00,GEO-01,GEO,4.731036691186052,3.0629569205394973,2.7566612284855476,3.3692526125934474
2024-01-05 04:15:00,GEO-01,GEO,5.061770284263861,3.120492545038014,2.8084432905342127,3.4325417995418155
2024-01-05 04:30:00,GEO-01,GEO,5.405929792163296,3.099770167377841,2.789793150640057,3.4097471841156253
2024-01-05 04:45:00,GEO-01,GEO,6.133820635462321,3.3120890413995503,2.980880137259595,3.643297945539506
2024-01-05 05:00:00,GEO-01,GEO,5.745772005822618,3.5017390392561505,3.1515651353305354,3.851912943181766
2024-01-05 05:15:00,GEO-01,GEO,6.3729936211646185,3.398968416183592,3.059071574565233,3.7388652578019514
2024-01-05 05:30:00,GEO-01,GEO,6.158724038794716,3.4518028095658364,3.106622528609253,3.7969830905224202
2024-01-05 05:45:00,GEO-01,GEO,6.656850599890328,3.4001801073503573,3.0601620966153216,3.7401981180853934
2024-01-05 06:00:00,GEO-01,GEO,6.824221651794517,3.6907098886251677,3.321638899762651,4.059780877487685
2024-01-05 06:15:00,GEO-01,GEO,6.7728593431202695,3.5992270284396763,3.239304325595709,3.9591497312836443
2024-01-05 06:30:00,GEO-01,GEO,6.62430040291652,3.603120939712237,3.2428088457410134,3.963433033683461
2024-01-05 06:45:00,GEO-01,GEO,7.056846946554717,3.7199664018793923,3.347969761691453,4.091963042067332
2024-01-05 07:00:00,GEO-01,GEO,7.7904072700616425,3.811487414644298,3.430338673179868,4.192636156108728
2024-01-05 07:15:00,GEO-01,GEO,7.811303819237041,3.8268369854822613,3.444153286934035,4.209520684030488
2024-01-05 07:30:00,GEO-01,GEO,7.619461351203417,3.9799112770999945,3.5819201493899953,4.377902404809994
2024-01-05 07:45:00,GEO-01,GEO,7.845006587524506,3.94166540818516,3.547498867366644,4.335831949003676
2024-01-05 08:00:00,GEO-01,GEO,7.634844900888409,3.9162840147733182,3.5246556132959865,4.307912416250651
2024-01-05 08:15:00,GEO-01,GEO,8.776313619523993,4.0235017654823775,3.62115158893414,4.425851942030616
2024-01-05 08:30:00,GEO-01,GEO,8.791995627349898,4.069213370303801,3.6622920332734212,4.4761347073341815
2024-01-05 08:45:00,GEO-01,GEO,8.661761081418081,3.9225224657176083,3.5302702191458475,4.31477471228937
2024-01-05 09:00:00,GEO-01,GEO,8.932487425336799,4.196948882916502,3.7772539946248513,4.616643771208152
2024-01-05 09:15:00,GEO-01,GEO,8.382946935519634,4.078606108045599,3.670745497241039,4.486466718850159
2024-01-05 09:30:00,GEO-01,GEO,9.041524355178609,4.104616347260532,3.694154712534479,4.515077981986586
2024-01-05 09:45:00,GEO-01,GEO,9.732188463205267,4.227434663194238,3.8046911968748143,4.650178129513662
2024-01-05 10:00:00,GEO-01,GEO,9.761069316799954,4.243806039770766,3.81942543579369,4.668186643747844
2024-01-05 10:15:00,GEO-01,GEO,9.690491050515849,4.112405053694267,3.70116454832484,4.523645559063694
2024-01-05 10:30:00,GEO-01,GEO,9.701000953886759,4.272760064957332,3.8454840584615986,4.700036071453066
2024-01-05 10:45:00,GEO-01,GEO,10.047512833505213,4.142981105045122,3.7286829945406095,4.557279215549634
2024-01-05 11:00:00,GEO-01,GEO,9.816016063083314,4.384119604789627,3.945707644310665,4.822531565268591
2024-01-05 11:15:00,GEO-01,GEO,9.481204571837132,4.119080315589368,3.7071722840304315,4.5309883471483055
2024-01-05 11:30:00,GEO-01,GEO,10.046999125072032,4.222221132844973,3.7999990195604756,4.6444432461294705
2024-01-05 11:45:00,GEO-01,GEO,10.225882363233607,4.113131185049897,3.7018180665449076,4.524444303554888
2024-01-05 12:00:00,GEO-01,GEO,10.485506956915046,4.403411784105488,3.9630706056949396,4.843752962516038
2024-01-05 12:15:00,GEO-01,GEO,9.747652225879904,4.04399684913598,3.639597164222382,4.448396534049579
2024-01-05 12:30:00,GEO-01,GEO,10.1619292206387,4.203770715386999,3.7833936438482993,4.6241477869256995
2024-01-05 12:45:00,GEO-01,GEO,10.182475264521374,4.058422190237672,3.652579971213905,4.46426440926144
2024-01-05 13:00:00,GEO-01,GEO,9.86846800778678,4.074221818326017,3.6667996364934154,4.481644000158619
2024-01-05 13:15:00,GEO-01,GEO,10.326531099379672,4.129975786809311,3.71697820812838,4.542973365490242
2024-01-05 13:30:00,GEO-01,GEO,10.37358129591518,4.179481138735595,3.761533024862035,4.597429252609154
2024-01-05 13:45:00,GEO-01,GEO,10.019261537611706,4.189326599047695,3.770393939142926,4.608259258952465
2024-01-05 14:00:00,GEO-01,GEO,10.954582043633366,3.8409826699249643,3.456884402932468,4.225080936917461
2024-01-05 14:15:00,GEO-01,GEO,10.176063985537677,3.987041842135592,3.588337657922033,4.3857460263491514
2024-01-05 14:30:00,GEO-01,GEO,10.06054717361789,4.069885517825448,3.662896966042903,4.476874069607993
2024-01-05 14:45:00,GEO-01,GEO,9.963792835389414,3.7173443597166678,3.345609923745001,4.0890787956883345
2024-01-05 15:00:00,GEO-01,GEO,9.763493620956934,3.877720040455661,3.489948036410095,4.265492044501228
2024-01-05 15:15:00,GEO-01,GEO,9.73228123249769,3.805150137943244,3.42463512414892,4.185665151737569
2024-01-05 15:30:00,GEO-01,GEO,9.352335528108748,3.804769455503543,3.424292509953189,4.185246401053898
2024-01-05 15:45:00,GEO-01,GEO,9.598974462635459,3.643135694538681,3.2788221250848126,4.007449263992549
2024-01-05 16:00:00,GEO-01,GEO,9.298076580510614,3.5331671201072425,3.1798504080965184,3.886483832117967
2024-01-05 16:15:00,GEO-01,GEO,8.454322937906852,3.441314311112316,3.0971828800010845,3.785445742223548
2024-01-05 16:30:00,GEO-01,GEO,8.960133065078043,3.6859153060889613,3.317323775480065,4.054506836697858
2024-01-05 16:45:00,GEO-01,GEO,8.848841175907832,3.6543137942990764,3.288882414869169,4.019745173728984
2024-01-05 17:00:00,GEO-01,GEO,8.83071934770535,3.5300134902265983,3.1770121412039387,3.8830148392492583
2024-01-05 17:15:00,GEO-01,GEO,8.873286278232788,3.402593517767595,3.0623341659908356,3.742852869544355
2024-01-05 17:30:00,GEO-01,GEO,8.599038938010517,3.2506158716357048,2.9255542844721343,3.5756774587992757
2024-01-05 17:45:00,GEO-01,GEO,7.986232971178551,3.4270344365390573,3.0843309928851514,3.769737880192963
2024-01-05 18:00:00,GEO-01,GEO,7.60811715261446,3.2194836085935634,2.8975352477342073,3.54143196945292
2024-01-05 18:15:00,GEO-01,GEO,7.8279612245659,3.2185858002736945,2.896727220246325,3.5404443803010643
2024-01-05 18:30:00,GEO-01,GEO,7.314397784820498,3.1927105873565704,2.8734395286209136,3.5119816460922277
2024-01-05 18:45:00,GEO-01,GEO,6.934859934494561,3.1949603281346337,2.87546429532117,3.514456360948097
2024-01-05 19:00:00,GEO-01,GEO,7.841254528637052,3.104043239852126,2.7936389158669135,3.414447563837339
2024-01-05 19:15:00,GEO-01,GEO,6.863386480783159,3.1505961510481564,2.8355365359433407,3.465655766152972
2024-01-05 19:30:00,GEO-01,GEO,6.598900630167911,3.0546151036571847,2.7491535932914664,3.3600766140229035
2024-01-05 19:45:00,GEO-01,GEO,5.962930443573146,3.1588890774682685,2.8430001697214418,3.4747779852150957
2024-01-05 20:00:00,GEO-01,GEO,6.713939389371589,3.16637527212612,2.849737744913508,3.483012799338732
2024-01-05 20:15:00,GEO-01,GEO,6.005087163355748,3.0513460530161107,2.7462114477145,3.356480658317722
2024-01-05 20:30:00,GEO-01,GEO,6.158743812966597,3.066814455283925,2.7601330097555326,3.3734959008123178
2024-01-05 20:45:00,GEO-01,GEO,6.295891028881121,3.2153541719296825,2.8938187547367145,3.536889589122651
2024-01-05 21:00:00,GEO-01,GEO,5.575915151166569,2.8723885515088896,2.5851496963580005,3.1596274066597787
2024-01-05 21:15:00,GEO-01,GEO,5.7615351720031995,2.8555396198494707,2.5699856578645237,3.141093581834418
2024-01-05 21:30:00,GEO-01,GEO,6.073348944831519,3.040861213099894,2.7367750917899047,3.344947334409884
2024-01-05 21:45:00,GEO-01,GEO,4.766726843107872,3.16179446457218,2.845615018114962,3.477973911029398
2024-01-05 22:00:00,GEO-01,GEO,5.157703178586377,2.9402250244427317,2.6462025219984584,3.234247526887005
2024-01-05 22:15:00,GEO-01,GEO,5.036670893276426,3.141486713296479,2.8273380419668315,3.4556353846261274
2024-01-05 22:30:00,GEO-01,GEO,5.169680678911986,2.9843921720661304,2.6859529548595176,3.2828313892727436
2024-01-05 22:45:00,GEO-01,GEO,5.140094484697103,2.9160312076056276,2.624428086845065,3.207634328366191
2024-01-05 23:00:00,GEO-01,GEO,4.776066872920991,2.8978414696941432,2.608057322724729,3.1876256166635577
2024-01-05 23:15:00,GEO-01,GEO,4.8498070286721955,3.076041806124475,2.7684376255120275,3.383645986736923
2024-01-05 23:30:00,GEO-01,GEO,4.777759510439829,2.9411580205731545,2.647042218515839,3.2352738226304703
2024-01-05 23:45:00,GEO-01,GEO,4.880256835238203,3.063649202235919,2.757284282012327,3.3700141224595113
2024-01-06 00:00:00,GEO-01,GEO,5.4168877256818595,3.239985900720368,2.9159873106483314,3.563984490792405
2024-01-06 00:15:00,GEO-01,GEO,5.625137145428925,3.0802517892161743,2.772226610294557,3.388276968137792
2024-01-06 00:30:00,GEO-01,GEO,5.68162985445422,3.2747024315247493,2.9472321883722743,3.6021726746772247
2024-01-06 00:45:00,GEO-01,GEO,5.586711390895253,3.0571954967380446,2.75147594706424,3.362915046411849
2024-01-06 01:00:00,GEO-01,GEO,5.166505963704257,3.1634667374677066,2.847120063720936,3.4798134112144776
2024-01-06 01:15:00,GEO-01,GEO,5.478178191137935,3.1170809766879795,2.8053728790191816,3.4287890743567777
2024-01-06 01:30:00,GEO-01,GEO,6.254178324103038,3.3086215160426895,2.9777593644384206,3.639483667646959
2024-01-06 01:45:00,GEO-01,GEO,5.920995272620264,3.425292563246267,3.0827633069216405,3.7678218195708943
2024-01-06 02:00:00,GEO-01,GEO,5.571031570858269,3.403040083599484,3.0627360752395356,3.743344091959433
2024-01-06 02:15:00,GEO-01,GEO,6.275830972006739,3.568564279738396,3.2117078517645563,3.925420707712236
2024-01-06 02:30:00,GEO-01,GEO,5.793972838499208,3.4231990645645887,3.08087915810813,3.7655189710210477
2024-01-06 02:45:00,GEO-01,GEO,5.829785285340679,3.5746391205647075,3.2171752085082366,3.9321030326211783
2024-01-06 03:00:00,GEO-01,GEO,6.5792306587948755,3.5548788280511663,3.1993909452460496,3.9103667108562834
2024-01-06 03:15:00,GEO-01,GEO,5.907625058836498,3.7006437449938967,3.3305793704945073,4.070708119493287
2024-01-06 03:30:00,GEO-01,GEO,5.875667568697039,3.772820087366538,3.395538078629884,4.150102096103192
2024-01-06 03:45:00,GEO-01,GEO,6.890168400612861,3.839562408411998,3.455606167570798,4.223518649253198
2024-01-06 04:00:00,GEO-01,GEO,6.782165377121874,3.7338276254068394,3.3604448628661556,4.107210387947524
2024-01-06 04:15:00,GEO-01,GEO,6.985592741230539,3.8119436510241815,3.4307492859217636,4.1931380161266
2024-01-06 04:30:00,GEO-01,GEO,7.019256317286524,3.8907646859452525,3.5016882173507273,4.279841154539778
2024-01-06 04:45:00,GEO-01,GEO,7.242506431684278,3.997600564743788,3.5978405082694094,4.3973606212181675
2024-01-06 05:00:00,GEO-01,GEO,7.36833407728528,4.090298357948897,3.6812685221540073,4.4993281937437875
2024-01-06 05:15:00,GEO-01,GEO,7.5142703684446515,4.212052384978583,3.7908471464807247,4.6332576234764415
2024-01-06 05:30:00,GEO-01,GEO,7.78761258398813,4.115448647287177,3.7039037825584598,4.5269935120158955
2024-01-06 05:45:00,GEO-01,GEO,7.981295155092727,4.098304310818715,3.688473879736844,4.508134741900587
2024-01-06 06:00:00,GEO-01,GEO,8.013365393480495,4.5310460629949585,4.077941456695463,4.984150669294455
2024-01-06 06:15:00,GEO-01,GEO,8.305174970525524,4.25809947141059,3.832289524269531,4.683909418551649
2024-01-06 06:30:00,GEO-01,GEO,7.925280347553733,4.5091529658863605,4.058237669297725,4.960068262474997
2024-01-06 06:45:00,GEO-01,GEO,9.088660765357185,4.4812275785942495,4.033104820734825,4.929350336453675
2024-01-06 07:00:00,GEO-01,GEO,9.206462525548481,4.553925173755426,4.098532656379883,5.009317691130969
2024-01-06 07:15:00,GEO-01,GEO,9.26817644590148,4.577263722389328,4.119537350150395,5.034990094628261
2024-01-06 07:30:00,GEO-01,GEO,9.566446591620126,4.585315077693373,4.126783569924036,5.043846585462711
2024-01-06 07:45:00,GEO-01,GEO,9.775465227010637,4.714168809577971,4.242751928620174,5.185585690535769
2024-01-06 08:00:00,GEO-01,GEO,9.670096471223689,4.665322803590993,4.198790523231893,5.131855083950092
2024-01-06 08:15:00,GEO-01,GEO,9.916428069450237,4.864516146928518,4.378064532235666,5.35096776162137
2024-01-06 08:30:00,GEO-01,GEO,10.417861720352066,4.840597089171973,4.3565373802547755,5.324656798089171
2024-01-06 08:45:00,GEO-01,GEO,10.498325651465278,4.876622797327293,4.3889605175945645,5.364285077060023
2024-01-06 09:00:00,GEO-01,GEO,11.218633424676366,4.795797932439623,4.31621813919566,5.275377725683585
2024-01-06 09:15:00,GEO-01,GEO,11.25328050877685,4.849564364627987,4.364607928165189,5.334520801090786
2024-01-06 09:30:00,GEO-01,GEO,11.200632524294837,4.777860717102019,4.300074645391818,5.255646788812221
2024-01-06 09:45:00,GEO-01,GEO,10.83652447441458,4.881498787169239,4.393348908452315,5.369648665886163
2024-01-06 10:00:00,GEO-01,GEO,11.03042818098697,4.829935254064331,4.346941728657899,5.312928779470765
2024-01-06 10:15:00,GEO-01,GEO,11.02385704449495,5.078298401494899,4.570468561345409,5.586128241644389
2024-01-06 10:30:00,GEO-01,GEO,11.522533814600152,4.9620268130573155,4.465824131751584,5.458229494363048
2024-01-06 10:45:00,GEO-01,GEO,10.719494929445302,4.9805789720532685,4.482521074847941,5.478636869258596
2024-01-06 11:00:00,GEO-01,GEO,11.496035990152642,4.944150975739912,4.449735878165921,5.438566073313903
2024-01-06 11:15:00,GEO-01,GEO,11.621787789085987,4.986160934276238,4.487544840848614,5.484777027703862
2024-01-06 11:30:00,GEO-01,GEO,11.324761885210098,5.209264478615301,4.688338030753771,5.730190926476832
2024-01-06 11:45:00,GEO-01,GEO,12.077457637668427,4.925822248656559,4.433240023790903,5.418404473522215
2024-01-06 12:00:00,GEO-01,GEO,11.10535590234607,4.880604246076131,4.392543821468518,5.368664670683745
2024-01-06 12:15:00,GEO-01,GEO,11.558728523187076,4.985251585190388,4.486726426671349,5.483776743709427
2024-01-06 12:30:00,GEO-01,GEO,12.332330609098246,4.663265905656611,4.19693931509095,5.129592496222273
2024-01-06 12:45:00,GEO-01,GEO,11.020159447408735,4.902812238731693,4.412531014858524,5.393093462604862
2024-01-06 13:00:00,GEO-01,GEO,11.45267292718619,4.836964620496677,4.353268158447009,5.320661082546345
2024-01-06 13:15:00,GEO-01,GEO,11.3563858450595,4.749894005186335,4.274904604667702,5.224883405704969
2024-01-06 13:30:00,GEO-01,GEO,11.267175052210112,4.872301790359278,4.38507161132335,5.359531969395206
2024-01-06 13:45:00,GEO-01,GEO,11.632939327859015,4.796889113017518,4.3172002017157665,5.276578024319271
2024-01-06 14:00:00,GEO-01,GEO,11.682069562558818,4.5789399035333265,4.121045913179994,5.0368338938866595
2024-01-06 14:15:00,GEO-01,GEO,11.515480002651536,4.660117095935054,4.1941053863415485,5.12612880552856
2024-01-06 14:30:00,GEO-01,GEO,10.98966706015308,4.399612365322975,3.9596511287906773,4.839573601855273
2024-01-06 14:45:00,GEO-01,GEO,11.84876523336408,4.679705713361363,4.211735142025227,5.1476762846975
2024-01-06 15:00:00,GEO-01,GEO,10.489186956504273,4.639114961249343,4.175203465124409,5.103026457374278
2024-01-06 15:15:00,GEO-01,GEO,10.602316729820922,4.490533656657047,4.041480290991342,4.939587022322752
2024-01-06 15:30:00,GEO-01,GEO,10.845597544258963,4.581829873589023,4.123646886230121,5.040012860947926
2024-01-06 15:45:00,GEO-01,GEO,10.695369055616503,4.356619563314327,3.920957606982894,4.79228151964576
2024-01-06 16:00:00,GEO-01,GEO,10.68074333859227,4.344580628690238,3.9101225658212146,4.779038691559262
2024-01-06 16:15:00,GEO-01,GEO,10.866699648616976,4.438847328423627,3.9949625955812644,4.88273206126599
2024-01-06 16:30:00,GEO-01,GEO,10.20825837818764,4.283913563601608,3.8555222072414472,4.7123049199617695
2024-01-06 16:45:00,GEO-01,GEO,10.12381552462445,4.302146513385642,3.8719318620470777,4.732361164724207
2024-01-06 17:00:00,GEO-01,GEO,9.751483569856232,4.207883380939517,3.7870950428455656,4.628671719033469
2024-01-06 17:15:00,GEO-01,GEO,9.941890047173553,4.179418565461638,3.761476708915474,4.597360422007802
2024-01-06 17:30:00,GEO-01,GEO,9.501584840610585,4.140701367741932,3.726631230967739,4.5547715045161254
2024-01-06 17:45:00,GEO-01,GEO,9.330120716794635,4.064527542921889,3.6580747886297,4.470980297214078
2024-01-06 18:00:00,GEO-01,GEO,9.41536642048471,4.124309836668395,3.7118788530015556,4.536740820335235
2024-01-06 18:15:00,GEO-01,GEO,9.387866852528948,3.991426142429505,3.5922835281865546,4.390568756672456
2024-01-06 18:30:00,GEO-01,GEO,8.239430440523416,4.017438995047555,3.6156950955427996,4.419182894552311
2024-01-06 18:45:00,GEO-01,GEO,8.834790337937502,3.9063440109220426,3.5157096098298384,4.296978412014247
2024-01-06 19:00:00,GEO-01,GEO,8.471231680317437,3.791020750289696,3.4119186752607265,4.170122825318666
2024-01-06 19:15:00,GEO-01,GEO,8.664169511770542,4.00299712722999,3.602697414506991,4.403296839952989
2024-01-06 19:30:00,GEO-01,GEO,8.135101774955926,3.931252960572512,3.538127664515261,4.324378256629763
2024-01-06 19:45:00,GEO-01,GEO,8.434165860698254,4.082123306219265,3.6739109755973387,4.490335636841192
2024-01-06 20:00:00,GEO-01,GEO,7.678875525816552,3.72337502508264,3.351037522574376,4.095712527590904
2024-01-06 20:15:00,GEO-01,GEO,7.055649615110768,3.784099065035215,3.4056891585316933,4.1625089715387364
2024-01-06 20:30:00,GEO-01,GEO,7.888916227601572,3.7722044020153858,3.394983961813847,4.149424842216924
2024-01-06 20:45:00,GEO-01,GEO,7.175521263619961,3.867008849150456,3.4803079642354104,4.2537097340655015
2024-01-06 21:00:00,GEO-01,GEO,6.81680080476454,3.7034414161369096,3.333097274523219,4.073785557750601
2024-01-06 21:15:00,GEO-01,GEO,7.165787132354939,3.626285572915047,3.2636570156235427,3.988914130206552
2024-01-06 21:30:00,GEO-01,GEO,6.9677397922681505,3.856645682223458,3.470981114001112,4.242310250445804
2024-01-06 21:45:00,GEO-01,GEO,7.173963123194242,3.699978506249732,3.329980655624759,4.069976356874705
2024-01-06 22:00:00,GEO-01,GEO,7.248638953652827,3.8186425599643607,3.436778303967925,4.2005068159607974
2024-01-06 22:15:00,GEO-01,GEO,6.916780367207484,3.8095264975089758,3.428573847758078,4.1904791472598735
2024-01-06 22:30:00,GEO-01,GEO,6.540368208132831,3.7362630811517024,3.3626367730365323,4.109889389266873
2024-01-06 22:45:00,GEO-01,GEO,6.820574901304563,3.731191893661213,3.3580727042950915,4.104311083027334
2024-01-06 23:00:00,GEO-01,GEO,6.72406475186926,3.7222575562800846,3.350031800652076,4.0944833119080934
2024-01-06 23:15:00,GEO-01,GEO,6.796860809875111,3.776084463113949,3.398476016802554,4.153692909425344
2024-01-06 23:30:00,GEO-01,GEO,6.327345762480379,3.8834672783236397,3.4951205504912757,4.271814006156004
2024-01-06 23:45:00,GEO-01,GEO,6.445442521867916,3.740380828208409,3.366342745387568,4.11441891102925
2024-01-07 00:00:00,GEO-01,GEO,6.706465037699441,3.857027289558022,3.47132456060222,4.242730018513824
2024-01-07 00:15:00,GEO-01,GEO,6.928396722163195,3.7635700140385815,3.3872130126347235,4.13992701544244
2024-01-07 00:30:00,GEO-01,GEO,6.85703785475425,3.808394189111294,3.4275547702001647,4.189233608022424
2024-01-07 00:45:00,GEO-01,GEO,6.617468270716573,3.940059274350274,3.5460533469152464,4.334065201785301
2024-01-07 01:00:00,GEO-01,GEO,6.484710389249518,3.7853451751251543,3.406810657612639,4.16387969263767
2024-01-07 01:15:00,GEO-01,GEO,6.80254383171601,4.228354569326228,3.8055191123936054,4.651190026258852
2024-01-07 01:30:00,GEO-01,GEO,6.416693068743356,3.9465191733094818,3.5518672559785336,4.34117109064043
2024-01-07 01:45:00,GEO-01,GEO,6.573765729911881,4.107779222364105,3.6970013001276945,4.518557144600516
2024-01-07 02:00:00,GEO-01,GEO,7.3583450291342904,4.276846475375703,3.8491618278381328,4.704531122913274
2024-01-07 02:15:00,GEO-01,GEO,7.124060558007768,4.124072068221486,3.7116648613993375,4.536479275043635
2024-01-07 02:30:00,GEO-01,GEO,7.008366272182622,4.032350618028181,3.6291155562253627,4.435585679830999
2024-01-07 02:45:00,GEO-01,GEO,7.481278178083317,4.2721135975384845,3.8449022377846362,4.699324957292333
2024-01-07 03:00:00,GEO-01,GEO,7.748834264047247,4.2846470507600865,3.856182345684078,4.7131117558360955
2024-01-07 03:15:00,GEO-01,GEO,7.369359275242453,4.201342063947483,3.781207857552735,4.621476270342232
2024-01-07 03:30:00,GEO-01,GEO,7.523809156918779,4.515438800357666,4.0638949203219,4.966982680393433
2024-01-07 03:45:00,GEO-01,GEO,7.6442199920666924,4.5665355269920385,4.1098819742928345,5.023189079691242
2024-01-07 04:00:00,GEO-01,GEO,8.265243890127712,4.719623033039392,4.247660729735453,5.191585336343332
2024-01-07 04:15:00,GEO-01,GEO,8.441681028801506,4.553339353005951,4.098005417705356,5.008673288306547
2024-01-07 04:30:00,GEO-01,GEO,8.745684862378024,4.565783136474822,4.109204822827341,5.022361450122305
2024-01-07 04:45:00,GEO-01,GEO,8.818866023730223,4.745319659580941,4.2707876936228475,5.219851625539036
2024-01-07 05:00:00,GEO-01,GEO,8.218332321182212,4.837248779982496,4.353523901984246,5.320973657980746
2024-01-07 05:15:00,GEO-01,GEO,8.988588240672508,4.997881761446716,4.498093585302044,5.497669937591388
2024-01-07 05:30:00,GEO-01,GEO,8.786900726720718,5.1058186460767665,4.59523678146909,5.616400510684444
2024-01-07 05:45:00,GEO-01,GEO,9.153686911122687,5.144357482334776,4.629921734101298,5.6587932305682545
2024-01-07 06:00:00,GEO-01,GEO,9.564110138555483,5.107629441718703,4.5968664975468325,5.618392385890574
2024-01-07 06:15:00,GEO-01,GEO,9.970386702525136,5.2156980271814,4.6941282244632605,5.73726782989954
2024-01-07 06:30:00,GEO-01,GEO,9.659846554012164,5.125974578465038,4.6133771206185346,5.638572036311542
2024-01-07 06:45:00,GEO-01,GEO,9.436843559150002,5.259443738472059,4.733499364624853,5.785388112319265
2024-01-07 07:00:00,GEO-01,GEO,10.394537150090237,5.174168924101154,4.656752031691038,5.691585816511269
2024-01-07 07:15:00,GEO-01,GEO,11.337711923364884,5.348190641016757,4.813371576915081,5.883009705118433
2024-01-07 07:30:00,GEO-01,GEO,10.685386762986246,5.397167263983039,4.857450537584735,5.936883990381343
2024-01-07 07:45:00,GEO-01,GEO,10.958457989249236,5.6044877702092775,5.04403899318835,6.164936547230206
2024-01-07 08:00:00,GEO-01,GEO,11.696267079655653,5.4507865664228525,4.905707909780568,5.995865223065138
2024-01-07 08:15:00,GEO-01,GEO,11.527605529724726,5.521393484325319,4.969254135892787,6.073532832757851
2024-01-07 08:30:00,GEO-01,GEO,11.598746032447666,5.571952458472714,5.014757212625442,6.129147704319985
2024-01-07 08:45:00,GEO-01,GEO,11.84303058940141,5.535684682765449,4.982116214488904,6.089253151041995
2024-01-07 09:00:00,GEO-01,GEO,11.955031441433595,5.530764293479267,4.97768786413134,6.083840722827194
2024-01-07 09:15:00,GEO-01,GEO,11.699791517588475,5.767584299176743,5.190825869259069,6.344342729094418
2024-01-07 09:30:00,GEO-01,GEO,11.79261631872827,5.563063582025349,5.006757223822815,6.119369940227885
2024-01-07 09:45:00,GEO-01,GEO,12.905414366660027,5.548511914028219,4.993660722625397,6.1033631054310415
2024-01-07 10:00:00,GEO-01,GEO,12.82213569046306,5.76612271198466,5.189510440786194,6.342734983183126
2024-01-07 10:15:00,GEO-01,GEO,12.921675097281147,5.8272763624935795,5.244548726244222,6.410003998742938
2024-01-07 10:30:00,GEO-01,GEO,12.978713713370947,5.676335594093002,5.108702034683702,6.243969153502303
2024-01-07 10:45:00,GEO-01,GEO,13.343278765991819,5.684427228139389,5.11598450532545,6.252869950953328
2024-01-07 11:00:00,GEO-01,GEO,13.96240450668045,5.759423309440744,5.18348097849667,6.335365640384819
2024-01-07 11:15:00,GEO-01,GEO,13.438163911938547,5.660121102751929,5.094108992476736,6.226133213027122
2024-01-07 11:30:00,GEO-01,GEO,13.172798400190398,5.649108791323488,5.084197912191139,6.214019670455837
2024-01-07 11:45:00,GEO-01,GEO,13.365291888851045,5.808298864249595,5.2274689778246355,6.389128750674555
2024-01-07 12:00:00,GEO-01,GEO,13.770368172747787,5.770861987980643,5.193775789182579,6.347948186778708
2024-01-07 12:15:00,GEO-01,GEO,13.305536354715374,5.827901488886805,5.245111339998124,6.410691637775486
2024-01-07 12:30:00,GEO-01,GEO,13.754842140423788,5.555082196135461,4.999573976521916,6.110590415749008
2024-01-07 12:45:00,GEO-01,GEO,12.809210729865042,5.610673639704693,5.049606275734224,6.171741003675163
2024-01-07 13:00:00,GEO-01,GEO,13.430245288917568,5.666757195408064,5.100081475867258,6.233432914948871
2024-01-07 13:15:00,GEO-01,GEO,13.669036702057458,5.5210665751676595,4.968959917650894,6.073173232684426
2024-01-07 13:30:00,GEO-01,GEO,13.83077413151492,5.650198095398744,5.085178285858869,6.215217904938618
2024-01-07 13:45:00,GEO-01,GEO,13.161292546018874,5.678456308250728,5.1106106774256554,6.246301939075801
2024-01-07 14:00:00,GEO-01,GEO,12.90131213748428,5.465348325415165,4.918813492873649,6.011883157956682
2024-01-07 14:15:00,GEO-01,GEO,13.20773882005677,5.493132570432152,4.943819313388937,6.042445827475368
2024-01-07 14:30:00,GEO-01,GEO,12.871013894227563,5.59850468320551,5.038654214884959,6.158355151526061
2024-01-07 14:45:00,GEO-01,GEO,13.075870621487674,5.594809267805064,5.035328341024558,6.154290194585571
2024-01-07 15:00:00,GEO-01,GEO,13.020234688280647,5.44986847286652,4.9048816255798675,5.994855320153172
2024-01-07 15:15:00,GEO-01,GEO,12.51833274863379,5.393708091714921,4.854337282543429,5.9330789008864135
2024-01-07 15:30:00,GEO-01,GEO,13.037981303638302,5.206948277307376,4.686253449576639,5.727643105038114
2024-01-07 15:45:00,GEO-01,GEO,12.623357523526652,5.285293693827415,4.756764324444674,5.813823063210157
2024-01-07 16:00:00,GEO-01,GEO,12.860438887143431,5.261417743716389,4.73527596934475,5.787559518088028
2024-01-07 16:15:00,GEO-01,GEO,11.841158659668764,5.140594594484417,4.626535135035976,5.65465405393286
2024-01-07 16:30:00,GEO-01,GEO,11.941026814496881,5.057805941997488,4.5520253477977395,5.563586536197238
2024-01-07 16:45:00,GEO-01,GEO,12.24666829081817,4.944785770013352,4.4503071930120175,5.439264347014688
2024-01-07 17:00:00,GEO-01,GEO,11.692076026089087,4.854978636532167,4.36948077287895,5.3404765001853844
2024-01-07 17:15:00,GEO-01,GEO,11.71800160588363,4.790226658114591,4.311203992303132,5.269249323926051
2024-01-07 17:30:00,GEO-01,GEO,11.599308940736016,4.99987137497931,4.499884237481378,5.499858512477241
2024-01-07 17:45:00,GEO-01,GEO,11.475285429063748,4.914476479521541,4.423028831569387,5.405924127473695
2024-01-07 18:00:00,GEO-01,GEO,11.051022422438644,4.810187080433424,4.3291683723900825,5.291205788476767
2024-01-07 18:15:00,GEO-01,GEO,11.124147355109692,4.785576689687588,4.307019020718829,5.264134358656347
2024-01-07 18:30:00,GEO-01,GEO,10.669070106118394,4.801420706176189,4.32127863555857,5.281562776793808
2024-01-07 18:45:00,GEO-01,GEO,10.930811762822662,4.72726420031377,4.254537780282393,5.199990620345147
2024-01-07 19:00:00,GEO-01,GEO,10.51981028173897,4.574898623282912,4.11740876095462,5.032388485611203
2024-01-07 19:15:00,GEO-01,GEO,10.428366229213953,4.767556952686655,4.290801257417989,5.24431264795532
2024-01-07 19:30:00,GEO-01,GEO,10.983087418848578,4.6762162074851075,4.208594586736597,5.143837828233619
2024-01-07 19:45:00,GEO-01,GEO,9.713689606032736,4.644348275676035,4.179913448108431,5.108783103243638
2024-01-07 20:00:00,GEO-01,GEO,10.300344924337029,4.676031907773455,4.208428716996109,5.1436350985508
2024-01-07 20:15:00,GEO-01,GEO,8.928913991946901,4.488133906517603,4.0393205158658425,4.936947297169364
2024-01-07 20:30:00,GEO-01,GEO,8.951896130587551,4.670931622228699,4.203838460005829,5.138024784451569
2024-01-07 20:45:00,GEO-01,GEO,9.05836354065051,4.518570948483171,4.0667138536348535,4.970428043331488
2024-01-07 21:00:00,GEO-01,GEO,8.939588687868294,4.60751542193841,4.146763879744569,5.068266964132251
2024-01-07 21:15:00,GEO-01,GEO,9.224052457866595,4.58133799003655,4.123204191032896,5.039471789040205
2024-01-07 21:30:00,GEO-01,GEO,9.12841688299092,4.396487896932253,3.9568391072390283,4.836136686625479
2024-01-07 21:45:00,GEO-01,GEO,8.85255606162221,4.54643687802242,4.091793190220178,5.001080565824663
2024-01-07 22:00:00,GEO-01,GEO,8.781143024618405,4.527909004431575,4.075118103988418,4.980699904874733
2024-01-07 22:15:00,GEO-01,GEO,8.891614368659047,4.500841151534341,4.050757036380907,4.950925266687776
2024-01-07 22:30:00,GEO-01,GEO,8.900970860933322,4.494318281893546,4.0448864537041915,4.943750110082901
2024-01-07 22:45:00,GEO-01,GEO,8.18172152504323,4.50453726754806,4.054083540793254,4.954990994302866
2024-01-07 23:00:00,GEO-01,GEO,8.411129853402068,4.607186307832616,4.146467677049355,5.067904938615878
2024-01-07 23:15:00,GEO-01,GEO,8.450493567599198,4.59989815572525,4.139908340152725,5.059887971297775
2024-01-07 23:30:00,GEO-01,GEO,8.580573282510814,4.564708469088293,4.108237622179464,5.021179315997123
2024-01-07 23:45:00,GEO-01,GEO,8.178944948075024,4.4353345600223815,3.9918011040201433,4.87886801602462
2024-01-08 00:00:00,GEO-01,GEO,8.567975075228194,4.660090396300623,4.19408135667056,5.126099435930685
2024-01-08 00:15:00,GEO-01,GEO,8.60428352105951,4.712297847131395,4.241068062418256,5.183527631844535
2024-01-08 00:30:00,GEO-01,GEO,8.3970100464362,4.902349149315362,4.412114234383826,5.392584064246899
2024-01-08 00:45:00,GEO-01,GEO,8.415447089494053,4.815199808731491,4.333679827858342,5.296719789604641
2024-01-08 01:00:00,GEO-01,GEO,8.701642454824748,4.555946665518142,4.100351998966328,5.011541332069957
2024-01-08 01:15:00,GEO-01,GEO,8.68338394542374,4.794644975921638,4.315180478329474,5.274109473513802
2024-01-08 01:30:00,GEO-01,GEO,8.935343280865274,5.011466000022155,4.51031940001994,5.512612600024371
2024-01-08 01:45:00,GEO-01,GEO,8.543978370604336,4.938646287675075,4.4447816589075675,5.432510916442583
2024-01-08 02:00:00,GEO-01,GEO,8.841299002140463,4.957393247586493,4.4616539228278445,5.453132572345143
2024-01-08 02:15:00,GEO-01,GEO,8.97577522363529,5.064888796343206,4.558399916708886,5.571377675977527
2024-01-08 02:30:00,GEO-01,GEO,9.397873289859275,4.964885825838723,4.468397243254851,5.461374408422596
2024-01-08 02:45:00,GEO-01,GEO,8.991502265445051,5.128920501568849,4.616028451411964,5.641812551725734
2024-01-08 03:00:00,GEO-01,GEO,9.474227201546581,5.1115856132236575,4.600427051901292,5.622744174546024
2024-01-08 03:15:00,GEO-01,GEO,9.619667020085197,5.191520394580787,4.672368355122709,5.710672434038867
2024-01-08 03:30:00,GEO-01,GEO,10.187040537565284,5.334298591025103,4.800868731922593,5.867728450127614
2024-01-08 03:45:00,GEO-01,GEO,9.548976739886617,5.2176581588746815,4.6958923429872135,5.7394239747621505
2024-01-08 04:00:00,GEO-01,GEO,9.820008624185526,5.498691963320895,4.948822766988806,6.048561159652985
2024-01-08 04:15:00,GEO-01,GEO,9.909496914986159,5.3876437218045865,4.848879349624128,5.926408093985046
2024-01-08 04:30:00,GEO-01,GEO,9.870069939477858,5.516266396789715,4.964639757110743,6.0678930364686865
2024-01-08 04:45:00,GEO-01,GEO,11.086781044162073,5.410444500213256,4.86940005019193,5.951488950234582
2024-01-08 05:00:00,GEO-01,GEO,10.376637200833718,5.682570103325696,5.114313092993126,6.250827113658266
2024-01-08 05:15:00,GEO-01,GEO,10.70049714678826,5.81490052309787,5.233410470788082,6.396390575407657
2024-01-08 05:30:00,GEO-01,GEO,11.540236125167187,5.677801019009593,5.110020917108634,6.245581120910552
2024-01-08 05:45:00,GEO-01,GEO,10.822718934640333,5.676390558648233,5.10875150278341,6.244029614513057
2024-01-08 06:00:00,GEO-01,GEO,11.780927173375124,5.872276709858858,5.285049038872972,6.459504380844744
2024-01-08 06:15:00,GEO-01,GEO,11.336899604525296,6.045732494685305,5.441159245216775,6.650305744153837
2024-01-08 06:30:00,GEO-01,GEO,12.342197802814049,5.809541593749017,5.228587434374115,6.390495753123919
2024-01-08 06:45:00,GEO-01,GEO,11.52438597658115,5.89647672945685,5.306829056511165,6.4861244024025355
2024-01-08 07:00:00,GEO-01,GEO,11.855426897781095,6.012382310553934,5.411144079498541,6.613620541609328
2024-01-08 07:15:00,GEO-01,GEO,12.422253602965354,6.024391047230155,5.42195194250714,6.626830151953172
2024-01-08 07:30:00,GEO-01,GEO,13.07887726104678,6.071087375937485,5.463978638343737,6.678196113531234
2024-01-08 07:45:00,GEO-01,GEO,12.97618570868087,5.987366175229553,5.388629557706598,6.586102792752509
2024-01-08 08:00:00,GEO-01,GEO,13.078663666141784,6.2970938756676125,5.6673844881008515,6.926803263234374
2024-01-08 08:15:00,GEO-01,GEO,13.77209660015855,6.310764579202106,5.679688121281895,6.941841037122317
2024-01-08 08:30:00,GEO-01,GEO,14.19801977679565,6.142874725276296,5.528587252748666,6.757162197803926
2024-01-08 08:45:00,GEO-01,GEO,13.929832969044444,6.49138961870507,5.842250656834564,7.140528580575578
2024-01-08 09:00:00,GEO-01,GEO,13.710862104644061,6.543626126648633,5.88926351398377,7.197988739313496
2024-01-08 09:15:00,GEO-01,GEO,13.934035129745634,6.327115940069176,5.694404346062258,6.959827534076094
2024-01-08 09:30:00,GEO-01,GEO,13.826275846053926,6.542313513774231,5.888082162396808,7.196544865151655
2024-01-08 09:45:00,GEO-01,GEO,14.387371353611918,6.388507269053004,5.7496565421477035,7.027357995958305
2024-01-08 10:00:00,GEO-01,GEO,14.48652003669294,6.480711153431369,5.832640038088233,7.128782268774507
2024-01-08 10:15:00,GEO-01,GEO,15.265632808694416,6.392421993144239,5.7531797938298155,7.031664192458664
2024-01-08 10:30:00,GEO-01,GEO,15.815881473874121,6.707405040554445,6.036664536499001,7.37814554460989
2024-01-08 10:45:00,GEO-01,GEO,15.532661507239126,6.4629341825265385,5.816640764273885,7.109227600779193
2024-01-08 11:00:00,GEO-01,GEO,15.26848010769505,6.508317187467562,5.857485468720806,7.159148906214319
2024-01-08 11:15:00,GEO-01,GEO,15.647486583190075,6.426615960035016,5.783954364031515,7.069277556038518
2024-01-08 11:30:00,GEO-01,GEO,16.04381172922885,6.677914931463477,6.010123438317129,7.345706424609825
2024-01-08 11:45:00,GEO-01,GEO,16.084887784391178,6.6735043984150515,6.006153958573546,7.340854838256557
2024-01-08 12:00:00,GEO-01,GEO,15.058384781114018,6.637745124383727,5.973970611945354,7.301519636822101
2024-01-08 12:15:00,GEO-01,GEO,15.543908368010786,6.556932963444907,5.901239667100416,7.212626259789398
2024-01-08 12:30:00,GEO-01,GEO,15.362180662690468,6.382365471033758,5.744128923930382,7.020602018137134
2024-01-08 12:45:00,GEO-01,GEO,15.657852832429402,6.508208226347148,5.857387403712433,7.159029048981863
2024-01-08 13:00:00,GEO-01,GEO,15.52473626249333,6.402438287643794,5.7621944588794145,7.042682116408174
2024-01-08 13:15:00,GEO-01,GEO,14.680121191164742,6.509372850674516,5.858435565607064,7.160310135741968
2024-01-08 13:30:00,GEO-01,GEO,15.255775457649971,6.462122885374966,5.81591059683747,7.108335173912463
2024-01-08 13:45:00,GEO-01,GEO,15.37684523599729,6.255570370075649,5.630013333068084,6.8811274070832145
2024-01-08 14:00:00,GEO-01,GEO,15.226264778630497,6.3829700312767725,5.744673028149095,7.021267034404451
2024-01-08 14:15:00,GEO-01,GEO,15.764698598488797,6.321980149768994,5.689782134792094,6.954178164745893
2024-01-08 14:30:00,GEO-01,GEO,15.05586765003821,5.9400898562612054,5.346080870635085,6.534098841887326
2024-01-08 14:45:00,GEO-01,GEO,15.185482533286105,6.259479102621263,5.633531192359137,6.88542701288339
2024-01-08 15:00:00,GEO-01,GEO,15.72905692658476,6.096612097251616,5.486950887526454,6.706273306976779
2024-01-08 15:15:00,GEO-01,GEO,14.953375551539782,6.010264257317544,5.4092378315857905,6.611290683049299
2024-01-08 15:30:00,GEO-01,GEO,15.273272284370218,5.972499198701639,5.375249278831475,6.569749118571804
2024-01-08 15:45:00,GEO-01,GEO,14.448882202168068,6.00035179257358,5.400316613316223,6.600386971830939
2024-01-08 16:00:00,GEO-01,GEO,15.465127949476056,6.01824494600271,5.416420451402439,6.620069440602982
2024-01-08 16:15:00,GEO-01,GEO,14.607696766216103,5.789588736476455,5.21062986282881,6.368547610124101
2024-01-08 16:30:00,GEO-01,GEO,14.579213333749504,5.900771679429453,5.310694511486508,6.490848847372399
2024-01-08 16:45:00,GEO-01,GEO,14.449811163193129,5.895094672335502,5.305585205101952,6.484604139569053
2024-01-08 17:00:00,GEO-01,GEO,14.418511882640763,5.979435518759413,5.3814919668834715,6.577379070635355
2024-01-08 17:15:00,GEO-01,GEO,13.616040934407355,5.6418493208793405,5.077664388791407,6.206034252967275
2024-01-08 17:30:00,GEO-01,GEO,13.901930890222552,5.671469227369953,5.104322304632958,6.238616150106949
2024-01-08 17:45:00,GEO-01,GEO,13.534610613047999,5.690376172623657,5.121338555361292,6.259413789886024
2024-01-08 18:00:00,GEO-01,GEO,12.992181162808313,5.737812454961847,5.164031209465662,6.311593700458032
2024-01-08 18:15:00,GEO-01,GEO,13.620254090479598,5.552803259698021,4.997522933728219,6.108083585667824
2024-01-08 18:30:00,GEO-01,GEO,13.042937366981919,5.664741117577402,5.098267005819662,6.231215229335143
2024-01-08 18:45:00,GEO-01,GEO,13.046039794255444,5.314487604122139,4.783038843709925,5.845936364534353
2024-01-08 19:00:00,GEO-01,GEO,12.852973157575352,5.348122450326262,4.813310205293636,5.882934695358888
2024-01-08 19:15:00,GEO-01,GEO,12.526155604795502,5.475624693447799,4.9280622241030185,6.023187162792579
2024-01-08 19:30:00,GEO-01,GEO,13.049373617403731,5.269224468964487,4.7423020220680385,5.796146915860937
2024-01-08 19:45:00,GEO-01,GEO,12.276397590997076,5.26481470337313,4.738333233035817,5.791296173710443
2024-01-08 20:00:00,GEO-01,GEO,11.661140592694979,5.304001279368174,4.773601151431357,5.834401407304992
2024-01-08 20:15:00,GEO-01,GEO,11.851361035379757,5.4111456696703035,4.870031102703273,5.9522602366373345
2024-01-08 20:30:00,GEO-01,GEO,11.970086457469922,5.12446532268054,4.612018790412486,5.636911854948594
2024-01-08 20:45:00,GEO-01,GEO,11.835090141140999,5.314108398248787,4.782697558423909,5.845519238073666
2024-01-08 21:00:00,GEO-01,GEO,11.211268961245286,5.386455256975754,4.847809731278179,5.92510078267333
2024-01-08 21:15:00,GEO-01,GEO,11.686542715001393,5.252901894200038,4.727611704780035,5.778192083620042
2024-01-08 21:30:00,GEO-01,GEO,10.757360169452104,5.227988385128407,4.705189546615567,5.7507872236412485
2024-01-08 21:45:00,GEO-01,GEO,11.51699904729188,5.300827294142016,4.770744564727814,5.830910023556218
2024-01-08 22:00:00,GEO-01,GEO,11.057474460686297,5.240573760429914,4.716516384386923,5.764631136472906
2024-01-08 22:15:00,GEO-01,GEO,11.292583787457321,5.401363292264133,4.86122696303772,5.9414996214905464
2024-01-08 22:30:00,GEO-01,GEO,11.597546713835495,5.157117484038792,4.641405735634913,5.6728292324426715
2024-01-08 22:45:00,GEO-01,GEO,11.242737343322663,5.272465505358481,4.745218954822633,5.79971205589433
2024-01-08 23:00:00,GEO-01,GEO,11.391879112866409,5.310989331119437,4.779890398007494,5.842088264231381
2024-01-08 23:15:00,GEO-01,GEO,11.284141515166455,5.268765027516605,4.741888524764945,5.7956415302682665
2024-01-08 23:30:00,GEO-01,GEO,11.448031480344428,5.039035646121133,4.53513208150902,5.5429392107332465
2024-01-08 23:45:00,GEO-01,GEO,11.356580458811553,5.3329410122197505,4.799646910997776,5.866235113441726
2024-01-01 00:00:00,GEO-02,GEO,-0.3835240078217079,0.16154501378245906,0.14539051240421316,0.17769951516070498
2024-01-01 00:15:00,GEO-02,GEO,-0.30544730640189166,0.20673466520984557,0.186061198688861,0.22740813173083013
2024-01-01 00:30:00,GEO-02,GEO,0.22514201788480614,0.5254654016587599,0.4729188614928839,0.5780119418246359
2024-01-01 00:45:00,GEO-02,GEO,0.4834165224044238,0.38465079868257623,0.34618571881431864,0.4231158785508339
2024-01-01 01:00:00,GEO-02,GEO,-0.12969891653388127,0.6343843255575157,0.5709458930017641,0.6978227581132673
2024-01-01 01:15:00,GEO-02,GEO,0.3231855411469071,0.6289456439907304,0.5660510795916573,0.6918402083898035
2024-01-01 01:30:00,GEO-02,GEO,0.5811709988822941,0.6243811557771418,0.5619430401994276,0.6868192713548561
2024-01-01 01:45:00,GEO-02,GEO,0.6610823940664985,0.6810334197378679,0.6129300777640811,0.7491367617116548
2024-01-01 02:00:00,GEO-02,GEO,1.7150111197683704,0.5455860072667739,0.49102740654009647,0.6001446079934513
2024-01-01 02:15:00,GEO-02,GEO,1.4087029029816955,0.7536553327224567,0.6782897994502111,0.8290208659947024
2024-01-01 02:30:00,GEO-02,GEO,1.2606781552731094,0.9193840032680968,0.8274456029412871,1.0113224035949064
2024-01-01 02:45:00,GEO-02,GEO,1.8378082815355654,0.8877375765158559,0.7989638188642704,0.9765113341674416
2024-01-01 03:00:00,GEO-02,GEO,1.8920053273942634,0.8740517721803378,0.786646594962304,0.9614569493983717
2024-01-01 03:15:00,GEO-02,GEO,2.048519088585597,1.0658068184550817,0.9592261366095736,1.17238750030059
2024-01-01 03:30:00,GEO-02,GEO,2.6403651682624583,0.908985175088259,0.8180866575794331,0.999883692597085
2024-01-01 03:45:00,GEO-02,GEO,2.337678709255132,0.8952049717545271,0.8056844745790743,0.9847254689299798
2024-01-01 04:00:00,GEO-02,GEO,2.4613734152405664,0.9989378802160773,0.8990440921944696,1.098831668237685
2024-01-01 04:15:00,GEO-02,GEO,2.0863597487296226,1.0832601794754912,0.9749341615279421,1.1915861974230404
2024-01-01 04:30:00,GEO-02,GEO,2.7361838375309278,0.854513421774147,0.7690620795967323,0.9399647639515618
2024-01-01 04:45:00,GEO-02,GEO,3.2824717012083786,1.0710502199205607,0.9639451979285046,1.178155241912617
2024-01-01 05:00:00,GEO-02,GEO,2.959883931775618,1.136444615039959,1.0228001535359632,1.250089076543955
2024-01-01 05:15:00,GEO-02,GEO,2.403146481623488,1.0378687018350028,0.9340818316515025,1.141655572018503
2024-01-01 05:30:00,GEO-02,GEO,3.004685385087115,1.1815425062259481,1.0633882556033534,1.2996967568485431
2024-01-01 05:45:00,GEO-02,GEO,3.5219102961754234,1.1375972971786947,1.0238375674608253,1.2513570268965644
2024-01-01 06:00:00,GEO-02,GEO,3.5737758471066066,1.2869124780933465,1.1582212302840118,1.4156037259026812
2024-01-01 06:15:00,GEO-02,GEO,3.2092004319428926,0.9937301334324434,0.8943571200891991,1.0931031467756878
2024-01-01 06:30:00,GEO-02,GEO,3.333141068455946,1.1446702168864689,1.030203195197822,1.2591372385751158
2024-01-01 06:45:00,GEO-02,GEO,3.4114350665455127,0.9495537662417208,0.8545983896175487,1.044509142865893
2024-01-01 07:00:00,GEO-02,GEO,3.35808690882867,0.8764134868412997,0.7887721381571697,0.9640548355254298
2024-01-01 07:15:00,GEO-02,GEO,2.960598719124722,0.8181499503592137,0.7363349553232923,0.8999649453951352
2024-01-01 07:30:00,GEO-02,GEO,3.801580099304024,1.0565016108972491,0.9508514498075242,1.162151771986974
2024-01-01 07:45:00,GEO-02,GEO,3.94312138396616,0.9994097222329875,0.8994687500096887,1.0993506944562863
2024-01-01 08:00:00,GEO-02,GEO,3.0946054532005522,0.9088927219094884,0.8180034497185397,0.9997819941004373
2024-01-01 08:15:00,GEO-02,GEO,3.8982463382126213,0.7529158096279498,0.6776242286651548,0.8282073905907449
2024-01-01 08:30:00,GEO-02,GEO,3.4601642113571183,0.8325198977299596,0.7492679079569636,0.9157718875029557
2024-01-01 08:45:00,GEO-02,GEO,3.8158771987771214,0.8712617821354236,0.7841356039218813,0.958387960348966
2024-01-01 09:00:00,GEO-02,GEO,3.4085670912526242,0.917651201973583,0.8258860817762247,1.0094163221709413
2024-01-01 09:15:00,GEO-02,GEO,3.3785965454999234,0.8025443561467114,0.7222899205320402,0.8827987917613825
2024-01-01 09:30:00,GEO-02,GEO,3.382684765417446,0.7938504613483828,0.7144654152135446,0.8732355074832211
2024-01-01 09:45:00,GEO-02,GEO,2.9596220288356565,0.6942675315337516,0.6248407783803765,0.7636942846871269
2024-01-01 10:00:00,GEO-02,GEO,3.0337691365802395,0.8690415777643177,0.7821374199878859,0.9559457355407495
2024-01-01 10:15:00,GEO-02,GEO,2.2512858103792777,0.5537510983616594,0.4983759885254934,0.6091262081978254
2024-01-01 10:30:00,GEO-02,GEO,2.3734494746402666,0.5465474822550622,0.491892734029556,0.6012022304805685
2024-01-01 10:45:00,GEO-02,GEO,2.552265267457067,0.5277912973151813,0.47501216758366316,0.5805704270466995
2024-01-01 11:00:00,GEO-02,GEO,2.1382243616041814,0.5917375819568312,0.5325638237611481,0.6509113401525144
2024-01-01 11:15:00,GEO-02,GEO,2.4158749776216193,0.3941296102267345,0.35471664920406104,0.433542571249408
2024-01-01 11:30:00,GEO-02,GEO,2.4832173186481006,0.4724680135695357,0.42522121221258213,0.5197148149264893
2024-01-01 11:45:00,GEO-02,GEO,2.2588621384918754,0.43682213890977284,0.3931399250187956,0.48050435280075016
2024-01-01 12:00:00,GEO-02,GEO,1.3623041206014772,0.31310461472302664,0.281794153250724,0.34441507619532935
2024-01-01 12:15:00,GEO-02,GEO,1.86095340296517,0.37873855898693487,0.3408647030882414,0.4166124148856284
2024-01-01 12:30:00,GEO-02,GEO,2.0105050218239415,0.20936269142149766,0.1884264222793479,0.23029896056364743
2024-01-01 12:45:00,GEO-02,GEO,1.1848458036300813,0.16425060363028968,0.14782554326726072,0.18067566399331866
2024-01-01 13:00:00,GEO-02,GEO,1.674825237799272,0.2533441593139107,0.22800974338251961,0.27867857524530176
2024-01-01 13:15:00,GEO-02,GEO,1.536385799619818,0.04663947988651859,0.041975531897866736,0.051303427875170456
2024-01-01 13:30:00,GEO-02,GEO,0.8520902289989193,-0.03064136137159612,-0.02757722523443651,-0.03370549750875573
2024-01-01 13:45:00,GEO-02,GEO,1.3473459991465973,0.21051651994823098,0.1894648679534079,0.2315681719430541
2024-01-01 14:00:00,GEO-02,GEO,1.0626514927932909,0.2378635764771725,0.21407721882945524,0.26164993412488974
2024-01-01 14:15:00,GEO-02,GEO,1.0627368732598914,0.06451745845707202,0.05806571261136482,0.07096920430277923
2024-01-01 14:30:00,GEO-02,GEO,0.46811739617540277,0.02526767743306338,0.022740909689757043,0.02779444517636972
2024-01-01 14:45:00,GEO-02,GEO,0.6976282296320737,0.1762876805603696,0.15865891250433264,0.19391644861640656
2024-01-01 15:00:00,GEO-02,GEO,0.04044860150278884,-0.052253061566145356,-0.04702775540953082,-0.057478367722759896
2024-01-01 15:15:00,GEO-02,GEO,-0.2265712824017233,-0.0844504180904164,-0.07600537628137476,-0.09289545989945805
2024-01-01 15:30:00,GEO-02,GEO,0.4091956590082548,0.11535541781902192,0.10381987603711973,0.1268909596009241
2024-01-01 15:45:00,GEO-02,GEO,0.6138477362672039,0.04140538174448232,0.03726484357003409,0.045545919918930554
2024-01-01 16:00:00,GEO-02,GEO,0.5171885069351899,0.14617616721815407,0.13155855049633866,0.1607937839399695
2024-01-01 16:15:00,GEO-02,GEO,0.352964998347401,-0.17181576909731333,-0.154634192187582,-0.18899734600704468
2024-01-01 16:30:00,GEO-02,GEO,0.2540398742577247,-0.09195488947457867,-0.0827594005271208,-0.10115037842203654
2024-01-01 16:45:00,GEO-02,GEO,-0.026184531100104325,0.058856270952581946,0.05297064385732375,0.06474189804784014
2024-01-01 17:00:00,GEO-02,GEO,0.14463503265683975,0.1119247564491705,0.10073228080425346,0.12311723209408756
2024-01-01 17:15:00,GEO-02,GEO,0.30093401983277024,0.17101542403881131,0.1539138816349302,0.18811696644269246
2024-01-01 17:30:00,GEO-02,GEO,0.01599151704260604,0.12336540646718258,0.11102886582046433,0.13570194711390085
2024-01-01 17:45:00,GEO-02,GEO,0.35298677037166043,0.14529762332769275,0.1307678609949235,0.15982738566046203
2024-01-01 18:00:00,GEO-02,GEO,0.1771685931932151,0.1161774977315995,0.10455974795843954,0.12779524750475946
2024-01-01 18:15:00,GEO-02,GEO,0.2134980613026139,0.34377296512417943,0.3093956686117615,0.37815026163659743
2024-01-01 18:30:00,GEO-02,GEO,0.39460342065119186,0.10715239998781809,0.09643715998903628,0.11786763998659991
2024-01-01 18:45:00,GEO-02,GEO,-0.010781039016291016,0.2892509151532947,0.26032582363796525,0.3181760066686242
2024-01-01 19:00:00,GEO-02,GEO,0.37396854961984927,0.19348512103882198,0.1741366089349398,0.2128336331427042
2024-01-01 19:15:00,GEO-02,GEO,0.098773678623993,0.38757203595353057,0.3488148323581775,0.4263292395488837
2024-01-01 19:30:00,GEO-02,GEO,0.3647313083686357,0.27500732996513216,0.24750659696861896,0.3025080629616454
2024-01-01 19:45:00,GEO-02,GEO,0.12680708928551743,0.5003560141203682,0.4503204127083314,0.5503916155324051
2024-01-01 20:00:00,GEO-02,GEO,0.11435276722139615,0.4869531216931232,0.4382578095238109,0.5356484338624355
2024-01-01 20:15:00,GEO-02,GEO,0.491335174883479,0.702319208506726,0.6320872876560535,0.7725511293573987
2024-01-01 20:30:00,GEO-02,GEO,-0.016602818662091234,0.5540420886802176,0.49863787981219587,0.6094462975482394
2024-01-01 20:45:00,GEO-02,GEO,0.5539728004359727,0.6809278235555145,0.6128350411999631,0.749020605911066
2024-01-01 21:00:00,GEO-02,GEO,0.2632576248620206,0.6185648795057284,0.5567083915551555,0.6804213674563012
2024-01-01 21:15:00,GEO-02,GEO,1.0893518884468822,0.7274586205779038,0.6547127585201135,0.8002044826356942
2024-01-01 21:30:00,GEO-02,GEO,1.2887558126098955,0.827957452807522,0.7451617075267698,0.9107531980882743
2024-01-01 21:45:00,GEO-02,GEO,0.840011871392391,0.7270052496100734,0.6543047246490661,0.7997057745710808
2024-01-01 22:00:00,GEO-02,GEO,1.3600716196112663,0.8013075401057312,0.7211767860951581,0.8814382941163045
2024-01-01 22:15:00,GEO-02,GEO,1.6401474955504536,1.0671800377723277,0.960462033995095,1.1738980415495606
2024-01-01 22:30:00,GEO-02,GEO,1.7859402110960585,1.0572712639939381,0.9515441375945444,1.162998390393332
2024-01-01 22:45:00,GEO-02,GEO,1.7297804874630331,1.0776125716587797,0.9698513144929017,1.1853738288246578
2024-01-01 23:00:00,GEO-02,GEO,2.0409017294491543,1.1283476490247142,1.0155128841222427,1.2411824139271856
2024-01-01 23:15:00,GEO-02,GEO,1.785340420672141,1.1972300199951915,1.0775070179956725,1.3169530219947108
2024-01-01 23:30:00,GEO-02,GEO,2.1683968517243546,1.3430344853065048,1.2087310367758544,1.4773379338371555
2024-01-01 23:45:00,GEO-02,GEO,2.1698503776021765,1.4404291097123543,1.296386198741119,1.5844720206835898
2024-01-02 00:00:00,GEO-02,GEO,2.2589637573403554,1.2500865926564,1.1250779333907601,1.37509525192204
2024-01-02 00:15:00,GEO-02,GEO,2.6610207286374186,1.6629615997484601,1.496665439773614,1.8292577597233064
2024-01-02 00:30:00,GEO-02,GEO,2.926922056603164,1.7170258815091146,1.5453232933582033,1.8887284696600262
2024-01-02 00:45:00,GEO-02,GEO,3.344907514175433,1.4095574718264365,1.2686017246437928,1.5505132190090802
2024-01-02 01:00:00,GEO-02,GEO,3.2486920971195614,1.8093711315755383,1.6284340184179844,1.9903082447330922
2024-01-02 01:15:00,GEO-02,GEO,3.5344812550158142,1.8626499718512393,1.6763849746661155,2.0489149690363635
2024-01-02 01:30:00,GEO-02,GEO,3.709479574144705,1.811529845235221,1.630376860711699,1.9926828297587433
2024-01-02 01:45:00,GEO-02,GEO,4.489558088129651,1.7339552321902902,1.5605597089712613,1.9073507554093194
2024-01-02 02:00:00,GEO-02,GEO,3.307684261223897,2.0150425907432155,1.813538331668894,2.2165468498175374
2024-01-02 02:15:00,GEO-02,GEO,3.8086957993401853,1.9367465663861378,1.743071909747524,2.1304212230247517
2024-01-02 02:30:00,GEO-02,GEO,4.6180661589712,2.0604616646286877,1.854415498165819,2.2665078310915567
2024-01-02 02:45:00,GEO-02,GEO,4.226831297047887,2.2694155716703315,2.0424740145032985,2.496357128837365
2024-01-02 03:00:00,GEO-02,GEO,4.750013546857484,2.111693596813116,1.9005242371318045,2.322862956494428
2024-01-02 03:15:00,GEO-02,GEO,4.699823709684985,2.030816447978381,1.8277348031805427,2.233898092776219
2024-01-02 03:30:00,GEO-02,GEO,5.403122680821672,2.121807966139226,1.9096271695253033,2.333988762753149
2024-01-02 03:45:00,GEO-02,GEO,4.57208646824614,2.106107821509455,1.8954970393585093,2.3167186036604006
2024-01-02 04:00:00,GEO-02,GEO,4.981816091845399,2.254795478629962,2.0293159307669657,2.4802750264929583
2024-01-02 04:15:00,GEO-02,GEO,5.2606211218913925,2.1538985050662096,1.9385086545595887,2.369288355572831
2024-01-02 04:30:00,GEO-02,GEO,4.54428193351057,2.206899507396867,1.9862095566571805,2.4275894581365542
2024-01-02 04:45:00,GEO-02,GEO,5.188345852771614,2.142012136407617,1.9278109227668554,2.356213350048379
2024-01-02 05:00:00,GEO-02,GEO,4.760389325580746,2.2700932312112716,2.0430839080901446,2.497102554332399
2024-01-02 05:15:00,GEO-02,GEO,5.147013976626864,2.310400161971752,2.0793601457745767,2.5414401781689273
2024-01-02 05:30:00,GEO-02,GEO,5.140021777377186,2.030259043160793,1.8272331388447138,2.233284947476873
2024-01-02 05:45:00,GEO-02,GEO,4.566081607718668,2.3273278053624677,2.094595024826221,2.560060585898715
2024-01-02 06:00:00,GEO-02,GEO,5.002627097205181,2.296095961409419,2.066486365268477,2.525705557550361
2024-01-02 06:15:00,GEO-02,GEO,4.969492575731592,2.2201830465918104,1.9981647419326294,2.4422013512509917
2024-01-02 06:30:00,GEO-02,GEO,5.411776317951007,2.4923539425407055,2.243118548286635,2.7415893367947763
2024-01-02 06:45:00,GEO-02,GEO,5.183316885224709,2.3750256280587947,2.1375230652529154,2.6125281908646745
2024-01-02 07:00:00,GEO-02,GEO,5.709492342164786,2.1562017016306902,1.9405815314676214,2.3718218717937596
2024-01-02 07:15:00,GEO-02,GEO,5.06693971862382,2.3334185408749732,2.100076686787476,2.5667603949624707
2024-01-02 07:30:00,GEO-02,GEO,5.006169878070985,2.3550108345365213,2.119509751082869,2.5905119179901734
2024-01-02 07:45:00,GEO-02,GEO,4.976022526297911,2.2220788413771904,1.9998709572394713,2.4442867255149094
2024-01-02 08:00:00,GEO-02,GEO,4.883589647634052,2.2208338496172546,1.9987504646555292,2.4429172345789802
2024-01-02 08:15:00,GEO-02,GEO,4.328091308075566,2.1919927279919285,1.9727934551927357,2.4111920007911216
2024-01-02 08:30:00,GEO-02,GEO,4.890338908227505,1.9208687927283563,1.7287819134555207,2.112955672001192
2024-01-02 08:45:00,GEO-02,GEO,4.29330720094957,2.080057339959696,1.8720516059637264,2.2880630739556658
2024-01-02 09:00:00,GEO-02,GEO,4.998118088294828,2.042334799372727,1.8381013194354543,2.24656827931
2024-01-02 09:15:00,GEO-02,GEO,4.431241204664771,2.1751053131043214,1.9575947817938892,2.392615844414754
2024-01-02 09:30:00,GEO-02,GEO,4.467980708949867,2.0299090317109005,1.8269181285398106,2.2328999348819907
2024-01-02 09:45:00,GEO-02,GEO,4.461144992480084,1.9300114916963542,1.737010342526719,2.1230126408659897
2024-01-02 10:00:00,GEO-02,GEO,4.51926920563016,1.9129985016893594,1.7216986515204236,2.1042983518582954
2024-01-02 10:15:00,GEO-02,GEO,4.495143301975726,1.9858064392340806,1.7872257953106725,2.184387083157489
2024-01-02 10:30:00,GEO-02,GEO,4.72479619660949,1.8259046559359018,1.6433141903423116,2.008495121529492
2024-01-02 10:45:00,GEO-02,GEO,4.127109659804152,1.7350993696822297,1.5615894327140067,1.9086093066504528
2024-01-02 11:00:00,GEO-02,GEO,4.340409598308834,1.7377887411439306,1.5640098670295375,1.9115676152583239
2024-01-02 11:15:00,GEO-02,GEO,4.907258599036508,1.8199770218645488,1.6379793196780938,2.0019747240510037
2024-01-02 11:30:00,GEO-02,GEO,4.089045501214184,1.7364044633513878,1.5627640170162491,1.9100449096865266
2024-01-02 11:45:00,GEO-02,GEO,3.8063342251885355,1.6526497401788869,1.4873847661609982,1.8179147141967757
2024-01-02 12:00:00,GEO-02,GEO,3.50877907554785,1.6295861600177057,1.466627544015935,1.7925447760194764
2024-01-02 12:15:00,GEO-02,GEO,3.56428570487454,1.5176581838085579,1.3658923654277022,1.6694240021894138
2024-01-02 12:30:00,GEO-02,GEO,3.2354199919534814,1.518640959527836,1.3667768635750526,1.6705050554806198
2024-01-02 12:45:00,GEO-02,GEO,3.4598547421031056,1.4375194039758705,1.2937674635782834,1.5812713443734576
2024-01-02 13:00:00,GEO-02,GEO,3.288191159643699,1.4417974735086492,1.2976177261577844,1.5859772208595142
2024-01-02 13:15:00,GEO-02,GEO,2.486867655273962,1.5751246830738455,1.417612214766461,1.7326371513812302
2024-01-02 13:30:00,GEO-02,GEO,3.0095356512718503,1.303943546022567,1.1735491914203104,1.4343379006248238
2024-01-02 13:45:00,GEO-02,GEO,3.2193059496378327,1.3162532415031176,1.1846279173528058,1.4478785656534294
2024-01-02 14:00:00,GEO-02,GEO,2.4564264849313697,1.2354285142013364,1.1118856627812028,1.3589713656214701
2024-01-02 14:15:00,GEO-02,GEO,2.267071190777938,1.191998712884424,1.0727988415959817,1.3111985841728666
2024-01-02 14:30:00,GEO-02,GEO,1.9400187658277788,1.3012893695001695,1.1711604325501526,1.4314183064501866
2024-01-02 14:45:00,GEO-02,GEO,1.6905076680912328,1.241865058059694,1.1176785522537245,1.3660515638656634
2024-01-02 15:00:00,GEO-02,GEO,2.396634833719354,1.466361471589824,1.3197253244308418,1.6129976187488066
2024-01-02 15:15:00,GEO-02,GEO,1.997400466842325,1.2514940080407784,1.1263446072367005,1.3766434088448563
2024-01-02 15:30:00,GEO-02,GEO,2.193871485508845,1.401423280068033,1.2612809520612298,1.5415656080748366
2024-01-02 15:45:00,GEO-02,GEO,2.3383834634705436,1.365194028864173,1.228674625977756,1.5017134317505905
2024-01-02 16:00:00,GEO-02,GEO,2.0788483949450147,1.2466848960435868,1.1220164064392282,1.3713533856479456
2024-01-02 16:15:00,GEO-02,GEO,1.5704537479152512,1.4811161952659049,1.3330045757393145,1.6292278147924955
2024-01-02 16:30:00,GEO-02,GEO,1.714927036487699,1.3028577265606167,1.1725719539045552,1.4331434992166785
2024-01-02 16:45:00,GEO-02,GEO,1.4333198536019878,1.4366158098454231,1.2929542288608808,1.5802773908299657
2024-01-02 17:00:00,GEO-02,GEO,1.359873391831178,1.437708894035776,1.2939380046321984,1.5814797834393537
2024-01-02 17:15:00,GEO-02,GEO,1.6384398548904664,1.3556723320572022,1.2201050988514819,1.4912395652629225
2024-01-02 17:30:00,GEO-02,GEO,1.258036648763591,1.4088885326437472,1.2679996793793726,1.549777385908122
2024-01-02 17:45:00,GEO-02,GEO,0.8262318553105622,1.4191310675806414,1.2772179608225773,1.5610441743387058
2024-01-02 18:00:00,GEO-02,GEO,1.2130983411318654,1.2685833271723068,1.1417249944550762,1.3954416598895376
2024-01-02 18:15:00,GEO-02,GEO,1.3875065181806252,1.4183033283558875,1.2764729955202987,1.5601336611914762
2024-01-02 18:30:00,GEO-02,GEO,1.9455907707517262,1.5527712872061912,1.397494158485572,1.7080484159268103
2024-01-02 18:45:00,GEO-02,GEO,1.361130982635041,1.6338593499107248,1.4704734149196523,1.7972452849017975
2024-01-02 19:00:00,GEO-02,GEO,1.6908982278887916,1.448093855591287,1.3032844700321584,1.5929032411504158
2024-01-02 19:15:00,GEO-02,GEO,1.5253908504272093,1.6148691298311888,1.45338221684807,1.776356042814308
2024-01-02 19:30:00,GEO-02,GEO,1.9919651332003436,1.62168792650852,1.459519133857668,1.7838567191593722
2024-01-02 19:45:00,GEO-02,GEO,2.028834036931921,1.6420788560890212,1.4778709704801192,1.8062867416979234
2024-01-02 20:00:00,GEO-02,GEO,2.4919673933843,1.73923470821003,1.565311237389027,1.913158179031033
2024-01-02 20:15:00,GEO-02,GEO,1.6951316400352359,1.7775468505243293,1.5997921654718963,1.9553015355767625
2024-01-02 20:30:00,GEO-02,GEO,2.362525358789256,1.8641766285714942,1.6777589657143448,2.0505942914286437
2024-01-02 20:45:00,GEO-02,GEO,2.6220855611967284,2.010494706302621,1.8094452356723587,2.211544176932883
2024-01-02 21:00:00,GEO-02,GEO,2.611183242993085,2.0028350849151275,1.8025515764236149,2.2031185934066406
2024-01-02 21:15:00,GEO-02,GEO,2.798111523570859,2.015198865386161,1.8136789788475451,2.2167187519247777
2024-01-02 21:30:00,GEO-02,GEO,2.7427788827343753,2.2317368288222523,2.0085631459400273,2.454910511704478
2024-01-02 21:45:00,GEO-02,GEO,2.627312923472182,2.218612019722101,1.996750817749891,2.4404732216943112
2024-01-02 22:00:00,GEO-02,GEO,2.473999463044852,2.161721907940731,1.945549717146658,2.3778940987348043
2024-01-02 22:15:00,GEO-02,GEO,2.9282869005211802,2.1133738858303333,1.9020364972473,2.324711274413367
2024-01-02 22:30:00,GEO-02,GEO,4.070183354108545,2.2009886963319145,1.9808898266987232,2.4210875659651063
2024-01-02 22:45:00,GEO-02,GEO,3.2713008321158497,2.458120288072003,2.2123082592648027,2.7039323168792033
2024-01-02 23:00:00,GEO-02,GEO,2.9843442066249968,2.366906837417951,2.130216153676156,2.6035975211597466
2024-01-02 23:15:00,GEO-02,GEO,3.951485570138495,2.394165170133224,2.154748653119902,2.6335816871465467
2024-01-02 23:30:00,GEO-02,GEO,4.151649062303655,2.4838626994138195,2.235476429472438,2.7322489693552017
2024-01-02 23:45:00,GEO-02,GEO,4.447729664356567,2.555078910368525,2.2995710193316725,2.810586801405378
2024-01-03 00:00:00,GEO-02,GEO,4.371944648259509,2.7722539006740052,2.4950285106066046,3.049479290741406
2024-01-03 00:15:00,GEO-02,GEO,4.655433113208126,2.733895804770101,2.4605062242930913,3.0072853852471115
2024-01-03 00:30:00,GEO-02,GEO,5.12627903187985,2.6735101634618323,2.406159147115649,2.940861179808016
2024-01-03 00:45:00,GEO-02,GEO,4.523763783841822,2.8736192562342224,2.5862573306108003,3.160981181857645
2024-01-03 01:00:00,GEO-02,GEO,4.637541174974286,2.9508968934649396,2.6558072041184455,3.2459865828114336
2024-01-03 01:15:00,GEO-02,GEO,4.765077080332981,2.9370862188509075,2.643377596965817,3.2307948407359985
2024-01-03 01:30:00,GEO-02,GEO,5.185314693893169,3.154965622512597,2.839469060261337,3.4704621847638566
2024-01-03 01:45:00,GEO-02,GEO,5.864875452039623,3.0494700240864074,2.7445230216777667,3.3544170264950486
2024-01-03 02:00:00,GEO-02,GEO,5.760665440201052,3.2522453685172805,2.9270208316655526,3.577469905369009
2024-01-03 02:15:00,GEO-02,GEO,5.913234492875619,3.24843976926023,2.9235957923342073,3.573283746186253
2024-01-03 02:30:00,GEO-02,GEO,5.38160791229687,3.3261261493280907,2.993513534395282,3.6587387642609
2024-01-03 02:45:00,GEO-02,GEO,5.8760301190045094,3.165532178670371,2.848978960803334,3.482085396537409
2024-01-03 03:00:00,GEO-02,GEO,5.68512626338987,3.3242327592514234,2.991809483326281,3.656656035176566
2024-01-03 03:15:00,GEO-02,GEO,6.733745537024108,3.3451139349696177,3.010602541472656,3.67962532846658
2024-01-03 03:30:00,GEO-02,GEO,6.998806855996493,3.2410722314173017,2.9169650082755716,3.5651794545590323
2024-01-03 03:45:00,GEO-02,GEO,6.891423762208877,3.5234502487907027,3.1711052239116326,3.875795273669773
2024-01-03 04:00:00,GEO-02,GEO,6.0790691917707225,3.357598235471233,3.0218384119241097,3.693358059018357
2024-01-03 04:15:00,GEO-02,GEO,6.940182557797213,3.4014402963344494,3.0612962667010044,3.7415843259678945
2024-01-03 04:30:00,GEO-02,GEO,6.53246020305624,3.3807448843489167,3.0426703959140253,3.7188193727838086
2024-01-03 04:45:00,GEO-02,GEO,6.348976074874248,3.568465624732273,3.2116190622590457,3.9253121872055003
2024-01-03 05:00:00,GEO-02,GEO,6.520546524348784,3.358600778162785,3.0227407003465063,3.6944608559790635
2024-01-03 05:15:00,GEO-02,GEO,6.768747593591608,3.5824039809648616,3.2241635828683757,3.940644379061348
2024-01-03 05:30:00,GEO-02,GEO,6.991700791980083,3.631081064773747,3.2679729582963724,3.9941891712511217
2024-01-03 05:45:00,GEO-02,GEO,6.99833360409587,3.58298011025388,3.224682099228492,3.941278121279268
2024-01-03 06:00:00,GEO-02,GEO,6.683533132422061,3.599820651180598,3.2398385860625383,3.9598027162986584
2024-01-03 06:15:00,GEO-02,GEO,7.522462586787173,3.600528706702085,3.2404758360318766,3.960581577372294
2024-01-03 06:30:00,GEO-02,GEO,7.154847688679986,3.4224404357179985,3.0801963921461986,3.7646844792897984
2024-01-03 06:45:00,GEO-02,GEO,7.017824470530409,3.650543291541613,3.285488962387452,4.015597620695774
2024-01-03 07:00:00,GEO-02,GEO,7.587294712117746,3.4477261431093384,3.1029535287984045,3.7924987574202724
2024-01-03 07:15:00,GEO-02,GEO,6.911781986102005,3.470847909435719,3.1237631184921475,3.8179327003792913
2024-01-03 07:30:00,GEO-02,GEO,6.781138677181081,3.425189113376177,3.0826702020385595,3.767708024713795
2024-01-03 07:45:00,GEO-02,GEO,7.645052594074421,3.485922779480025,3.1373305015320225,3.834515057428028
2024-01-03 08:00:00,GEO-02,GEO,7.814859454390444,3.3587777398856375,3.0228999658970737,3.6946555138742014
2024-01-03 08:15:00,GEO-02,GEO,7.083764615976675,3.3927414520003647,3.053467306800328,3.7320155972004017
2024-01-03 08:30:00,GEO-02,GEO,7.174583132536509,3.233807815182944,2.9104270336646496,3.5571885967012387
2024-01-03 08:45:00,GEO-02,GEO,6.801641043105856,3.443102638771752,3.0987923748945767,3.7874129026489274
2024-01-03 09:00:00,GEO-02,GEO,7.0961326885738725,3.361191996443008,3.025072796798707,3.697311196087309
2024-01-03 09:15:00,GEO-02,GEO,6.892524551868348,3.230755591535016,2.9076800323815144,3.553831150688518
2024-01-03 09:30:00,GEO-02,GEO,6.937618802447651,3.1775131606289904,2.8597618445660915,3.4952644766918897
2024-01-03 09:45:00,GEO-02,GEO,7.0167224057907776,3.25212723081665,2.926914507734985,3.5773399538983153
2024-01-03 10:00:00,GEO-02,GEO,6.483282912146639,3.0791734560017225,2.7712561104015503,3.3870908016018952
2024-01-03 10:15:00,GEO-02,GEO,6.616516262306003,3.1238962309247156,2.811506607832244,3.4362858540171874
2024-01-03 10:30:00,GEO-02,GEO,6.090294733735872,3.188394819280431,2.869555337352388,3.507234301208474
2024-01-03 10:45:00,GEO-02,GEO,6.425849341204191,2.95168502935453,2.656516526419077,3.246853532289983
2024-01-03 11:00:00,GEO-02,GEO,6.4003123747487844,3.030110861624897,2.727099775462407,3.333121947787387
2024-01-03 11:15:00,GEO-02,GEO,6.38866999516952,2.985371752452689,2.68683457720742,3.283908927697958
2024-01-03 11:30:00,GEO-02,GEO,6.2796900910759295,2.9049461092021818,2.6144514982819635,3.1954407201224
2024-01-03 11:45:00,GEO-02,GEO,6.363634825670845,2.8257358027104416,2.5431622224393973,3.108309382981486
2024-01-03 12:00:00,GEO-02,GEO,5.512601453926104,2.9598037540395197,2.6638233786355676,3.2557841294434717
2024-01-03 12:15:00,GEO-02,GEO,5.408678898097314,2.7417673858682705,2.4675906472814435,3.015944124455098
2024-01-03 12:30:00,GEO-02,GEO,5.891950314535816,2.584723827735995,2.326251444962396,2.843196210509595
2024-01-03 12:45:00,GEO-02,GEO,4.999544769578108,2.795795013593284,2.5162155122339556,3.0753745149526126
2024-01-03 13:00:00,GEO-02,GEO,5.544094820265139,2.5790368852386987,2.321133196714829,2.836940573762569
2024-01-03 13:15:00,GEO-02,GEO,5.013422378254092,2.73758678947355,2.463828110526195,3.011345468420905
2024-01-03 13:30:00,GEO-02,GEO,5.7189242838585805,2.7731128702214862,2.495801583199338,3.050424157243635
2024-01-03 13:45:00,GEO-02,GEO,5.203574616745918,2.675991814262135,2.4083926328359215,2.9435909956883486
2024-01-03 14:00:00,GEO-02,GEO,5.161176877325463,2.695891348960521,2.426302214064469,2.9654804838565734
2024-01-03 14:15:00,GEO-02,GEO,5.482020128290332,2.7689863175730047,2.4920876858157044,3.0458849493303055
2024-01-03 14:30:00,GEO-02,GEO,4.6850720384387285,2.6445344254574517,2.3800809829117067,2.908987868003197
2024-01-03 14:45:00,GEO-02,GEO,4.636646032999391,2.5645751337791745,2.3081176204012572,2.821032647157092
2024-01-03 15:00:00,GEO-02,GEO,4.41955724615103,2.681479215139829,2.413331293625846,2.9496271366538123
2024-01-03 15:15:00,GEO-02,GEO,4.443095840458565,2.6831480354200745,2.414833231878067,2.9514628389620823
2024-01-03 15:30:00,GEO-02,GEO,4.631363342365215,2.6772525903278312,2.409527331295048,2.9449778493606145
2024-01-03 15:45:00,GEO-02,GEO,4.677935544341998,2.4470708481273675,2.2023637633146307,2.6917779329401044
2024-01-03 16:00:00,GEO-02,GEO,4.767134545085245,2.360070293993006,2.124063264593705,2.5960773233923065
2024-01-03 16:15:00,GEO-02,GEO,3.861982180279741,2.4426752369907123,2.1984077132916413,2.6869427606897838
2024-01-03 16:30:00,GEO-02,GEO,4.2961417911545166,2.5742603077703112,2.3168342769932804,2.8316863385473425
2024-01-03 16:45:00,GEO-02,GEO,3.9615363037948943,2.529122596055093,2.2762103364495836,2.7820348556606023
2024-01-03 17:00:00,GEO-02,GEO,4.187007753168318,2.5052929246368234,2.254763632173141,2.755822217100506
2024-01-03 17:15:00,GEO-02,GEO,4.912078330210866,2.5981474917040748,2.3383327425336673,2.8579622408744827
2024-01-03 17:30:00,GEO-02,GEO,4.271517292302116,2.414586757972694,2.1731280821754244,2.6560454337699633
2024-01-03 17:45:00,GEO-02,GEO,4.435050782384719,2.5987326742147063,2.338859406793236,2.8586059416361773
2024-01-03 18:00:00,GEO-02,GEO,4.743984041501465,2.7227470530731237,2.4504723477658112,2.995021758380436
2024-01-03 18:15:00,GEO-02,GEO,4.494012285742336,2.6953976756432665,2.4258579080789398,2.9649374432075932
2024-01-03 18:30:00,GEO-02,GEO,4.0310308274991264,2.742419364271956,2.4681774278447604,3.016661300699152
2024-01-03 18:45:00,GEO-02,GEO,3.8018965416285417,2.8688698154466685,2.5819828339020017,3.155756796991336
2024-01-03 19:00:00,GEO-02,GEO,4.204511669726825,2.7414353125639734,2.4672917813075763,3.015578843820371
2024-01-03 19:15:00,GEO-02,GEO,4.081805535353297,2.724568651791711,2.45211178661254,2.9970255169708824
2024-01-03 19:30:00,GEO-02,GEO,3.842921154056548,2.953444227724129,2.6580998049517164,3.248788650496542
2024-01-03 19:45:00,GEO-02,GEO,4.4302165704826475,2.9988701439274332,2.6989831295346898,3.2987571583201767
2024-01-03 20:00:00,GEO-02,GEO,4.504730380377932,2.987355431039967,2.68861988793597,3.286090974143964
2024-01-03 20:15:00,GEO-02,GEO,5.031911338087234,2.967601827676329,2.670841644908696,3.264362010443962
2024-01-03 20:30:00,GEO-02,GEO,4.4778288531125146,3.038065655061889,2.7342590895557004,3.3418722205680784
2024-01-03 20:45:00,GEO-02,GEO,4.764290026998788,2.966537553271367,2.6698837979442307,3.263191308598504
2024-01-03 21:00:00,GEO-02,GEO,4.582925678957027,3.2636087971262357,2.9372479174136124,3.5899696768388596
2024-01-03 21:15:00,GEO-02,GEO,5.154933084180151,3.319796688728661,2.987817019855795,3.6517763576015274
2024-01-03 21:30:00,GEO-02,GEO,4.973737871739498,3.141997866370124,2.8277980797331117,3.4561976530071368
2024-01-03 21:45:00,GEO-02,GEO,4.784820331982129,3.4222740868015413,3.0800466781213873,3.7645014954816958
2024-01-03 22:00:00,GEO-02,GEO,5.264936761188986,3.4392637355788254,3.095337362020943,3.7831901091367084
2024-01-03 22:15:00,GEO-02,GEO,5.524964227533022,3.360780333303399,3.0247022999730593,3.6968583666337396
2024-01-03 22:30:00,GEO-02,GEO,5.629182037388908,3.407063562593575,3.0663572063342173,3.7477699188529328
2024-01-03 22:45:00,GEO-02,GEO,6.016614828739618,3.63003818845747,3.267034369611723,3.993042007303217
2024-01-03 23:00:00,GEO-02,GEO,5.423593991987811,3.618059492229413,3.256253543006472,3.9798654414523544
2024-01-03 23:15:00,GEO-02,GEO,5.764717614063086,3.904857421176241,3.5143716790586166,4.2953431632938655
2024-01-03 23:30:00,GEO-02,GEO,6.372796888385327,3.8828228898242885,3.4945406008418596,4.271105178806717
2024-01-03 23:45:00,GEO-02,GEO,6.129801283070407,3.899078473527675,3.5091706261749076,4.288986320880443
2024-01-04 00:00:00,GEO-02,GEO,6.588642101094342,3.9673888525728778,3.5706499673155903,4.364127737830166
2024-01-04 00:15:00,GEO-02,GEO,5.961678713792326,4.110548548661907,3.699493693795716,4.521603403528098
2024-01-04 00:30:00,GEO-02,GEO,7.674847492268922,4.1232912509413655,3.710962125847229,4.535620376035502
2024-01-04 00:45:00,GEO-02,GEO,6.952339901141052,4.148383228584445,3.733544905726,4.563221551442889
2024-01-04 01:00:00,GEO-02,GEO,7.56473289374569,4.058535980867222,3.6526823827805,4.464389578953945
2024-01-04 01:15:00,GEO-02,GEO,7.278233323671618,4.519106419812473,4.067195777831225,4.97101706179372
2024-01-04 01:30:00,GEO-02,GEO,7.675304757608425,4.156950656639359,3.741255590975423,4.572645722303295
2024-01-04 01:45:00,GEO-02,GEO,8.168274249143458,4.288201457222478,3.85938131150023,4.717021602944726
2024-01-04 02:00:00,GEO-02,GEO,8.23783636478751,4.203830590489426,3.783447531440484,4.624213649538369
2024-01-04 02:15:00,GEO-02,GEO,7.991140042305091,4.470533125446516,4.023479812901864,4.917586437991168
2024-01-04 02:30:00,GEO-02,GEO,8.172673622425984,4.476468460528989,4.02882161447609,4.924115306581888
2024-01-04 02:45:00,GEO-02,GEO,8.670905764378228,4.579806724864345,4.12182605237791,5.03778739735078
2024-01-04 03:00:00,GEO-02,GEO,9.221646503681876,4.368386995194028,3.931548295674625,4.805225694713431
2024-01-04 03:15:00,GEO-02,GEO,8.725906231695163,4.689579120442046,4.220621208397842,5.158537032486251
2024-01-04 03:30:00,GEO-02,GEO,9.39608162944107,4.5304211620379515,4.077379045834157,4.983463278241747
2024-01-04 03:45:00,GEO-02,GEO,8.870979050058507,4.625935474150883,4.163341926735795,5.0885290215659715
2024-01-04 04:00:00,GEO-02,GEO,9.356665891957174,4.760387270306933,4.28434854327624,5.236425997337626
2024-01-04 04:15:00,GEO-02,GEO,9.521895315798306,4.716415565908096,4.244774009317286,5.188057122498906
2024-01-04 04:30:00,GEO-02,GEO,9.181421302319615,4.743162541852233,4.26884628766701,5.217478796037457
2024-01-04 04:45:00,GEO-02,GEO,9.185163212721196,4.8061566923926335,4.32554102315337,5.286772361631897
2024-01-04 05:00:00,GEO-02,GEO,9.849457334708147,4.781964632310775,4.303768169079698,5.260161095541853
2024-01-04 05:15:00,GEO-02,GEO,9.43430028050789,4.714397528940392,4.242957776046353,5.185837281834432
2024-01-04 05:30:00,GEO-02,GEO,9.404495039443692,4.7378745716027355,4.264087114442462,5.211662028763009
2024-01-04 05:45:00,GEO-02,GEO,9.537521794463322,4.778341953633345,4.300507758270011,5.25617614899668
2024-01-04 06:00:00,GEO-02,GEO,9.14373452795358,4.666894011718179,4.200204610546361,5.1335834128899975
2024-01-04 06:15:00,GEO-02,GEO,9.612537667027016,4.852066743960006,4.366860069564006,5.337273418356007
2024-01-04 06:30:00,GEO-02,GEO,9.551627138101725,4.774140079748182,4.296726071773365,5.251554087723001
2024-01-04 06:45:00,GEO-02,GEO,9.643732972446806,4.742439238644232,4.268195314779809,5.216683162508655
2024-01-04 07:00:00,GEO-02,GEO,9.577702818460173,4.840875242702693,4.3567877184324235,5.324962766972963
2024-01-04 07:15:00,GEO-02,GEO,9.285736665515806,4.69336712515044,4.224030412635396,5.162703837665484
2024-01-04 07:30:00,GEO-02,GEO,9.67602146063375,4.66810256377289,4.201292307395601,5.13491282015018
2024-01-04 07:45:00,GEO-02,GEO,9.815127379684224,4.616197509268756,4.154577758341881,5.077817260195632
2024-01-04 08:00:00,GEO-02,GEO,9.337770315595712,4.674779983368831,4.207301985031948,5.142257981705714
2024-01-04 08:15:00,GEO-02,GEO,9.272266444794427,4.644786708686637,4.180308037817974,5.109265379555302
2024-01-04 08:30:00,GEO-02,GEO,8.873234034175022,4.518605595123409,4.066745035611069,4.9704661546357505
2024-01-04 08:45:00,GEO-02,GEO,9.124161832389046,4.5367585384871125,4.083082684638401,4.990434392335824
2024-01-04 09:00:00,GEO-02,GEO,8.763388775900827,4.456049493272925,4.010444543945632,4.9016544426002175
2024-01-04 09:15:00,GEO-02,GEO,8.9430040247981,4.417386540620499,3.9756478865584493,4.85912519468255
2024-01-04 09:30:00,GEO-02,GEO,8.391153593925134,4.279330098735746,3.8513970888621714,4.707263108609321
2024-01-04 09:45:00,GEO-02,GEO,8.31915361984856,4.392465199093586,3.953218679184227,4.831711719002945
2024-01-04 10:00:00,GEO-02,GEO,8.67038849980636,4.207573285734176,3.7868159571607585,4.628330614307594
2024-01-04 10:15:00,GEO-02,GEO,8.475504013762247,4.292969948991103,3.8636729540919927,4.722266943890213
2024-01-04 10:30:00,GEO-02,GEO,8.578441569546156,4.238877294226389,3.8149895648037497,4.662765023649028
2024-01-04 10:45:00,GEO-02,GEO,8.406891203938219,4.365892065271668,3.929302858744501,4.802481271798835
2024-01-04 11:00:00,GEO-02,GEO,8.35237608342151,4.119649116358771,3.707684204722894,4.531614027994649
2024-01-04 11:15:00,GEO-02,GEO,8.417533751592796,4.1055724055545495,3.6950151649990945,4.516129646110005
2024-01-04 11:30:00,GEO-02,GEO,7.983812693503301,4.1044191954261535,3.693977275883538,4.514861114968769
2024-01-04 11:45:00,GEO-02,GEO,7.941601108190907,4.0459922142474145,3.641392992822673,4.450591435672156
2024-01-04 12:00:00,GEO-02,GEO,8.325984027771625,4.203141346369127,3.782827211732214,4.62345548100604
2024-01-04 12:15:00,GEO-02,GEO,7.77046349636448,3.915559330416861,3.524003397375175,4.307115263458547
2024-01-04 12:30:00,GEO-02,GEO,7.59447604246502,3.955879086227232,3.5602911776045087,4.351466994849956
2024-01-04 12:45:00,GEO-02,GEO,7.5509632137112686,3.99283999762348,3.593555997861132,4.392123997385828
2024-01-04 13:00:00,GEO-02,GEO,7.355671695965359,4.015177372796541,3.613659635516887,4.416695110076195
2024-01-04 13:15:00,GEO-02,GEO,7.06961482347967,3.858266337671879,3.472439703904691,4.244092971439067
2024-01-04 13:30:00,GEO-02,GEO,6.862647191664095,3.6757044036636226,3.3081339632972604,4.043274844029985
2024-01-04 13:45:00,GEO-02,GEO,6.814385743617168,3.8258982225405775,3.44330840028652,4.208488044794636
2024-01-04 14:00:00,GEO-02,GEO,7.189056857003159,3.9518448846667016,3.5566603962000314,4.347029373133372
2024-01-04 14:15:00,GEO-02,GEO,6.6249897064655965,3.8230919658999416,3.4407827693099473,4.205401162489936
2024-01-04 14:30:00,GEO-02,GEO,6.657872677591673,3.799391983709408,3.4194527853384673,4.179331182080349
2024-01-04 14:45:00,GEO-02,GEO,6.809147226498136,3.6531078136357875,3.2877970322722088,4.018418594999367
2024-01-04 15:00:00,GEO-02,GEO,6.414733762736804,3.6294090560354544,3.266468150431909,3.9923499616390004
2024-01-04 15:15:00,GEO-02,GEO,6.592873420548899,3.7373664640756834,3.363629817668115,4.111103110483252
2024-01-04 15:30:00,GEO-02,GEO,5.851048164558286,3.5856293380506075,3.2270664042455466,3.9441922718556683
2024-01-04 15:45:00,GEO-02,GEO,6.19025239661386,3.802313240160078,3.4220819161440703,4.182544564176086
2024-01-04 16:00:00,GEO-02,GEO,6.405942033281832,3.638699323233068,3.2748293909097614,4.002569255556375
2024-01-04 16:15:00,GEO-02,GEO,6.3199061761067075,3.7234205455379095,3.3510784909841185,4.0957626000917005
2024-01-04 16:30:00,GEO-02,GEO,5.755390242569135,3.543211272592427,3.1888901453331844,3.8975323998516704
2024-01-04 16:45:00,GEO-02,GEO,6.558484621908668,3.7017183329543895,3.3315464996589506,4.071890166249829
2024-01-04 17:00:00,GEO-02,GEO,5.895757161950621,3.635246786718346,3.2717221080465113,3.998771465390181
2024-01-04 17:15:00,GEO-02,GEO,6.215905558578791,3.5377955283662583,3.1840159755296327,3.8915750812028844
2024-01-04 17:30:00,GEO-02,GEO,6.089913213323609,3.84374329335051,3.459368964015459,4.228117622685561
2024-01-04 17:45:00,GEO-02,GEO,6.369889313010745,3.9766235165315664,3.5789611648784097,4.374285868184724
2024-01-04 18:00:00,GEO-02,GEO,6.715588473492708,3.9517404657995887,3.55656641921963,4.346914512379548
2024-01-04 18:15:00,GEO-02,GEO,5.672260632254353,3.9365269984546822,3.542874298609214,4.33017969830015
2024-01-04 18:30:00,GEO-02,GEO,5.874296171850765,3.859718083570887,3.4737462752137986,4.245689891927976
2024-01-04 18:45:00,GEO-02,GEO,6.144939080578534,4.017613377583058,3.6158520398247522,4.419374715341364
2024-01-04 19:00:00,GEO-02,GEO,5.78551412014454,4.098326779185571,3.6884941012670143,4.508159457104129
2024-01-04 19:15:00,GEO-02,GEO,6.390337217832926,4.031451819170733,3.6283066372536594,4.434597001087806
2024-01-04 19:30:00,GEO-02,GEO,6.4568544915167125,3.943948524503279,3.549553672052951,4.338343376953607
2024-01-04 19:45:00,GEO-02,GEO,6.429338958921612,4.059711469241761,3.653740322317585,4.465682616165938
2024-01-04 20:00:00,GEO-02,GEO,6.399504181050286,4.329687730676039,3.8967189576084347,4.762656503743643
2024-01-04 20:15:00,GEO-02,GEO,6.815654126226478,4.2040563291964155,3.783650696276774,4.624461962116057
2024-01-04 20:30:00,GEO-02,GEO,6.1432352940902,3.933343936246842,3.540009542622158,4.326678329871527
2024-01-04 20:45:00,GEO-02,GEO,6.603399233738015,4.175214320394314,3.757692888354883,4.592735752433746
2024-01-04 21:00:00,GEO-02,GEO,6.46449560757232,4.337761092068125,3.9039849828613127,4.771537201274938
2024-01-04 21:15:00,GEO-02,GEO,7.063522319568956,4.543505899894361,4.089155309904926,4.997856489883798
2024-01-04 21:30:00,GEO-02,GEO,6.3646860260718965,4.473745724452966,4.02637115200767,4.9211202968982635
2024-01-04 21:45:00,GEO-02,GEO,7.031737819787352,4.668845862185112,4.2019612759666005,5.135730448403623
2024-01-04 22:00:00,GEO-02,GEO,7.273115078636814,4.574129153000034,4.116716237700031,5.031542068300038
2024-01-04 22:15:00,GEO-02,GEO,7.027124882598685,4.494440310395776,4.044996279356198,4.9438843414353535
2024-01-04 22:30:00,GEO-02,GEO,7.268308176325665,4.706399285117871,4.235759356606084,5.177039213629659
2024-01-04 22:45:00,GEO-02,GEO,7.611024673329783,4.855075179948784,4.369567661953906,5.340582697943663
2024-01-04 23:00:00,GEO-02,GEO,8.048104982259755,4.9119167568310935,4.420725081147984,5.403108432514204
2024-01-04 23:15:00,GEO-02,GEO,7.611244787318747,4.825243579472468,4.342719221525221,5.307767937419715
2024-01-04 23:30:00,GEO-02,GEO,7.826890871561564,4.980335248455883,4.482301723610295,5.478368773301471
2024-01-04 23:45:00,GEO-02,GEO,8.588623472598126,5.348068401937717,4.813261561743945,5.882875242131489
2024-01-05 00:00:00,GEO-02,GEO,8.338173271146623,5.0196458878198085,4.517681299037828,5.52161047660179
2024-01-05 00:15:00,GEO-02,GEO,8.357905740889645,5.27142598834842,4.744283389513578,5.798568587183262
2024-01-05 00:30:00,GEO-02,GEO,8.982234124567427,5.056863690188509,4.551177321169658,5.562550059207361
2024-01-05 00:45:00,GEO-02,GEO,8.790361526265873,5.412677585468666,4.871409826921799,5.953945344015533
2024-01-05 01:00:00,GEO-02,GEO,9.418337641178132,5.295221377754986,4.7656992399794875,5.824743515530486
2024-01-05 01:15:00,GEO-02,GEO,9.083751723080054,5.481012367369007,4.932911130632107,6.029113604105908
2024-01-05 01:30:00,GEO-02,GEO,9.406581995268963,5.366008190470223,4.8294073714232,5.902609009517246
2024-01-05 01:45:00,GEO-02,GEO,9.907755019683792,5.57643282922702,5.018789546304318,6.134076112149723
2024-01-05 02:00:00,GEO-02,GEO,9.318200360160636,5.5063302068331375,4.955697186149824,6.0569632275164516
2024-01-05 02:15:00,GEO-02,GEO,9.777276595322022,5.573040309549785,5.015736278594806,6.130344340504764
2024-01-05 02:30:00,GEO-02,GEO,9.691569700497565,5.733447835716871,5.160103052145184,6.306792619288558
2024-01-05 02:45:00,GEO-02,GEO,10.462327400731029,5.6881323516650255,5.119319116498523,6.256945586831528
2024-01-05 03:00:00,GEO-02,GEO,10.490290826114919,5.808223521402961,5.227401169262665,6.389045873543258
2024-01-05 03:15:00,GEO-02,GEO,9.767776613133108,5.787096240116477,5.208386616104829,6.365805864128125
2024-01-05 03:30:00,GEO-02,GEO,10.463619704140758,5.845805888586498,5.261225299727848,6.430386477445149
2024-01-05 03:45:00,GEO-02,GEO,10.196466239842033,5.913236459499468,5.321912813549521,6.504560105449415
2024-01-05 04:00:00,GEO-02,GEO,10.62651392702983,5.860120116256571,5.274108104630914,6.446132127882229
2024-01-05 04:15:00,GEO-02,GEO,10.71004383840497,5.818575737171586,5.2367181634544275,6.4004333108887455
2024-01-05 04:30:00,GEO-02,GEO,10.485777410835478,5.884628877869426,5.296165990082484,6.47309176565637
2024-01-05 04:45:00,GEO-02,GEO,11.224816062058554,6.073644546662296,5.466280091996066,6.681009001328526
2024-01-05 05:00:00,GEO-02,GEO,11.064815523702435,5.978594695001416,5.380735225501274,6.576454164501558
2024-01-05 05:15:00,GEO-02,GEO,11.006346513466806,5.891910292131074,5.302719262917967,6.481101321344182
2024-01-05 05:30:00,GEO-02,GEO,11.039351128461014,6.022569363541889,5.4203124271877,6.624826299896078
2024-01-05 05:45:00,GEO-02,GEO,11.2826267984207,6.031877462538932,5.428689716285039,6.635065208792826
2024-01-05 06:00:00,GEO-02,GEO,11.423668003027077,6.036341346929453,5.432707212236508,6.6399754816223995
2024-01-05 06:15:00,GEO-02,GEO,11.314931768023422,5.882573976260871,5.294316578634784,6.470831373886958
2024-01-05 06:30:00,GEO-02,GEO,10.544230433177598,5.904927405515704,5.314434664964134,6.495420146067275
2024-01-05 06:45:00,GEO-02,GEO,11.430974682183773,5.895170508490194,5.305653457641175,6.484687559339214
2024-01-05 07:00:00,GEO-02,GEO,11.015716224939405,5.913452613869786,5.322107352482807,6.504797875256765
2024-01-05 07:15:00,GEO-02,GEO,11.397924912786664,5.987162226262806,5.388446003636526,6.585878448889088
2024-01-05 07:30:00,GEO-02,GEO,11.042393295031964,5.943854962238088,5.34946946601428,6.538240458461898
2024-01-05 07:45:00,GEO-02,GEO,11.032313909470384,5.930073899661727,5.337066509695554,6.5230812896279
2024-01-05 08:00:00,GEO-02,GEO,11.811936486009328,6.0037670149902524,5.403390313491228,6.604143716489278
2024-01-05 08:15:00,GEO-02,GEO,11.320322667188204,5.910722609379509,5.3196503484415585,6.501794870317461
2024-01-05 08:30:00,GEO-02,GEO,11.2633323268645,5.798945670951652,5.219051103856487,6.378840238046818
2024-01-05 08:45:00,GEO-02,GEO,11.484354512010128,5.664031236870061,5.097628113183055,6.230434360557068
2024-01-05 09:00:00,GEO-02,GEO,11.177264606478541,5.678446837554616,5.110602153799155,6.246291521310078
2024-01-05 09:15:00,GEO-02,GEO,11.860334798525342,5.689594697511081,5.120635227759974,6.25855416726219
2024-01-05 09:30:00,GEO-02,GEO,11.080308246139769,5.7631246829189,5.18681221462701,6.33943715121079
2024-01-05 09:45:00,GEO-02,GEO,11.197439353005944,5.640714849327993,5.076643364395194,6.204786334260793
2024-01-05 10:00:00,GEO-02,GEO,11.199993011756622,5.540066835130194,4.986060151617175,6.094073518643214
2024-01-05 10:15:00,GEO-02,GEO,11.30171968854551,5.493854047329192,4.944468642596273,6.043239452062112
2024-01-05 10:30:00,GEO-02,GEO,10.504811376359694,5.5210807561988835,4.968972680578995,6.073188831818772
2024-01-05 10:45:00,GEO-02,GEO,10.502940532074238,5.577593134043672,5.019833820639305,6.1353524474480405
2024-01-05 11:00:00,GEO-02,GEO,10.90670421539959,5.6081363458441,5.047322711259691,6.16894998042851
2024-01-05 11:15:00,GEO-02,GEO,10.658978015654668,5.389006002509889,4.850105402258901,5.927906602760879
2024-01-05 11:30:00,GEO-02,GEO,10.62635396645518,5.365989109545913,4.829390198591321,5.902588020500504
2024-01-05 11:45:00,GEO-02,GEO,9.777830694169552,5.210504227058814,4.689453804352932,5.731554649764695
2024-01-05 12:00:00,GEO-02,GEO,10.534885392672969,5.488026941813745,4.939224247632371,6.03682963599512
2024-01-05 12:15:00,GEO-02,GEO,9.722123800884614,5.117207602183072,4.6054868419647645,5.628928362401379
2024-01-05 12:30:00,GEO-02,GEO,9.886934883848284,5.338877585580726,4.804989827022654,5.8727653441387995
2024-01-05 12:45:00,GEO-02,GEO,9.662750346189867,5.1509916956826505,4.635892526114386,5.666090865250916
2024-01-05 13:00:00,GEO-02,GEO,9.321543962456882,5.095014207385166,4.58551278664665,5.604515628123683
2024-01-05 13:15:00,GEO-02,GEO,9.039733587892432,5.013181954353168,4.511863758917852,5.514500149788486
2024-01-05 13:30:00,GEO-02,GEO,8.819909513381226,5.336411046931573,4.802769942238416,5.870052151624731
2024-01-05 13:45:00,GEO-02,GEO,9.26012847303144,5.090949625303823,4.581854662773441,5.600044587834206
2024-01-05 14:00:00,GEO-02,GEO,8.650593179454962,5.046661899035893,4.541995709132304,5.551328088939483
2024-01-05 14:15:00,GEO-02,GEO,8.654824409908134,5.11143827938921,4.6002944514502895,5.622582107328132
2024-01-05 14:30:00,GEO-02,GEO,8.819947100236174,4.938558743187277,4.444702868868549,5.432414617506005
2024-01-05 14:45:00,GEO-02,GEO,7.988291596433396,4.98748602659345,4.488737423934105,5.486234629252795
2024-01-05 15:00:00,GEO-02,GEO,8.912952833146392,4.979501662022393,4.481551495820154,5.477451828224633
2024-01-05 15:15:00,GEO-02,GEO,7.860906381516846,4.9122395442543185,4.421015589828887,5.403463498679751
2024-01-05 15:30:00,GEO-02,GEO,8.47108216544079,5.076122856474196,4.568510570826777,5.583735142121617
2024-01-05 15:45:00,GEO-02,GEO,8.41552097400779,4.930203395051092,4.437183055545983,5.423223734556202
2024-01-05 16:00:00,GEO-02,GEO,7.995952190304633,4.795942561059679,4.316348304953711,5.275536817165647
2024-01-05 16:15:00,GEO-02,GEO,7.752720788408112,4.92362835553583,4.431265519982247,5.415991191089414
2024-01-05 16:30:00,GEO-02,GEO,8.308898711018598,4.9845976499161,4.48613788492449,5.4830574149077105
2024-01-05 16:45:00,GEO-02,GEO,7.7147063623978,4.879641014686838,4.391676913218154,5.367605116155522
2024-01-05 17:00:00,GEO-02,GEO,7.920503235162963,4.90026518039118,4.410238662352063,5.390291698430299
2024-01-05 17:15:00,GEO-02,GEO,7.350616048286781,4.943257084564693,4.448931376108224,5.437582793021162
2024-01-05 17:30:00,GEO-02,GEO,7.576011440334067,5.139574468700434,4.62561702183039,5.653531915570477
2024-01-05 17:45:00,GEO-02,GEO,7.9853079543240355,4.9916835786346985,4.492515220771229,5.490851936498169
2024-01-05 18:00:00,GEO-02,GEO,7.440293757221374,5.209596626997155,4.68863696429744,5.730556289696871
2024-01-05 18:15:00,GEO-02,GEO,7.569300876823595,5.034754703926326,4.531279233533693,5.538230174318959
2024-01-05 18:30:00,GEO-02,GEO,7.815486840921579,5.161523432267954,4.645371089041158,5.67767577549475
2024-01-05 18:45:00,GEO-02,GEO,7.317802946317148,5.120291905583158,4.608262715024842,5.632321096141474
2024-01-05 19:00:00,GEO-02,GEO,6.920912485362438,5.279241594634104,4.7513174351706935,5.807165754097515
2024-01-05 19:15:00,GEO-02,GEO,7.68461500150773,5.133834039023934,4.62045063512154,5.647217442926327
2024-01-05 19:30:00,GEO-02,GEO,7.952703925624817,5.364562307969064,4.828106077172158,5.901018538765971
2024-01-05 19:45:00,GEO-02,GEO,7.308330976603331,5.348928657408725,4.814035791667853,5.883821523149598
2024-01-05 20:00:00,GEO-02,GEO,7.981856094918447,5.323310718440356,4.790979646596321,5.855641790284392
2024-01-05 20:15:00,GEO-02,GEO,8.060091878985224,5.4228004158172745,4.880520374235547,5.965080457399003
2024-01-05 20:30:00,GEO-02,GEO,7.260134530804086,5.647096820618026,5.082387138556224,6.2118065026798295
2024-01-05 20:45:00,GEO-02,GEO,7.755192655361034,5.563782935526268,5.0074046419736415,6.120161229078895
2024-01-05 21:00:00,GEO-02,GEO,8.019648303919709,5.537824979067968,4.984042481161171,6.091607476974765
2024-01-05 21:15:00,GEO-02,GEO,8.19492068967666,5.547345866046653,4.992611279441988,6.102080452651319
2024-01-05 21:30:00,GEO-02,GEO,8.144008565941252,5.779490205313615,5.201541184782253,6.357439225844977
2024-01-05 21:45:00,GEO-02,GEO,8.253322608338406,5.81087903966571,5.229791135699139,6.391966943632281
2024-01-05 22:00:00,GEO-02,GEO,8.639146279607802,5.924139276140463,5.331725348526416,6.516553203754509
2024-01-05 22:15:00,GEO-02,GEO,8.244262723270495,5.772538906927213,5.195285016234492,6.349792797619935
2024-01-05 22:30:00,GEO-02,GEO,8.212810027684553,5.866221173965386,5.2795990565688475,6.4528432913619245
2024-01-05 22:45:00,GEO-02,GEO,8.559218075581718,6.163160417996198,5.546844376196578,6.779476459795818
2024-01-05 23:00:00,GEO-02,GEO,8.887861258083008,6.146747704851757,5.532072934366582,6.761422475336933
2024-01-05 23:15:00,GEO-02,GEO,8.901751408645572,6.231986257798746,5.608787632018871,6.855184883578621
2024-01-05 23:30:00,GEO-02,GEO,8.987865516162914,6.147077983702317,5.532370185332086,6.7617857820725495
2024-01-05 23:45:00,GEO-02,GEO,9.021100080422233,6.2093940765752755,5.588454668917748,6.830333484232804
2024-01-06 00:00:00,GEO-02,GEO,9.186584577219648,6.469990454545567,5.82299140909101,7.116989500000124
2024-01-06 00:15:00,GEO-02,GEO,9.376982876634878,6.537083232655418,5.883374909389876,7.19079155592096
2024-01-06 00:30:00,GEO-02,GEO,9.830431005382902,6.385591129619437,5.747032016657493,7.024150242581381
2024-01-06 00:45:00,GEO-02,GEO,9.603724537452363,6.4262531717032765,5.783627854532949,7.0688784888736045
2024-01-06 01:00:00,GEO-02,GEO,10.193249887354913,6.601486437979445,5.941337794181501,7.26163508177739
2024-01-06 01:15:00,GEO-02,GEO,10.671924202599353,6.588760514487966,5.929884463039169,7.247636565936763
2024-01-06 01:30:00,GEO-02,GEO,10.517330510897766,6.641034881019298,5.976931392917368,7.305138369121228
2024-01-06 01:45:00,GEO-02,GEO,10.478545801129385,6.650101542843473,5.985091388559126,7.31511169712782
2024-01-06 02:00:00,GEO-02,GEO,10.367379598073237,6.778243669856103,6.100419302870493,7.456068036841714
2024-01-06 02:15:00,GEO-02,GEO,11.394631683148738,6.7569674718600155,6.081270724674014,7.432664219046018
2024-01-06 02:30:00,GEO-02,GEO,10.730967729429052,6.807600963053298,6.126840866747969,7.4883610593586285
2024-01-06 02:45:00,GEO-02,GEO,11.493127511230606,6.988901902238215,6.290011712014394,7.687792092462037
2024-01-06 03:00:00,GEO-02,GEO,11.581951645139272,6.9925573714294496,6.293301634286505,7.691813108572395
2024-01-06 03:15:00,GEO-02,GEO,11.46591395305088,7.082560058410883,6.374304052569795,7.790816064251972
2024-01-06 03:30:00,GEO-02,GEO,11.598792000709027,6.902044995203701,6.211840495683331,7.592249494724071
2024-01-06 03:45:00,GEO-02,GEO,11.261413095536893,7.097607691623961,6.387846922461565,7.807368460786358
2024-01-06 04:00:00,GEO-02,GEO,12.03882038771265,7.330577534209125,6.597519780788213,8.063635287630039
2024-01-06 04:15:00,GEO-02,GEO,12.246249591407498,7.1088452856200615,6.397960757058056,7.819729814182068
2024-01-06 04:30:00,GEO-02,GEO,11.846408523195747,7.248226823396493,6.523404141056844,7.973049505736143
2024-01-06 04:45:00,GEO-02,GEO,12.231263298777598,7.263623131833252,6.537260818649926,7.989985445016577
2024-01-06 05:00:00,GEO-02,GEO,12.385922257211272,7.281389065670746,6.553250159103672,8.009527972237821
2024-01-06 05:15:00,GEO-02,GEO,12.637862254630322,7.220958124454711,6.49886231200924,7.943053936900183
2024-01-06 05:30:00,GEO-02,GEO,12.542664040647908,7.266913719254398,6.5402223473289585,7.993605091179838
2024-01-06 05:45:00,GEO-02,GEO,12.123536943379214,7.28283908432318,6.554555175890862,8.011122992755498
2024-01-06 06:00:00,GEO-02,GEO,12.513048209010908,7.275777860457965,6.5482000744121684,8.003355646503762
2024-01-06 06:15:00,GEO-02,GEO,12.790551281624472,7.096507697223515,6.386856927501164,7.806158466945868
2024-01-06 06:30:00,GEO-02,GEO,13.017183849099254,7.030319874966751,6.327287887470076,7.733351862463427
2024-01-06 06:45:00,GEO-02,GEO,12.61135552656962,7.0353868940642705,6.3318482046578435,7.7389255834706985
2024-01-06 07:00:00,GEO-02,GEO,13.47519484786421,7.1503932241149935,6.435353901703494,7.865432546526494
2024-01-06 07:15:00,GEO-02,GEO,12.263157803907163,7.220554799467559,6.498499319520803,7.942610279414315
2024-01-06 07:30:00,GEO-02,GEO,12.665391561712353,7.03168717229069,6.328518455061621,7.73485588951976
2024-01-06 07:45:00,GEO-02,GEO,12.803092161023255,7.212841068081309,6.491556961273178,7.934125174889441
2024-01-06 08:00:00,GEO-02,GEO,12.751914232435768,7.046029401579165,6.341426461421249,7.750632341737083
2024-01-06 08:15:00,GEO-02,GEO,12.417446604603931,7.020449813287793,6.318404831959014,7.722494794616573
2024-01-06 08:30:00,GEO-02,GEO,12.887428541213472,6.957406952140155,6.26166625692614,7.653147647354171
2024-01-06 08:45:00,GEO-02,GEO,12.8216645548326,6.821832936850547,6.139649643165493,7.504016230535602
2024-01-06 09:00:00,GEO-02,GEO,12.673569239271615,7.000724769522032,6.300652292569829,7.700797246474235
2024-01-06 09:15:00,GEO-02,GEO,12.69948517194155,7.114923793839624,6.403431414455662,7.8264161732235875
2024-01-06 09:30:00,GEO-02,GEO,12.405820293000028,6.9018370661088895,6.211653359498,7.592020772719779
2024-01-06 09:45:00,GEO-02,GEO,11.973431886455323,6.68627669684597,6.017649027161373,7.354904366530567
2024-01-06 10:00:00,GEO-02,GEO,12.211303278059102,6.911612530057536,6.220451277051783,7.602773783063291
2024-01-06 10:15:00,GEO-02,GEO,12.385744722017481,6.632555355168469,5.9692998196516225,7.295810890685316
2024-01-06 10:30:00,GEO-02,GEO,12.293821168242143,6.635026955668952,5.971524260102057,7.298529651235848
2024-01-06 10:45:00,GEO-02,GEO,12.158327925732824,6.69265237886747,6.023387140980723,7.3619176167542175
2024-01-06 11:00:00,GEO-02,GEO,12.206523759938282,6.689210577397471,6.020289519657724,7.358131635137219
2024-01-06 11:15:00,GEO-02,GEO,11.759200137535078,6.536608280473031,5.882947452425728,7.190269108520335
2024-01-06 11:30:00,GEO-02,GEO,11.829390129619014,6.570623640242427,5.913561276218185,7.227686004266671
2024-01-06 11:45:00,GEO-02,GEO,11.87765451749014,6.631306456027473,5.968175810424726,7.294437101630221
2024-01-06 12:00:00,GEO-02,GEO,11.562603147676263,6.607217391661453,5.946495652495308,7.267939130827599
2024-01-06 12:15:00,GEO-02,GEO,11.095133512079467,6.61034534645697,5.949310811811274,7.271379881102668
2024-01-06 12:30:00,GEO-02,GEO,11.058385106240294,6.6405450379088835,5.976490534117995,7.304599541699773
2024-01-06 12:45:00,GEO-02,GEO,11.47405753348243,6.496406041426867,5.84676543728418,7.146046645569554
2024-01-06 13:00:00,GEO-02,GEO,11.5204150890353,6.361169023605632,5.725052121245069,6.997285925966196
2024-01-06 13:15:00,GEO-02,GEO,11.333663875997154,6.438005508930912,5.794204958037821,7.081806059824004
2024-01-06 13:30:00,GEO-02,GEO,10.930295360024918,6.369969623668233,5.732972661301409,7.006966586035056
2024-01-06 13:45:00,GEO-02,GEO,10.381067797341448,6.3473289790054634,5.712596081104917,6.982061876906011
2024-01-06 14:00:00,GEO-02,GEO,10.623868066224379,6.2901475521095165,5.661132796898565,6.919162307320469
2024-01-06 14:15:00,GEO-02,GEO,10.981230254750564,6.159451451495226,5.543506306345703,6.775396596644749
2024-01-06 14:30:00,GEO-02,GEO,10.588489004563808,6.1287241932449374,5.515851773920444,6.741596612569432
2024-01-06 14:45:00,GEO-02,GEO,10.235275516437415,6.20548142923969,5.584933286315721,6.82602957216366
2024-01-06 15:00:00,GEO-02,GEO,10.385431116116767,6.216650859202674,5.594985773282406,6.838315945122942
2024-01-06 15:15:00,GEO-02,GEO,9.720638896395446,6.123401843472822,5.51106165912554,6.735742027820105
2024-01-06 15:30:00,GEO-02,GEO,9.803177096217375,6.2263850616933185,5.603746555523987,6.849023567862651
2024-01-06 15:45:00,GEO-02,GEO,9.60334241545404,6.3880372448814615,5.749233520393315,7.026840969369609
2024-01-06 16:00:00,GEO-02,GEO,9.992959127640471,6.004714512745594,5.404243061471035,6.605185964020154
2024-01-06 16:15:00,GEO-02,GEO,9.997009986926948,6.239894357921151,5.615904922129036,6.863883793713267
2024-01-06 16:30:00,GEO-02,GEO,9.67493242159495,6.180974138932488,5.5628767250392395,6.799071552825737
2024-01-06 16:45:00,GEO-02,GEO,9.405486302791214,6.241947711885922,5.61775294069733,6.8661424830745155
2024-01-06 17:00:00,GEO-02,GEO,9.616048695215326,6.166545007939053,5.549890507145148,6.783199508732959
2024-01-06 17:15:00,GEO-02,GEO,9.439234831631573,6.211168818149439,5.590051936334495,6.832285699964383
2024-01-06 17:30:00,GEO-02,GEO,9.318487094954946,6.2582927660714045,5.632463489464264,6.884122042678546
2024-01-06 17:45:00,GEO-02,GEO,9.640288939293974,6.2381278108226,5.6143150297403395,6.86194059190486
2024-01-06 18:00:00,GEO-02,GEO,8.896723810986883,6.142522611681921,5.528270350513729,6.756774872850113
2024-01-06 18:15:00,GEO-02,GEO,8.654244710790014,6.300750062953574,5.670675056658217,6.9308250692489315
2024-01-06 18:30:00,GEO-02,GEO,8.7305156481856,6.215270474099536,5.593743426689582,6.8367975215094905
2024-01-06 18:45:00,GEO-02,GEO,8.67201284544407,6.458127302340018,5.8123145721060165,7.1039400325740205
2024-01-06 19:00:00,GEO-02,GEO,9.256153343445273,6.2451705857741,5.620653527196691,6.869687644351511
2024-01-06 19:15:00,GEO-02,GEO,9.265583719961084,6.576418710702907,5.918776839632616,7.234060581773198
2024-01-06 19:30:00,GEO-02,GEO,9.298778386284082,6.561124478308546,5.905012030477692,7.217236926139401
2024-01-06 19:45:00,GEO-02,GEO,9.502603384929122,6.608772397228004,5.947895157505204,7.269649636950805
2024-01-06 20:00:00,GEO-02,GEO,9.750896965684602,6.39877073161018,5.758893658449162,7.038647804771199
2024-01-06 20:15:00,GEO-02,GEO,9.29184118665004,6.634454438755988,5.971008994880389,7.2978998826315875
2024-01-06 20:30:00,GEO-02,GEO,9.676645834824413,6.836959487657648,6.153263538891883,7.5206554364234135
2024-01-06 20:45:00,GEO-02,GEO,9.174713775975519,6.726029505412018,6.053426554870816,7.39863245595322
2024-01-06 21:00:00,GEO-02,GEO,10.16452904513243,6.728183383939718,6.055365045545746,7.401001722333691
2024-01-06 21:15:00,GEO-02,GEO,9.487877701396002,6.832040003105751,6.148836002795177,7.515244003416327
2024-01-06 21:30:00,GEO-02,GEO,9.766443692773745,6.950013833983445,6.255012450585101,7.645015217381791
2024-01-06 21:45:00,GEO-02,GEO,9.925629778407362,6.934049288210224,6.240644359389202,7.6274542170312465
2024-01-06 22:00:00,GEO-02,GEO,9.456338777385174,7.205910748117422,6.485319673305679,7.926501822929165
2024-01-06 22:15:00,GEO-02,GEO,10.0628218001994,7.14018644617401,6.426167801556609,7.854205090791411
2024-01-06 22:30:00,GEO-02,GEO,10.262012950338594,7.1557821027366,6.44020389246294,7.8713603130102605
2024-01-06 22:45:00,GEO-02,GEO,10.291263481509707,7.146229963664313,6.431606967297881,7.860852960030745
2024-01-06 23:00:00,GEO-02,GEO,10.041178382704018,7.389950018978575,6.650955017080718,8.128945020876433
2024-01-06 23:15:00,GEO-02,GEO,11.257798030236414,7.452704620422989,6.70743415838069,8.19797508246529
2024-01-06 23:30:00,GEO-02,GEO,10.990871696510492,7.392017614571508,6.652815853114357,8.13121937602866
2024-01-06 23:45:00,GEO-02,GEO,11.782890358267016,7.311751711853606,6.580576540668246,8.042926883038968
2024-01-07 00:00:00,GEO-02,GEO,10.9202097230427,7.639832625960797,6.8758493633647175,8.403815888556878
2024-01-07 00:15:00,GEO-02,GEO,11.620208725182254,7.64245694632966,6.878211251696694,8.406702640962626
2024-01-07 00:30:00,GEO-02,GEO,11.739087455506624,7.755922013391772,6.980329812052595,8.53151421473095
2024-01-07 00:45:00,GEO-02,GEO,11.591324698392368,7.977799492929382,7.180019543636444,8.775579442222321
2024-01-07 01:00:00,GEO-02,GEO,12.275103054780306,7.837554368956646,7.053798932060981,8.621309805852311
2024-01-07 01:15:00,GEO-02,GEO,11.90292143777583,7.845203316418143,7.060682984776329,8.629723648059958
2024-01-07 01:30:00,GEO-02,GEO,12.087869541875085,7.83621219043592,7.052590971392328,8.619833409479513
2024-01-07 01:45:00,GEO-02,GEO,11.32451115637167,7.97188900661356,7.174700105952205,8.769077907274918
2024-01-07 02:00:00,GEO-02,GEO,12.656044743861091,8.06903660792256,7.262132947130305,8.875940268714817
2024-01-07 02:15:00,GEO-02,GEO,12.300065331419253,8.10565950646004,7.295093555814035,8.916225457106044
2024-01-07 02:30:00,GEO-02,GEO,12.693275330048763,8.317379405637794,7.485641465074015,9.149117346201574
2024-01-07 02:45:00,GEO-02,GEO,12.707211673413065,8.23686309240504,7.413176783164536,9.060549401645545
2024-01-07 03:00:00,GEO-02,GEO,13.05704548931411,8.21248892598432,7.3912400333858885,9.033737818582754
2024-01-07 03:15:00,GEO-02,GEO,13.446627267153989,8.191307950651177,7.37217715558606,9.010438745716296
2024-01-07 03:30:00,GEO-02,GEO,13.457546774906522,8.321507433393819,7.4893566900544375,9.153658176733202
2024-01-07 03:45:00,GEO-02,GEO,13.801537529049629,8.233810633079578,7.410429569771621,9.057191696387537
2024-01-07 04:00:00,GEO-02,GEO,14.09600841229324,8.368888706223192,7.531999835600873,9.205777576845511
2024-01-07 04:15:00,GEO-02,GEO,13.726151574834095,8.422705745015964,7.5804351705143675,9.264976319517562
2024-01-07 04:30:00,GEO-02,GEO,13.806081049583938,8.371998518738977,7.534798666865079,9.209198370612874
2024-01-07 04:45:00,GEO-02,GEO,14.341846701323604,8.346885620826152,7.512197058743537,9.181574182908768
2024-01-07 05:00:00,GEO-02,GEO,14.462196533479233,8.204231338413985,7.383808204572587,9.024654472255385
2024-01-07 05:15:00,GEO-02,GEO,14.461186390825034,8.546567446667876,7.691910702001088,9.401224191334665
2024-01-07 05:30:00,GEO-02,GEO,14.032388139937826,8.478526978281362,7.630674280453226,9.326379676109498
2024-01-07 05:45:00,GEO-02,GEO,14.514747933366852,8.483591268757214,7.6352321418814935,9.331950395632937
2024-01-07 06:00:00,GEO-02,GEO,14.481389385212523,8.283989842325656,7.455590858093091,9.112388826558222
2024-01-07 06:15:00,GEO-02,GEO,14.815440892561345,8.574125202825718,7.716712682543146,9.43153772310829
2024-01-07 06:30:00,GEO-02,GEO,14.369382383774674,8.382428454836202,7.544185609352581,9.220671300319822
2024-01-07 06:45:00,GEO-02,GEO,14.07318208619159,8.389757536412661,7.550781782771395,9.228733290053928
2024-01-07 07:00:00,GEO-02,GEO,14.802489589761961,8.298372356088239,7.468535120479415,9.128209591697063
2024-01-07 07:15:00,GEO-02,GEO,13.840507873729798,8.210359371168165,7.389323434051349,9.031395308284983
2024-01-07 07:30:00,GEO-02,GEO,14.391566257209497,8.485754749491061,7.637179274541955,9.334330224440167
2024-01-07 07:45:00,GEO-02,GEO,14.297562252824271,8.476995577439485,7.629296019695537,9.324695135183434
2024-01-07 08:00:00,GEO-02,GEO,14.279677244378576,8.307595922171476,7.476836329954328,9.138355514388625
2024-01-07 08:15:00,GEO-02,GEO,14.338898526410535,8.229678695703427,7.406710826133085,9.05264656527377
2024-01-07 08:30:00,GEO-02,GEO,14.894800751962102,8.231205053091552,7.408084547782397,9.054325558400707
2024-01-07 08:45:00,GEO-02,GEO,14.733021629289002,8.203241892025472,7.382917702822925,9.02356608122802
2024-01-07 09:00:00,GEO-02,GEO,14.360180265028067,8.08569920273746,7.277129282463715,8.894269123011208
2024-01-07 09:15:00,GEO-02,GEO,14.716537718670377,8.142323319288236,7.3280909873594124,8.95655565121706
2024-01-07 09:30:00,GEO-02,GEO,13.990782734033193,8.151305536032432,7.336174982429188,8.966436089635675
2024-01-07 09:45:00,GEO-02,GEO,13.875674419912432,8.201047404057194,7.380942663651474,9.021152144462913
2024-01-07 10:00:00,GEO-02,GEO,14.41302009945484,8.062894483574125,7.256605035216713,8.869183931931538
2024-01-07 10:15:00,GEO-02,GEO,14.240167178997531,7.8652918015656885,7.07876262140912,8.651820981722258
2024-01-07 10:30:00,GEO-02,GEO,13.834564685919293,8.019176999964591,7.217259299968132,8.821094699961051
2024-01-07 10:45:00,GEO-02,GEO,13.532921804453693,7.918784958208704,7.126906462387834,8.710663454029575
2024-01-07 11:00:00,GEO-02,GEO,14.207476704660245,8.041859021218702,7.237673119096832,8.846044923340573
2024-01-07 11:15:00,GEO-02,GEO,13.145159048491802,8.008312279070967,7.207481051163871,8.809143506978065
2024-01-07 11:30:00,GEO-02,GEO,13.36950389448888,7.972692495402618,7.175423245862357,8.769961744942881
2024-01-07 11:45:00,GEO-02,GEO,13.502245504830121,7.731523240690939,6.9583709166218455,8.504675564760033
2024-01-07 12:00:00,GEO-02,GEO,13.856365398362495,7.9488768287912706,7.153989145912144,8.743764511670399
2024-01-07 12:15:00,GEO-02,GEO,13.310706616829325,7.748185773041968,6.973367195737771,8.523004350346165
2024-01-07 12:30:00,GEO-02,GEO,13.218568875647005,7.8401330315232505,7.056119728370925,8.624146334675576
2024-01-07 12:45:00,GEO-02,GEO,12.781632588760276,7.593046966154444,6.833742269538999,8.35235166276989
2024-01-07 13:00:00,GEO-02,GEO,13.000863370341001,7.580874819561957,6.822787337605761,8.338962301518153
2024-01-07 13:15:00,GEO-02,GEO,12.74031760251976,7.607368683362686,6.846631815026417,8.368105551698955
2024-01-07 13:30:00,GEO-02,GEO,12.111755075583131,7.566377579505971,6.809739821555374,8.32301533745657
2024-01-07 13:45:00,GEO-02,GEO,12.707533896600482,7.650065293876618,6.8850587644889565,8.415071823264281
2024-01-07 14:00:00,GEO-02,GEO,12.644537412816357,7.477104560024356,6.729394104021921,8.224815016026792
2024-01-07 14:15:00,GEO-02,GEO,12.481209092417847,7.595010179018507,6.835509161116656,8.354511196920358
2024-01-07 14:30:00,GEO-02,GEO,12.1405867307327,7.532649103017259,6.779384192715533,8.285914013318985
2024-01-07 14:45:00,GEO-02,GEO,11.738311570903774,7.42174584576335,6.679571261187014,8.163920430339685
2024-01-07 15:00:00,GEO-02,GEO,11.231734289485033,7.495119331643129,6.745607398478816,8.244631264807442
2024-01-07 15:15:00,GEO-02,GEO,11.876219402606626,7.371911249359543,6.6347201244235885,8.109102374295498
2024-01-07 15:30:00,GEO-02,GEO,12.064106990100182,7.646963265109894,6.882266938598905,8.411659591620884
2024-01-07 15:45:00,GEO-02,GEO,11.954905436091726,7.141419240646955,6.427277316582259,7.855561164711651
2024-01-07 16:00:00,GEO-02,GEO,11.824555297760162,7.4743337233997815,6.726900351059803,8.22176709573976
2024-01-07 16:15:00,GEO-02,GEO,11.48816150605219,7.233102137513931,6.5097919237625375,7.956412351265325
2024-01-07 16:30:00,GEO-02,GEO,11.774965344569992,7.392897748976619,6.653607974078957,8.132187523874281
2024-01-07 16:45:00,GEO-02,GEO,11.672259615575943,7.416213165682191,6.6745918491139715,8.15783448225041
2024-01-07 17:00:00,GEO-02,GEO,11.222829217665316,7.588271652153308,6.829444486937978,8.34709881736864
2024-01-07 17:15:00,GEO-02,GEO,11.51583406642454,7.384451403723324,6.646006263350992,8.122896544095658
2024-01-07 17:30:00,GEO-02,GEO,11.124196425346355,7.604035730813631,6.843632157732268,8.364439303894994
2024-01-07 17:45:00,GEO-02,GEO,11.42824396579236,7.378301353430503,6.640471218087453,8.116131488773554
2024-01-07 18:00:00,GEO-02,GEO,10.867067071829869,7.657135534071254,6.891421980664129,8.42284908747838
2024-01-07 18:15:00,GEO-02,GEO,10.890166675455067,7.504598840104528,6.754138956094075,8.255058724114981
2024-01-07 18:30:00,GEO-02,GEO,11.583892690755428,7.592149107120128,6.832934196408115,8.351364017832141
2024-01-07 18:45:00,GEO-02,GEO,11.566939609527985,7.587061943247808,6.828355748923028,8.34576813757259
2024-01-07 19:00:00,GEO-02,GEO,11.504663818022864,7.7878532615703335,7.0090679354133005,8.566638587727368
2024-01-07 19:15:00,GEO-02,GEO,11.37953332220179,7.810219075357556,7.0291971678218,8.591240982893313
2024-01-07 19:30:00,GEO-02,GEO,10.683920616002085,7.790410168623505,7.011369151761155,8.569451185485857
2024-01-07 19:45:00,GEO-02,GEO,11.43650169510089,7.678138515472791,6.910324663925512,8.445952367020071
2024-01-07 20:00:00,GEO-02,GEO,11.662244846384114,7.7715913498687925,6.994432214881914,8.548750484855672
2024-01-07 20:15:00,GEO-02,GEO,11.441781759007403,7.792348548291393,7.013113693462254,8.571583403120533
2024-01-07 20:30:00,GEO-02,GEO,11.473634921188122,7.724680674389308,6.952212606950377,8.497148741828239
2024-01-07 20:45:00,GEO-02,GEO,12.214605132021097,8.131913931776914,7.318722538599223,8.945105324954607
2024-01-07 21:00:00,GEO-02,GEO,11.86551001121365,8.031099064578683,7.227989158120815,8.834208971036553
2024-01-07 21:15:00,GEO-02,GEO,12.130446211131853,8.089749434453946,7.280774491008551,8.898724377899342
2024-01-07 21:30:00,GEO-02,GEO,12.344388054349373,8.334343637866787,7.500909274080109,9.167778001653467
2024-01-07 21:45:00,GEO-02,GEO,11.937192096953453,8.19947929127972,7.379531362151749,9.019427220407694
2024-01-07 22:00:00,GEO-02,GEO,12.427965939769823,8.226373749616764,7.403736374655088,9.049011124578442
2024-01-07 22:15:00,GEO-02,GEO,12.904726111873746,8.352070455398415,7.516863409858574,9.187277500938258
2024-01-07 22:30:00,GEO-02,GEO,13.199392381421795,8.325963950620567,7.49336755555851,9.158560345682625
2024-01-07 22:45:00,GEO-02,GEO,12.815852138522311,8.538691711553533,7.684822540398179,9.392560882708887
2024-01-07 23:00:00,GEO-02,GEO,12.88765324466292,8.532030968901115,7.678827872011003,9.385234065791227
2024-01-07 23:15:00,GEO-02,GEO,13.199273016775859,8.583702668169325,7.725332401352393,9.442072934986259
2024-01-07 23:30:00,GEO-02,GEO,13.354977208221953,8.639740006264798,7.775766005638318,9.503714006891279
2024-01-07 23:45:00,GEO-02,GEO,13.864434801565107,8.752654283577684,7.877388855219915,9.627919711935453
2024-01-08 00:00:00,GEO-02,GEO,13.3186086248122,8.834996337832058,7.951496704048852,9.718495971615264
2024-01-08 00:15:00,GEO-02,GEO,13.704665767433088,8.83703159489187,7.953328435402684,9.72073475438106
2024-01-08 00:30:00,GEO-02,GEO,13.625946527779153,8.914330121266554,8.0228971091399,9.80576313339321
2024-01-08 00:45:00,GEO-02,GEO,13.830652400136003,9.001821575160335,8.101639417644302,9.90200373267637
2024-01-08 01:00:00,GEO-02,GEO,14.420543625557976,9.04988755805045,8.144898802245406,9.954876313855497
2024-01-08 01:15:00,GEO-02,GEO,14.723285429104802,9.127586593066782,8.214827933760104,10.040345252373461
2024-01-08 01:30:00,GEO-02,GEO,14.457103096133075,9.111169125152815,8.200052212637534,10.022286037668097
2024-01-08 01:45:00,GEO-02,GEO,15.053352197199509,9.331482294952577,8.39833406545732,10.264630524447837
2024-01-08 02:00:00,GEO-02,GEO,15.454989817897133,9.290553508978812,8.36149815808093,10.219608859876693
2024-01-08 02:15:00,GEO-02,GEO,15.866309997473198,9.277835907394532,8.350052316655079,10.205619498133986
2024-01-08 02:30:00,GEO-02,GEO,15.467595636428939,9.407363111645791,8.466626800481212,10.348099422810371
2024-01-08 02:45:00,GEO-02,GEO,15.411328099822544,9.40740949425343,8.466668544828087,10.348150443678774
2024-01-08 03:00:00,GEO-02,GEO,15.454353264647057,9.280478195963536,8.352430376367183,10.20852601555989
2024-01-08 03:15:00,GEO-02,GEO,15.571105131732029,9.52395109583355,8.571555986250194,10.476346205416904
2024-01-08 03:30:00,GEO-02,GEO,16.41731840943219,9.420781355053924,8.478703219548532,10.362859490559318
2024-01-08 03:45:00,GEO-02,GEO,15.722296432030426,9.645846045517834,8.68126144096605,10.610430650069619
2024-01-08 04:00:00,GEO-02,GEO,16.748316498561454,9.554622452656911,8.59916020739122,10.510084697922602
2024-01-08 04:15:00,GEO-02,GEO,16.242930448310343,9.679863200341444,8.7118768803073,10.647849520375589
2024-01-08 04:30:00,GEO-02,GEO,16.4107617640795,9.558513703973219,8.602662333575898,10.514365074370541
2024-01-08 04:45:00,GEO-02,GEO,16.675734169970568,9.644799010223588,8.68031910920123,10.609278911245948
2024-01-08 05:00:00,GEO-02,GEO,16.606658383235864,9.771677191475021,8.794509472327519,10.748844910622523
2024-01-08 05:15:00,GEO-02,GEO,17.185275458130544,9.633173937661214,8.669856543895092,10.596491331427336
2024-01-08 05:30:00,GEO-02,GEO,17.528717368803026,9.607007047660108,8.646306342894098,10.56770775242612
2024-01-08 05:45:00,GEO-02,GEO,16.85739416769898,9.734225420253775,8.760802878228398,10.707647962279154
2024-01-08 06:00:00,GEO-02,GEO,16.9855492534975,9.731583053855342,8.758424748469809,10.704741359240877
2024-01-08 06:15:00,GEO-02,GEO,17.11735836921983,9.60915823778709,8.648242414008381,10.5700740615658
2024-01-08 06:30:00,GEO-02,GEO,17.370233440932346,9.45829585773309,8.51246627195978,10.4041254435064
2024-01-08 06:45:00,GEO-02,GEO,17.19379229109837,9.58552658720963,8.626973928488667,10.544079245930593
2024-01-08 07:00:00,GEO-02,GEO,17.678268174212214,9.700928812075626,8.730835930868063,10.671021693283189
2024-01-08 07:15:00,GEO-02,GEO,17.618677964924057,9.539442343636631,8.585498109272969,10.493386578000296
2024-01-08 07:30:00,GEO-02,GEO,16.922053973548426,9.596818152893945,8.63713633760455,10.55649996818334
2024-01-08 07:45:00,GEO-02,GEO,17.427483757140763,9.51047916497995,8.559431248481955,10.461527081477946
2024-01-08 08:00:00,GEO-02,GEO,17.711431818091715,9.358823839331064,8.422941455397957,10.294706223264171
2024-01-08 08:15:00,GEO-02,GEO,17.08184608521555,9.457960853256925,8.512164767931232,10.403756938582617
2024-01-08 08:30:00,GEO-02,GEO,17.107981620747097,9.564114490350804,8.607703041315723,10.520525939385884
2024-01-08 08:45:00,GEO-02,GEO,16.99511630547977,9.22906996129931,8.30616296516938,10.151976957429241
2024-01-08 09:00:00,GEO-02,GEO,16.95024918621733,9.45879372827984,8.512914355451857,10.404673101107825
2024-01-08 09:15:00,GEO-02,GEO,16.542587612787916,9.280833735969543,8.35275036237259,10.208917109566498
2024-01-08 09:30:00,GEO-02,GEO,16.577649796392155,9.42473136196328,8.482258225766952,10.367204498159609
2024-01-08 09:45:00,GEO-02,GEO,16.925073952506295,9.398555391156536,8.458699852040883,10.338410930272191
2024-01-08 10:00:00,GEO-02,GEO,17.27469289532524,9.272167091958481,8.344950382762633,10.19938380115433
2024-01-08 10:15:00,GEO-02,GEO,16.548938367693797,9.233851974854362,8.310466777368926,10.1572371723398
2024-01-08 10:30:00,GEO-02,GEO,16.44648891675829,9.131077762207958,8.217969985987162,10.044185538428755
2024-01-08 10:45:00,GEO-02,GEO,17.050688794937923,9.037711492642046,8.133940343377843,9.941482641906251
2024-01-08 11:00:00,GEO-02,GEO,16.10375230485261,9.302519160730542,8.372267244657488,10.232771076803598
2024-01-08 11:15:00,GEO-02,GEO,15.829489266212788,9.006751174426318,8.106076056983687,9.907426291868951
2024-01-08 11:30:00,GEO-02,GEO,15.967149445499265,9.2109184955724,8.289826646015161,10.132010345129641
2024-01-08 11:45:00,GEO-02,GEO,15.901509604184982,8.929623848525104,8.036661463672594,9.822586233377615
2024-01-08 12:00:00,GEO-02,GEO,15.458152431673083,9.030302178768139,8.127271960891326,9.933332396644953
2024-01-08 12:15:00,GEO-02,GEO,15.824036442573545,8.827202624863897,7.944482362377507,9.709922887350288
2024-01-08 12:30:00,GEO-02,GEO,16.025683785950047,8.957726310923453,8.061953679831108,9.853498942015799
2024-01-08 12:45:00,GEO-02,GEO,15.233333667938806,8.838642010099159,7.954777809089244,9.722506211109076
2024-01-08 13:00:00,GEO-02,GEO,15.523265169693238,8.807374695532204,7.9266372259789835,9.688112165085425
2024-01-08 13:15:00,GEO-02,GEO,15.494177910192635,8.868860083350786,7.9819740750157075,9.755746091685864
2024-01-08 13:30:00,GEO-02,GEO,15.22995155637465,8.73216750031352,7.858950750282169,9.605384250344875
2024-01-08 13:45:00,GEO-02,GEO,15.192033618723405,8.609661068262046,7.748694961435842,9.470627175088252
2024-01-08 14:00:00,GEO-02,GEO,15.079289975889436,8.804339866497012,7.923905879847311,9.684773853146714
2024-01-08 14:15:00,GEO-02,GEO,14.663053591944541,8.591850439266098,7.732665395339488,9.451035483192708
2024-01-08 14:30:00,GEO-02,GEO,15.246835525885059,8.738969199020639,7.865072279118575,9.612866118922703
2024-01-08 14:45:00,GEO-02,GEO,15.06616408732007,8.76827654043422,7.891448886390799,9.645104194477643
2024-01-08 15:00:00,GEO-02,GEO,14.948135229291411,8.619994099536536,7.757994689582882,9.48199350949019
2024-01-08 15:15:00,GEO-02,GEO,14.799878444397892,8.765364856728883,7.888828371055995,9.641901342401772
2024-01-08 15:30:00,GEO-02,GEO,13.933702932596558,8.688012874172307,7.819211586755076,9.556814161589537
2024-01-08 15:45:00,GEO-02,GEO,14.600736809958958,8.566158149016783,7.709542334115104,9.422773963918461
2024-01-08 16:00:00,GEO-02,GEO,14.443086274255423,8.775074121453743,7.897566709308369,9.652581533599118
2024-01-08 16:15:00,GEO-02,GEO,13.716140116382418,8.523286364544553,7.670957728090098,9.375615000999009
2024-01-08 16:30:00,GEO-02,GEO,14.050925387064067,8.605685194584929,7.745116675126436,9.466253714043422
2024-01-08 16:45:00,GEO-02,GEO,14.144721504465318,8.63203431254424,7.768830881289817,9.495237743798665
2024-01-08 17:00:00,GEO-02,GEO,14.51558681656772,8.725922484640625,7.8533302361765625,9.598514733104688
2024-01-08 17:15:00,GEO-02,GEO,14.19694422005661,8.793101772945986,7.913791595651388,9.672411950240585
2024-01-08 17:30:00,GEO-02,GEO,13.692286852034213,8.806405513214582,7.925764961893123,9.687046064536041
2024-01-08 17:45:00,GEO-02,GEO,14.441525635091418,8.746449667687271,7.871804700918544,9.621094634455998
2024-01-08 18:00:00,GEO-02,GEO,13.936608395182907,8.72233346952627,7.850100122573642,9.594566816478897
2024-01-08 18:15:00,GEO-02,GEO,13.846750278234568,8.597326778408974,7.737594100568076,9.45705945624987
2024-01-08 18:30:00,GEO-02,GEO,13.834967518944167,8.681282888027349,7.813154599224614,9.549411176830084
2024-01-08 18:45:00,GEO-02,GEO,13.465277402708173,9.025257176764848,8.122731459088364,9.927782894441334
2024-01-08 19:00:00,GEO-02,GEO,13.948321905953824,8.703901533685373,7.833511380316836,9.574291687053911
2024-01-08 19:15:00,GEO-02,GEO,14.169060654326186,8.850887844986824,7.965799060488141,9.735976629485506
2024-01-08 19:30:00,GEO-02,GEO,13.952360348300319,9.088412443046924,8.17957119874223,9.997253687351616
2024-01-08 19:45:00,GEO-02,GEO,14.25177262098566,9.042188502128067,8.13796965191526,9.946407352340874
2024-01-08 20:00:00,GEO-02,GEO,13.459034621070877,9.16378986204925,8.247410875844325,10.080168848254175
2024-01-08 20:15:00,GEO-02,GEO,13.752285405109951,9.177380854245925,8.259642768821333,10.095118939670519
2024-01-08 20:30:00,GEO-02,GEO,13.974707323131138,9.324345035081466,8.39191053157332,10.256779538589614
2024-01-08 20:45:00,GEO-02,GEO,14.030539324811969,9.263216668525251,8.336895001672726,10.189538335377778
2024-01-08 21:00:00,GEO-02,GEO,13.59431922783337,9.358118008404956,8.42230620756446,10.293929809245453
2024-01-08 21:15:00,GEO-02,GEO,14.054667921095739,9.279065995954204,8.351159396358783,10.206972595549624
2024-01-08 21:30:00,GEO-02,GEO,14.807749541075317,9.471258530358908,8.524132677323017,10.4183843833948
2024-01-08 21:45:00,GEO-02,GEO,14.282251443723798,9.4353573599963,8.49182162399667,10.37889309599593
2024-01-08 22:00:00,GEO-02,GEO,14.510141728644687,9.493002074664135,8.543701867197722,10.44230228213055
2024-01-08 22:15:00,GEO-02,GEO,14.618201790821445,9.691909187191479,8.722718268472331,10.661100105910627
2024-01-08 22:30:00,GEO-02,GEO,15.25949310656334,9.757285011691046,8.781556510521941,10.73301351286015
2024-01-08 22:45:00,GEO-02,GEO,15.32637740847187,9.900992168476199,8.910892951628579,10.89109138532382
2024-01-08 23:00:00,GEO-02,GEO,15.336691361268283,9.959615313553018,8.963653782197715,10.95557684490832
2024-01-08 23:15:00,GEO-02,GEO,14.961988854778433,9.954053143641447,8.958647829277302,10.949458458005592
2024-01-08 23:30:00,GEO-02,GEO,15.52503676132692,9.754977580720022,8.77947982264802,10.730475338792024
2024-01-08 23:45:00,GEO-02,GEO,15.754185657103864,10.173936349533706,9.156542714580336,11.191329984487078
2024-01-01 00:00:00,GEO-03,GEO,2.601992496576175,0.9206095622466504,0.8285486060219853,1.0126705184713154
2024-01-01 00:15:00,GEO-03,GEO,2.3993910912768888,0.7676107674565127,0.6908496907108614,0.844371844202164
2024-01-01 00:30:00,GEO-03,GEO,3.095112836291476,0.8732137065551202,0.7858923358996082,0.9605350772106322
2024-01-01 00:45:00,GEO-03,GEO,3.507411598706301,0.789168348147611,0.71025151333285,0.8680851829623722
2024-01-01 01:00:00,GEO-03,GEO,2.911318598784891,0.8858689259966938,0.7972820333970244,0.9744558185963632
2024-01-01 01:15:00,GEO-03,GEO,2.610489992866344,0.7207800437349524,0.6487020393614572,0.7928580481084477
2024-01-01 01:30:00,GEO-03,GEO,2.434371581074252,0.6342336337131974,0.5708102703418777,0.6976569970845172
2024-01-01 01:45:00,GEO-03,GEO,2.9819370130191056,0.8678139291434119,0.7810325362290708,0.9545953220577532
2024-01-01 02:00:00,GEO-03,GEO,3.229395210939056,0.6932959360268868,0.6239663424241981,0.7626255296295755
2024-01-01 02:15:00,GEO-03,GEO,3.022792033623795,0.7030292478079007,0.6327263230271106,0.7733321725886908
2024-01-01 02:30:00,GEO-03,GEO,2.8500207821444925,0.7780744673488179,0.7002670206139361,0.8558819140836997
2024-01-01 02:45:00,GEO-03,GEO,2.633169082564105,0.5227843994146664,0.47050595947319973,0.575062839356133
2024-01-01 03:00:00,GEO-03,GEO,2.4304847991074428,0.6547327723867192,0.5892594951480473,0.7202060496253913
2024-01-01 03:15:00,GEO-03,GEO,2.9460307251569176,0.5033987382036339,0.45305886438327053,0.5537386120239973
2024-01-01 03:30:00,GEO-03,GEO,2.8968557097822085,0.514562803650841,0.46310652328575685,0.566019084015925
2024-01-01 03:45:00,GEO-03,GEO,2.076175302667952,0.49878014073650384,0.44890212666285345,0.5486581548101542
2024-01-01 04:00:00,GEO-03,GEO,2.924513330705598,0.30388446102667166,0.2734960149240045,0.3342729071293388
2024-01-01 04:15:00,GEO-03,GEO,2.5184347410931336,0.3371662347566726,0.3034496112810054,0.3708828582323399
2024-01-01 04:30:00,GEO-03,GEO,2.656253407113793,0.5103015861086968,0.4592714274978271,0.5613317447195665
2024-01-01 04:45:00,GEO-03,GEO,1.7159701470220923,0.42317529417201466,0.3808577647548132,0.4654928235892162
2024-01-01 05:00:00,GEO-03,GEO,1.5837623699610026,0.28709142199746185,0.25838227979771566,0.31580056419720803
2024-01-01 05:15:00,GEO-03,GEO,1.81701492155173,0.2761264707782136,0.24851382370039227,0.303739117856035
2024-01-01 05:30:00,GEO-03,GEO,1.8746880712240341,0.18073183304834473,0.16265864974351027,0.1988050163531792
2024-01-01 05:45:00,GEO-03,GEO,2.1195408304264687,0.3042637671741928,0.2738373904567735,0.3346901438916121
2024-01-01 06:00:00,GEO-03,GEO,1.6445737738714516,0.10735061504713347,0.09661555354242013,0.11808567655184683
2024-01-01 06:15:00,GEO-03,GEO,1.2081257375017989,0.10990392067450773,0.09891352860705696,0.12089431274195851
2024-01-01 06:30:00,GEO-03,GEO,0.8180035735180711,0.16142988433281302,0.14528689589953173,0.17757287276609435
2024-01-01 06:45:00,GEO-03,GEO,1.3374582921038858,-0.06981318633570487,-0.06283186770213438,-0.07679450496927535
2024-01-01 07:00:00,GEO-03,GEO,0.5199156712744013,0.12610228150274552,0.11349205335247098,0.1387125096530201
2024-01-01 07:15:00,GEO-03,GEO,1.1378354343462116,-0.21911384191234848,-0.19720245772111364,-0.24102522610358335
2024-01-01 07:30:00,GEO-03,GEO,0.4038222889446968,0.062216173872120556,0.0559945564849085,0.06843779125933262
2024-01-01 07:45:00,GEO-03,GEO,0.806807759526704,-0.17089091703511644,-0.1538018253316048,-0.1879800087386281
2024-01-01 08:00:00,GEO-03,GEO,0.37523521298559576,-0.18877697008039268,-0.16989927307235342,-0.20765466708843197
2024-01-01 08:15:00,GEO-03,GEO,-0.025424413653927697,-0.3822222307519211,-0.344000007676729,-0.4204444538271132
2024-01-01 08:30:00,GEO-03,GEO,-0.293071469906511,-0.26507644044434786,-0.23856879639991307,-0.29158408448878265
2024-01-01 08:45:00,GEO-03,GEO,-0.38875048249407007,-0.3474562819092657,-0.3127106537183391,-0.3822019101001923
2024-01-01 09:00:00,GEO-03,GEO,-0.302776861786617,-0.3254737897048609,-0.2929264107343748,-0.358021168675347
2024-01-01 09:15:00,GEO-03,GEO,-0.5477752576973699,-0.29689193247092704,-0.26720273922383436,-0.3265811257180198
2024-01-01 09:30:00,GEO-03,GEO,-0.8828829753632464,-0.20292670992560544,-0.1826340389330449,-0.223219380918166
2024-01-01 09:45:00,GEO-03,GEO,-0.8817487319578318,-0.2904715735639334,-0.26142441620754003,-0.31951873092032673
2024-01-01 10:00:00,GEO-03,GEO,-1.3657641132920242,-0.28987185745270283,-0.26088467170743257,-0.31885904319797315
2024-01-01 10:15:00,GEO-03,GEO,-2.1404022476950715,-0.4363945809984532,-0.39275512289860787,-0.48003403909829856
2024-01-01 10:30:00,GEO-03,GEO,-1.4684627106569135,-0.4178443262406233,-0.37605989361656095,-0.4596287588646856
2024-01-01 10:45:00,GEO-03,GEO,-1.9951094879693647,-0.14948752901988838,-0.13453877611789955,-0.16443628192187723
2024-01-01 11:00:00,GEO-03,GEO,-2.133122089876899,-0.3990920505510349,-0.35918284549593144,-0.43900125560613845
2024-01-01 11:15:00,GEO-03,GEO,-2.36944465872043,-0.1527542752123553,-0.13747884769111976,-0.16802970273359083
2024-01-01 11:30:00,GEO-03,GEO,-2.467300300392883,-0.3320606420978525,-0.2988545778880673,-0.3652667063076378
2024-01-01 11:45:00,GEO-03,GEO,-2.3910564796104996,-0.2934811111041499,-0.26413299999373496,-0.32282922221456495
2024-01-01 12:00:00,GEO-03,GEO,-2.7090175708743223,-0.16921908645192058,-0.15229717780672852,-0.18614099509711265
2024-01-01 12:15:00,GEO-03,GEO,-1.9434819889401023,-0.12823132860933825,-0.11540819574840443,-0.1410544614702721
2024-01-01 12:30:00,GEO-03,GEO,-2.708927179499595,-0.24232949785790955,-0.2180965480721186,-0.2665624476437005
2024-01-01 12:45:00,GEO-03,GEO,-2.507912380030124,-0.24262064385348284,-0.21835857946813456,-0.26688270823883115
2024-01-01 13:00:00,GEO-03,GEO,-2.439403007435941,-0.17872867225631484,-0.16085580503068336,-0.19660153948194634
2024-01-01 13:15:00,GEO-03,GEO,-2.506689418733221,-0.10555885862732346,-0.09500297276459112,-0.11611474449005582
2024-01-01 13:30:00,GEO-03,GEO,-2.543821504119635,-0.013418795054660593,-0.012076915549194534,-0.014760674560126653
2024-01-01 13:45:00,GEO-03,GEO,-2.8418913075447776,-0.062409118277902506,-0.05616820645011226,-0.06865003010569276
2024-01-01 14:00:00,GEO-03,GEO,-1.9989429357733777,0.041560909175846886,0.037404818258262196,0.045717000093431576
2024-01-01 14:15:00,GEO-03,GEO,-1.831302141397488,0.18866373651989188,0.1697973628679027,0.20753011017188108
2024-01-01 14:30:00,GEO-03,GEO,-2.8059891999713384,0.11061773277006187,0.09955595949305569,0.12167950604706806
2024-01-01 14:45:00,GEO-03,GEO,-2.5248390451819045,0.15365629321393492,0.13829066389254144,0.16902192253532844
2024-01-01 15:00:00,GEO-03,GEO,-2.206987113951776,0.022781049855411295,0.020502944869870168,0.025059154840952426
2024-01-01 15:15:00,GEO-03,GEO,-2.3071070205490254,-0.03422052879597315,-0.030798475916375835,-0.03764258167557047
2024-01-01 15:30:00,GEO-03,GEO,-1.7503051446469993,0.3236834161942395,0.2913150745748156,0.3560517578136635
2024-01-01 15:45:00,GEO-03,GEO,-1.994976719215094,0.3329757989099829,0.2996782190189846,0.3662733788009812
2024-01-01 16:00:00,GEO-03,GEO,-0.9918758692280597,0.3500104353229507,0.3150093917906556,0.3850114788552458
2024-01-01 16:15:00,GEO-03,GEO,-1.140110081341212,0.48608331511535363,0.43747498360381826,0.5346916466268891
2024-01-01 16:30:00,GEO-03,GEO,-1.280894321700458,0.5169304476980063,0.4652374029282057,0.568623492467807
2024-01-01 16:45:00,GEO-03,GEO,-0.8760343423924861,0.6977718509845792,0.6279946658861213,0.7675490360830372
2024-01-01 17:00:00,GEO-03,GEO,-0.6844914715999302,0.6561905920800821,0.590571532872074,0.7218096512880904
2024-01-01 17:15:00,GEO-03,GEO,-1.0108721757215924,0.6358133153000729,0.5722319837700657,0.6993946468300802
2024-01-01 17:30:00,GEO-03,GEO,-0.9059303638409751,0.8725651927675975,0.7853086734908378,0.9598217120443573
2024-01-01 17:45:00,GEO-03,GEO,-0.45163234448110745,0.8147710001472884,0.7332939001325596,0.8962481001620174
2024-01-01 18:00:00,GEO-03,GEO,0.3101467260934212,0.9517422155236295,0.8565679939712666,1.0469164370759925
2024-01-01 18:15:00,GEO-03,GEO,0.28796375502085414,0.9133985216522899,0.8220586694870609,1.0047383738175188
2024-01-01 18:30:00,GEO-03,GEO,-0.029067757005606376,0.9574346290138888,0.8616911661124999,1.0531780919152778
2024-01-01 18:45:00,GEO-03,GEO,0.40340983749542547,1.0911219321015668,0.9820097388914102,1.2002341253117237
2024-01-01 19:00:00,GEO-03,GEO,0.8239659003901791,1.14307345628284,1.028766110654556,1.2573808019111241
2024-01-01 19:15:00,GEO-03,GEO,1.0262602767551336,1.2474492432058666,1.1227043188852799,1.3721941675264533
2024-01-01 19:30:00,GEO-03,GEO,1.8436495626769802,1.2286671863890024,1.105800467750102,1.3515339050279027
2024-01-01 19:45:00,GEO-03,GEO,1.0383648405049288,1.1261559864933413,1.0135403878440072,1.2387715851426755
2024-01-01 20:00:00,GEO-03,GEO,1.6078606620455753,1.3187831969191324,1.1869048772272193,1.4506615166110457
2024-01-01 20:15:00,GEO-03,GEO,2.10156918228159,1.4915414340777595,1.3423872906699836,1.6406955774855356
2024-01-01 20:30:00,GEO-03,GEO,2.5319667324467168,1.4301826182616644,1.287164356435498,1.573200880087831
2024-01-01 20:45:00,GEO-03,GEO,1.9212079102955495,1.4805454297841634,1.332490886805747,1.6285999727625797
2024-01-01 21:00:00,GEO-03,GEO,2.3775194907750317,1.6464398307367933,1.4817958476631141,1.8110838138104728
2024-01-01 21:15:00,GEO-03,GEO,2.583438866681352,1.5164414218944777,1.36479727970503,1.6680855640839256
2024-01-01 21:30:00,GEO-03,GEO,2.6477423928669825,1.4702883420265813,1.3232595078239233,1.6173171762292395
2024-01-01 21:45:00,GEO-03,GEO,2.729533836448402,1.642416472979067,1.4781748256811602,1.8066581202769738
2024-01-01 22:00:00,GEO-03,GEO,2.9252422691057944,1.6408546876452055,1.476769218880685,1.8049401564097263
2024-01-01 22:15:00,GEO-03,GEO,2.189990391352025,1.6202354538654813,1.4582119084789331,1.7822589992520295
2024-01-01 22:30:00,GEO-03,GEO,3.3011859571589057,1.7236333991670358,1.5512700592503323,1.8959967390837396
2024-01-01 22:45:00,GEO-03,GEO,3.272468224198795,1.8112978068058971,1.6301680261253075,1.992427587486487
2024-01-01 23:00:00,GEO-03,GEO,3.296571399926868,1.7788151858937729,1.6009336673043957,1.9566967044831503
2024-01-01 23:15:00,GEO-03,GEO,4.0962612808475445,1.8246301864121977,1.642167167770978,2.0070932050534176
2024-01-01 23:30:00,GEO-03,GEO,3.3883833804391013,1.986037154536442,1.7874334390827977,2.184640869990086
2024-01-01 23:45:00,GEO-03,GEO,3.5680002345003428,1.7777487647875223,1.5999738883087702,1.9555236412662746
2024-01-02 00:00:00,GEO-03,GEO,4.362469542419125,1.8438020959138035,1.6594218863224233,2.028182305505184
2024-01-02 00:15:00,GEO-03,GEO,3.591303374414935,1.7655957482673585,1.5890361734406226,1.9421553230940947
2024-01-02 00:30:00,GEO-03,GEO,3.7403604950211817,1.7290936673150161,1.5561843005835145,1.902003034046518
2024-01-02 00:45:00,GEO-03,GEO,3.9141313555516777,1.7491718543829093,1.5742546689446184,1.9240890398212005
2024-01-02 01:00:00,GEO-03,GEO,4.251539106196391,1.7505119352249272,1.5754607417024344,1.9255631287474202
2024-01-02 01:15:00,GEO-03,GEO,4.090890832472947,1.8219382399278947,1.6397444159351053,2.0041320639206845
2024-01-02 01:30:00,GEO-03,GEO,3.6581117349244257,2.0054776748840037,1.8049299073956033,2.2060254423724044
2024-01-02 01:45:00,GEO-03,GEO,3.8917332501944037,1.6806335767716707,1.5125702190945036,1.848696934448838
2024-01-02 02:00:00,GEO-03,GEO,3.862865278460325,1.6894558900365033,1.5205103010328531,1.8584014790401537
2024-01-02 02:15:00,GEO-03,GEO,4.003914996588075,1.7010355191173034,1.5309319672055732,1.8711390710290339
2024-01-02 02:30:00,GEO-03,GEO,4.125334632488907,1.7206535807982628,1.5485882227184367,1.8927189388780892
2024-01-02 02:45:00,GEO-03,GEO,4.082251905347096,1.6788094248025365,1.5109284823222828,1.8466903672827903
2024-01-02 03:00:00,GEO-03,GEO,3.3721699631881585,1.750067682000554,1.5750609138004987,1.9250744502006096
2024-01-02 03:15:00,GEO-03,GEO,4.1616272240075185,1.3462234267793511,1.211601084101416,1.4808457694572863
2024-01-02 03:30:00,GEO-03,GEO,3.8453344776453293,1.3155611721786593,1.1840050549607934,1.4471172893965254
2024-01-02 03:45:00,GEO-03,GEO,4.102093453433152,1.4684388469800085,1.3215949622820076,1.6152827316780094
2024-01-02 04:00:00,GEO-03,GEO,3.7276607359184015,1.590111085908684,1.4310999773178157,1.7491221944995525
2024-01-02 04:15:00,GEO-03,GEO,3.823449862625471,1.2849595558611053,1.1564636002749948,1.413455511447216
2024-01-02 04:30:00,GEO-03,GEO,3.5231782074849023,1.1009054828809561,0.9908149345928605,1.2109960311690517
2024-01-02 04:45:00,GEO-03,GEO,3.669315798908261,1.4181485359184045,1.276333682326564,1.5599633895102452
2024-01-02 05:00:00,GEO-03,GEO,3.2970244078707753,1.3441955220834048,1.2097759698750643,1.4786150742917454
2024-01-02 05:15:00,GEO-03,GEO,2.9791707410288586,1.1692677042299306,1.0523409338069376,1.286194474652924
2024-01-02 05:30:00,GEO-03,GEO,3.55242275976935,1.1380765435228464,1.0242688891705618,1.2518841978751312
2024-01-02 05:45:00,GEO-03,GEO,2.994183320712157,1.098105476610876,0.9882949289497884,1.2079160242719638
2024-01-02 06:00:00,GEO-03,GEO,2.3938944028953952,1.1649138245568924,1.0484224421012032,1.2814052070125816
2024-01-02 06:15:00,GEO-03,GEO,1.6870597724510672,1.0505626038256703,0.9455063434431034,1.1556188642082375
2024-01-02 06:30:00,GEO-03,GEO,1.528443027445939,1.1227076817991075,1.0104369136191969,1.2349784499790184
2024-01-02 06:45:00,GEO-03,GEO,1.8452937417978537,0.7489357158413943,0.6740421442572548,0.8238292874255337
2024-01-02 07:00:00,GEO-03,GEO,1.64200463519725,0.9110125965232252,0.8199113368709027,1.0021138561755478
2024-01-02 07:15:00,GEO-03,GEO,1.2540790752791793,0.8478013229538324,0.7630211906584492,0.9325814552492157
2024-01-02 07:30:00,GEO-03,GEO,1.3204534705774313,0.9000923129065409,0.8100830816158868,0.9901015441971951
2024-01-02 07:45:00,GEO-03,GEO,1.5952421930215843,0.8390462854940148,0.7551416569446133,0.9229509140434163
2024-01-02 08:00:00,GEO-03,GEO,1.2950387401824393,0.9417517026746611,0.847576532407195,1.0359268729421274
2024-01-02 08:15:00,GEO-03,GEO,0.5882338521025259,0.6473195291833165,0.5825875762649848,0.7120514821016481
2024-01-02 08:30:00,GEO-03,GEO,0.7441569653479785,0.811426598909445,0.7302839390185005,0.8925692588003896
2024-01-02 08:45:00,GEO-03,GEO,0.38689410830352045,0.8388324334975417,0.7549491901477875,0.9227156768472959
2024-01-02 09:00:00,GEO-03,GEO,0.3672803274277765,0.94743000847163,0.8526870076244669,1.042173009318793
2024-01-02 09:15:00,GEO-03,GEO,0.21985526559795976,0.6951369869815622,0.6256232882834061,0.7646506856797185
2024-01-02 09:30:00,GEO-03,GEO,0.06682894412570062,0.7602144090453045,0.684192968140774,0.836235849949835
2024-01-02 09:45:00,GEO-03,GEO,-0.293737748605025,0.534856232022716,0.48137060882044447,0.5883418552249877
2024-01-02 10:00:00,GEO-03,GEO,0.2607608065444086,0.466639276758832,0.4199753490829488,0.5133032044347152
2024-01-02 10:15:00,GEO-03,GEO,0.018430122782816194,0.7841092154472218,0.7056982939024996,0.8625201369919441
2024-01-02 10:30:00,GEO-03,GEO,-0.7963533188865672,0.6961494733377913,0.6265345260040122,0.7657644206715705
2024-01-02 10:45:00,GEO-03,GEO,0.6030929200038108,0.8149656581077713,0.7334690922969942,0.8964622239185486
2024-01-02 11:00:00,GEO-03,GEO,0.22790296055746107,0.5635621840112636,0.5072059656101372,0.6199184024123899
2024-01-02 11:15:00,GEO-03,GEO,-0.2877371388570803,0.7600895335177392,0.6840805801659653,0.8360984868695133
2024-01-02 11:30:00,GEO-03,GEO,-0.23509240290269984,0.9056016818275683,0.8150415136448115,0.9961618500103252
2024-01-02 11:45:00,GEO-03,GEO,-0.6475240996644447,0.7747350761001749,0.6972615684901574,0.8522085837101925
2024-01-02 12:00:00,GEO-03,GEO,0.16832924127397142,0.7778769680671402,0.7000892712604262,0.8556646648738543
2024-01-02 12:15:00,GEO-03,GEO,0.19565053974974778,0.77190945726218,0.694718511535962,0.8491004029883981
2024-01-02 12:30:00,GEO-03,GEO,-0.3482314967411886,0.6381380324403568,0.5743242291963212,0.7019518356843926
2024-01-02 12:45:00,GEO-03,GEO,-0.09825455713904208,0.9582353750526545,0.8624118375473891,1.05405891255792
2024-01-02 13:00:00,GEO-03,GEO,-0.351037728191775,0.7922520285983494,0.7130268257385145,0.8714772314581845
2024-01-02 13:15:00,GEO-03,GEO,-0.791102944744867,0.9375681341707154,0.8438113207536438,1.031324947587787
2024-01-02 13:30:00,GEO-03,GEO,-0.48821181507504546,0.767621825584188,0.6908596430257692,0.8443840081426068
2024-01-02 13:45:00,GEO-03,GEO,-0.2878011269175297,0.8456963493548525,0.7611267144193673,0.9302659842903378
2024-01-02 14:00:00,GEO-03,GEO,-0.4146618543642863,1.1496554392787044,1.0346898953508339,1.264620983206575
2024-01-02 14:15:00,GEO-03,GEO,-0.2831334562034764,1.016571954379962,0.9149147589419658,1.1182291498179584
2024-01-02 14:30:00,GEO-03,GEO,-0.17268779747137863,1.2442887391307869,1.1198598652177083,1.3687176130438656
2024-01-02 14:45:00,GEO-03,GEO,-0.08597035575974188,1.1411423616905534,1.0270281255214981,1.2552565978596089
2024-01-02 15:00:00,GEO-03,GEO,0.04855719742646014,1.016956775051582,0.9152610975464238,1.1186524525567403
2024-01-02 15:15:00,GEO-03,GEO,-0.18000354047906097,1.344533664843054,1.2100802983587486,1.4789870313273594
2024-01-02 15:30:00,GEO-03,GEO,0.03872400609374882,1.2523310314786111,1.12709792833075,1.3775641346264724
2024-01-02 15:45:00,GEO-03,GEO,-0.005946676687210162,1.4388015233727245,1.2949213710354521,1.582681675709997
2024-01-02 16:00:00,GEO-03,GEO,0.8078756368517103,1.4304842095513828,1.2874357885962446,1.5735326305065211
2024-01-02 16:15:00,GEO-03,GEO,0.026954919319502557,1.333892891885382,1.2005036026968439,1.4672821810739205
2024-01-02 16:30:00,GEO-03,GEO,1.1573342336208428,1.5658747171377028,1.4092872454239325,1.7224621888514733
2024-01-02 16:45:00,GEO-03,GEO,1.3876982593063367,1.8310905601194187,1.6479815041074768,2.0141996161313607
2024-01-02 17:00:00,GEO-03,GEO,1.0490078865139805,1.7233525710885795,1.5510173139797216,1.8956878281974376
2024-01-02 17:15:00,GEO-03,GEO,0.5332946058635827,1.7312282884894934,1.5581054596405441,1.9043511173384429
2024-01-02 17:30:00,GEO-03,GEO,1.3864653024473141,1.907557329050307,1.7168015961452763,2.098313061955338
2024-01-02 17:45:00,GEO-03,GEO,1.661593149757242,1.884025374145169,1.695622836730652,2.0724279115596858
2024-01-02 18:00:00,GEO-03,GEO,1.2660114866004604,1.9465163901656275,1.7518647511490648,2.1411680291821904
2024-01-02 18:15:00,GEO-03,GEO,1.609215181117454,1.8784514950386093,1.6906063455347484,2.0662966445424704
2024-01-02 18:30:00,GEO-03,GEO,2.420624811145794,2.072276540125541,1.865048886112987,2.2795041941380956
2024-01-02 18:45:00,GEO-03,GEO,2.3612703832062945,2.21272387070764,1.9914514836368762,2.4339962577784044
2024-01-02 19:00:00,GEO-03,GEO,2.0863235889901564,2.084658796701418,1.876192917031276,2.29312467637156
2024-01-02 19:15:00,GEO-03,GEO,2.087215271009349,2.368390541776827,2.1315514875991446,2.60522959595451
2024-01-02 19:30:00,GEO-03,GEO,2.6713167781922023,2.272835579288413,2.0455520213595717,2.5001191372172547
2024-01-02 19:45:00,GEO-03,GEO,2.9076592532545913,2.2474894336994757,2.0227404903295283,2.4722383770694236
2024-01-02 20:00:00,GEO-03,GEO,3.3214031225415432,2.488298212952944,2.23946839165765,2.7371280342482387
2024-01-02 20:15:00,GEO-03,GEO,3.2105997128505432,2.4099545837725,2.1689591253952503,2.6509500421497503
2024-01-02 20:30:00,GEO-03,GEO,3.720341158266173,2.5623461349175347,2.3061115214257812,2.8185807484092886
2024-01-02 20:45:00,GEO-03,GEO,4.339432826106542,2.5024823267927125,2.2522340941134416,2.752730559471984
2024-01-02 21:00:00,GEO-03,GEO,4.191100438529991,2.568293985776159,2.311464587198543,2.825123384353775
2024-01-02 21:15:00,GEO-03,GEO,4.114443684160266,2.6634691850367482,2.3971222665330734,2.929816103540423
2024-01-02 21:30:00,GEO-03,GEO,4.2505122089227445,2.6801327895928204,2.4121195106335382,2.9481460685521026
2024-01-02 21:45:00,GEO-03,GEO,4.368544933403966,2.4854008268693906,2.2368607441824517,2.73394090955633
2024-01-02 22:00:00,GEO-03,GEO,4.992694304256116,2.603622128743589,2.34325991586923,2.863984341617948
2024-01-02 22:15:00,GEO-03,GEO,4.6055225613972315,2.836275504302838,2.552647953872554,3.119903054733122
2024-01-02 22:30:00,GEO-03,GEO,4.954184301104798,2.7544320058496985,2.478988805264729,3.0298752064346686
2024-01-02 22:45:00,GEO-03,GEO,5.094026601929216,2.7362485317870253,2.4626236786083227,3.009873384965728
2024-01-02 23:00:00,GEO-03,GEO,5.056830989381576,2.670361060507756,2.4033249544569806,2.9373971665585317
2024-01-02 23:15:00,GEO-03,GEO,4.914515336031137,2.7124328669989377,2.441189580299044,2.983676153698832
2024-01-02 23:30:00,GEO-03,GEO,5.531808315426255,2.6289909406716534,2.3660918466044882,2.891890034738819
2024-01-02 23:45:00,GEO-03,GEO,5.514674217927928,2.8283829990560743,2.545544699150467,3.111221298961682
2024-01-03 00:00:00,GEO-03,GEO,5.386508871548173,2.782597894374181,2.504338104936763,3.0608576838115993
2024-01-03 00:15:00,GEO-03,GEO,5.15227485289764,2.7463327154116888,2.47169944387052,3.020965986952858
2024-01-03 00:30:00,GEO-03,GEO,5.743074648505554,2.8333917167698672,2.5500525450928806,3.1167308884468543
2024-01-03 00:45:00,GEO-03,GEO,5.166640027176877,2.8705341027929085,2.583480692513618,3.1575875130721998
2024-01-03 01:00:00,GEO-03,GEO,5.9843640257223925,3.034182005581039,2.7307638050229355,3.337600206139143
2024-01-03 01:15:00,GEO-03,GEO,4.975692306277971,2.6612767381998097,2.395149064379829,2.927404412019791
2024-01-03 01:30:00,GEO-03,GEO,5.647763537396668,2.912982620526928,2.6216843584742353,3.204280882579621
2024-01-03 01:45:00,GEO-03,GEO,5.6654462028500445,2.87602249648371,2.588420246835339,3.1636247461320814
2024-01-03 02:00:00,GEO-03,GEO,5.27783766700122,2.6796835666433285,2.4117152099789956,2.9476519233076615
2024-01-03 02:15:00,GEO-03,GEO,5.625832670472791,2.7541458358699806,2.4787312522829827,3.029560419456979
2024-01-03 02:30:00,GEO-03,GEO,5.852870314787502,2.6617847909764745,2.395606311878827,2.9279632700741223
2024-01-03 02:45:00,GEO-03,GEO,4.763177705733983,2.6974976216318804,2.4277478594686923,2.9672473837950686
2024-01-03 03:00:00,GEO-03,GEO,5.527230110609421,2.7990456239291466,2.519141061536232,3.0789501863220616
2024-01-03 03:15:00,GEO-03,GEO,4.565896860599737,2.6758976770789524,2.4083079093710573,2.943487444786848
2024-01-03 03:30:00,GEO-03,GEO,4.951297561748876,2.6315894165045197,2.3684304748540677,2.894748358154972
2024-01-03 03:45:00,GEO-03,GEO,5.646916927584761,2.501470152168508,2.2513231369516573,2.751617167385359
2024-01-03 04:00:00,GEO-03,GEO,5.193997212009106,2.3584498206448297,2.122604838580347,2.594294802709313
2024-01-03 04:15:00,GEO-03,GEO,4.9150195702775665,2.447151957950572,2.2024367621555148,2.6918671537456293
2024-01-03 04:30:00,GEO-03,GEO,5.0979638796499795,2.5488039523196724,2.2939235570877052,2.80368434755164
2024-01-03 04:45:00,GEO-03,GEO,5.659950557792019,2.2347882296204675,2.011309406658421,2.4582670525825145
2024-01-03 05:00:00,GEO-03,GEO,4.364975127199157,2.2407952828784143,2.016715754590573,2.464874811166256
2024-01-03 05:15:00,GEO-03,GEO,4.467282925765441,2.3173897385162276,2.0856507646646048,2.5491287123678505
2024-01-03 05:30:00,GEO-03,GEO,5.0940524328846895,2.164639445093161,1.948175500583845,2.3811033896024774
2024-01-03 05:45:00,GEO-03,GEO,5.058913471385028,2.1423019238457712,1.9280717314611941,2.3565321162303485
2024-01-03 06:00:00,GEO-03,GEO,4.322690917215159,2.137974854619631,1.9241773691576678,2.351772340081594
2024-01-03 06:15:00,GEO-03,GEO,3.8301844945627437,2.0031068110079056,1.8027961299071151,2.2034174921086964
2024-01-03 06:30:00,GEO-03,GEO,4.675637571135911,2.0023635252628647,1.8021271727365782,2.2025998777891513
2024-01-03 06:45:00,GEO-03,GEO,4.367761022588229,2.1312155937935158,1.9180940344141642,2.3443371531728676
2024-01-03 07:00:00,GEO-03,GEO,3.9339815801036098,1.8924352247958578,1.7031917023162721,2.081678747275444
2024-01-03 07:15:00,GEO-03,GEO,3.326544348008616,1.8270939255784013,1.6443845330205613,2.0098033181362416
2024-01-03 07:30:00,GEO-03,GEO,3.395399066350566,1.8891983027733488,1.7002784724960138,2.0781181330506837
2024-01-03 07:45:00,GEO-03,GEO,3.202495298203229,1.9925210315769635,1.793268928419267,2.19177313473466
2024-01-03 08:00:00,GEO-03,GEO,2.827408018135123,1.868749563868343,1.6818746074815087,2.0556245202551775
2024-01-03 08:15:00,GEO-03,GEO,3.0075714654008525,1.8132695185207093,1.6319425666686385,1.9945964703727803
2024-01-03 08:30:00,GEO-03,GEO,2.683169354765192,1.8377877510108804,1.6540089759097925,2.0215665261119686
2024-01-03 08:45:00,GEO-03,GEO,1.9469058583969667,1.634902467873355,1.4714122210860197,1.7983927146606906
2024-01-03 09:00:00,GEO-03,GEO,2.538273866289315,1.8377102501758873,1.6539392251582985,2.021481275193476
2024-01-03 09:15:00,GEO-03,GEO,2.0796142362239083,1.8081315072142237,1.6273183564928013,1.9889446579356462
2024-01-03 09:30:00,GEO-03,GEO,2.0579769865976827,1.7133121211834297,1.5419809090650867,1.8846433333017727
2024-01-03 09:45:00,GEO-03,GEO,2.1644997497036824,1.8423093824415437,1.6580784441973895,2.0265403206856982
2024-01-03 10:00:00,GEO-03,GEO,1.468309644939974,1.6195597072777792,1.4576037365500014,1.7815156780055572
2024-01-03 10:15:00,GEO-03,GEO,1.6785912490192443,1.8388970971773575,1.6550073874596218,2.0227868068950934
2024-01-03 10:30:00,GEO-03,GEO,1.425771431500526,1.7386292892450728,1.5647663603205655,1.9124922181695803
2024-01-03 10:45:00,GEO-03,GEO,1.01956999383785,1.6899335501230606,1.5209401951107546,1.8589269051353667
2024-01-03 11:00:00,GEO-03,GEO,1.508011566368113,1.725389529354356,1.5528505764189204,1.8979284822897917
2024-01-03 11:15:00,GEO-03,GEO,2.0813465528899244,1.7238472629667183,1.5514625366700465,1.8962319892633903
2024-01-03 11:30:00,GEO-03,GEO,0.7099650676175688,1.8672226073979035,1.6805003466581132,2.053944868137694
2024-01-03 11:45:00,GEO-03,GEO,1.1970145300101587,1.6515710225002953,1.4864139202502658,1.816728124750325
2024-01-03 12:00:00,GEO-03,GEO,1.354501767247318,1.7004413135763243,1.530397182218692,1.870485444933957
2024-01-03 12:15:00,GEO-03,GEO,1.1661139006088441,1.9011585583699413,1.711042702532947,2.0912744142069357
2024-01-03 12:30:00,GEO-03,GEO,1.0735484778243043,1.762147104617511,1.58593239415576,1.9383618150792623
2024-01-03 12:45:00,GEO-03,GEO,0.7076478493657814,1.9392058091977278,1.745285228277955,2.133126390117501
2024-01-03 13:00:00,GEO-03,GEO,1.1689387698042717,2.0497558108626746,1.844780229776407,2.2547313919489422
2024-01-03 13:15:00,GEO-03,GEO,0.8856120026073087,1.873414725821199,1.6860732532390792,2.060756198403319
2024-01-03 13:30:00,GEO-03,GEO,0.48108519291466,2.0185359088817934,1.816682317993614,2.220389499769973
2024-01-03 13:45:00,GEO-03,GEO,1.5337246579991772,1.874747507654594,1.6872727568891348,2.0622222584200536
2024-01-03 14:00:00,GEO-03,GEO,1.5119447160055328,2.10809444914621,1.897285004231589,2.3189038940608313
2024-01-03 14:15:00,GEO-03,GEO,1.300687328876533,2.0977190018573726,1.8879471016716354,2.30749090204311
2024-01-03 14:30:00,GEO-03,GEO,1.4261809850372398,2.172739439725502,1.955465495752952,2.3900133836980526
2024-01-03 14:45:00,GEO-03,GEO,1.7633151062087382,2.1108826403758143,1.899794376338233,2.321970904413396
2024-01-03 15:00:00,GEO-03,GEO,1.602908056104809,2.0615126307735965,1.8553613676962368,2.267663893850956
2024-01-03 15:15:00,GEO-03,GEO,1.9121097546624872,2.332126531327781,2.098913878195003,2.5653391844605595
2024-01-03 15:30:00,GEO-03,GEO,1.6673106993641507,2.131454367989176,1.9183089311902586,2.344599804788094
2024-01-03 15:45:00,GEO-03,GEO,2.2757502333891373,2.3636720127797153,2.1273048115017437,2.600039214057687
2024-01-03 16:00:00,GEO-03,GEO,2.1134931985198255,2.548555729422319,2.293700156480087,2.803411302364551
2024-01-03 16:15:00,GEO-03,GEO,2.2195910937475354,2.533868908249921,2.280482017424929,2.7872557990749134
2024-01-03 16:30:00,GEO-03,GEO,1.932965312806329,2.770753925062576,2.493678532556318,3.0478293175688336
2024-01-03 16:45:00,GEO-03,GEO,2.560606705212166,2.740453581145263,2.466408223030737,3.0144989392597896
2024-01-03 17:00:00,GEO-03,GEO,2.3928020961546044,2.6351385063875243,2.371624655748772,2.898652357026277
2024-01-03 17:15:00,GEO-03,GEO,2.6254774230473923,2.7661858217581305,2.4895672395823176,3.042804403933944
2024-01-03 17:30:00,GEO-03,GEO,2.7529722913368424,2.8217603385831236,2.5395843047248112,3.1039363724414364
2024-01-03 17:45:00,GEO-03,GEO,2.863704427368293,2.7312152712731934,2.458093744145874,3.004336798400513
2024-01-03 18:00:00,GEO-03,GEO,4.011658579163912,2.8579974954738625,2.572197745926476,3.143797245021249
2024-01-03 18:15:00,GEO-03,GEO,3.968218623536134,2.958012341539482,2.662211107385534,3.2538135756934308
2024-01-03 18:30:00,GEO-03,GEO,4.342712707809748,2.871744107243935,2.5845696965195417,3.158918517968329
2024-01-03 18:45:00,GEO-03,GEO,3.599959934328794,3.14040329587406,2.826362966286654,3.454443625461466
2024-01-03 19:00:00,GEO-03,GEO,4.190105153956539,3.1698322474290643,2.852849022686158,3.486815472171971
2024-01-03 19:15:00,GEO-03,GEO,3.9834789400064308,3.0851259895039225,2.77661339055353,3.393638588454315
2024-01-03 19:30:00,GEO-03,GEO,4.3657497159957,3.3489018882136077,3.014011699392247,3.6837920770349686
2024-01-03 19:45:00,GEO-03,GEO,4.501294397714446,3.4343280793053768,3.090895271374839,3.7777608872359147
2024-01-03 20:00:00,GEO-03,GEO,5.092897390710117,3.4377128731303586,3.0939415858173227,3.781484160443395
2024-01-03 20:15:00,GEO-03,GEO,4.800804645635408,3.4327016098083782,3.0894314488275403,3.775971770789216
2024-01-03 20:30:00,GEO-03,GEO,5.435883908210911,3.5720132813270573,3.2148119531943515,3.9292146094597635
2024-01-03 20:45:00,GEO-03,GEO,5.488601703410129,3.6261546460491854,3.263539181444267,3.9887701106541043
2024-01-03 21:00:00,GEO-03,GEO,6.186020579873238,3.6314913770840653,3.268342239375659,3.994640514792472
2024-01-03 21:15:00,GEO-03,GEO,5.2335157918626685,3.5581263595427903,3.2023137235885115,3.9139389954970696
2024-01-03 21:30:00,GEO-03,GEO,6.231706144619869,3.7051775803678866,3.334659822331098,4.0756953384046755
2024-01-03 21:45:00,GEO-03,GEO,6.3679579572232505,3.8309764899800625,3.447878840982056,4.214074138978069
2024-01-03 22:00:00,GEO-03,GEO,5.894967201557458,3.682558016874804,3.3143022151873236,4.050813818562284
2024-01-03 22:15:00,GEO-03,GEO,6.644335418569662,3.979602859719947,3.5816425737479523,4.377563145691942
2024-01-03 22:30:00,GEO-03,GEO,6.5899397997577704,3.7415569913242646,3.3674012921918384,4.115712690456691
2024-01-03 22:45:00,GEO-03,GEO,6.558903175823966,3.8183367833811297,3.4365031050430166,4.200170461719243
2024-01-03 23:00:00,GEO-03,GEO,6.50866442357853,3.7654443224158185,3.388899890174237,4.141988754657401
2024-01-03 23:15:00,GEO-03,GEO,6.659000987406703,3.8692080027014972,3.4822872024313476,4.256128802971647
2024-01-03 23:30:00,GEO-03,GEO,7.5983384155218285,3.6834230553872693,3.3150807498485424,4.051765360925996
2024-01-03 23:45:00,GEO-03,GEO,7.081659077616884,3.810381311027504,3.429343179924754,4.191419442130255
2024-01-04 00:00:00,GEO-03,GEO,6.975745143442959,3.7597039523803777,3.38373355714234,4.135674347618416
2024-01-04 00:15:00,GEO-03,GEO,6.579754542595442,3.8829997592823977,3.494699783354158,4.271299735210638
2024-01-04 00:30:00,GEO-03,GEO,6.647541787261467,3.9661232168205016,3.5695108951384515,4.362735538502552
2024-01-04 00:45:00,GEO-03,GEO,7.258937016581729,3.925212078402039,3.532690870561835,4.317733286242243
2024-01-04 01:00:00,GEO-03,GEO,6.570548489317881,3.6141706962571045,3.252753626631394,3.9755877658828154
2024-01-04 01:15:00,GEO-03,GEO,6.880088541121186,4.043146465431867,3.6388318188886806,4.447461111975055
2024-01-04 01:30:00,GEO-03,GEO,7.032210153617587,3.853046930241912,3.467742237217721,4.238351623266103
2024-01-04 01:45:00,GEO-03,GEO,7.06089819091039,3.727536846315852,3.3547831616842667,4.100290530947437
2024-01-04 02:00:00,GEO-03,GEO,6.967446214144955,3.79978005246304,3.419802047216736,4.1797580577093445
2024-01-04 02:15:00,GEO-03,GEO,7.1219298357095795,3.7779156426445946,3.400124078380135,4.155707206909054
2024-01-04 02:30:00,GEO-03,GEO,7.181540852871114,3.6673376641980284,3.3006038977782257,4.034071430617832
2024-01-04 02:45:00,GEO-03,GEO,7.153284033444319,3.7251948503071644,3.352675365276448,4.097714335337881
2024-01-04 03:00:00,GEO-03,GEO,6.585334938028145,3.6138597138096085,3.2524737424286476,3.9752456851905698
2024-01-04 03:15:00,GEO-03,GEO,6.733300989586439,3.6013752745297674,3.2412377470767906,3.9615128019827446
2024-01-04 03:30:00,GEO-03,GEO,7.104095273635242,3.5385750855886173,3.1847175770297556,3.8924325941474796
2024-01-04 03:45:00,GEO-03,GEO,6.931230586652957,3.4277083751729562,3.0849375376556605,3.770479212690252
2024-01-04 04:00:00,GEO-03,GEO,6.1586459935126925,3.5479135541417484,3.1931221987275737,3.9027049095559234
2024-01-04 04:15:00,GEO-03,GEO,6.5745995366362155,3.5530031426391955,3.197702828375276,3.9083034569031154
2024-01-04 04:30:00,GEO-03,GEO,5.7658496304632365,3.5061059164238673,3.1554953247814805,3.8567165080662544
2024-01-04 04:45:00,GEO-03,GEO,6.255631133891358,3.495971960525903,3.146374764473313,3.845569156578494
2024-01-04 05:00:00,GEO-03,GEO,6.685781913315051,3.4052126606805184,3.0646913946124665,3.7457339267485708
2024-01-04 05:15:00,GEO-03,GEO,5.700280091006849,3.2779648350540813,2.9501683515486734,3.6057613185594897
2024-01-04 05:30:00,GEO-03,GEO,5.596498021213632,3.373545730003958,3.0361911570035622,3.710900303004354
2024-01-04 05:45:00,GEO-03,GEO,5.932783709725863,3.1122769345560477,2.801049241100443,3.423504628011653
2024-01-04 06:00:00,GEO-03,GEO,5.092851836869636,3.1167419945241464,2.8050677950717318,3.4284161939765614
2024-01-04 06:15:00,GEO-03,GEO,5.21404580328552,3.0697229642675445,2.7627506678407903,3.3766952606942993
2024-01-04 06:30:00,GEO-03,GEO,5.42778886879799,3.2342557357813844,2.910830162203246,3.557681309359523
2024-01-04 06:45:00,GEO-03,GEO,4.901114557686942,3.181626073511739,2.863463466160565,3.4997886808629133
2024-01-04 07:00:00,GEO-03,GEO,4.8614784945419505,3.0983771467064027,2.7885394320357624,3.408214861377043
2024-01-04 07:15:00,GEO-03,GEO,4.995492772714654,3.1205485455320163,2.808493690978815,3.432603400085218
2024-01-04 07:30:00,GEO-03,GEO,4.73854370059324,2.890746942468488,2.6016722482216394,3.1798216367153374
2024-01-04 07:45:00,GEO-03,GEO,4.532620848335595,2.9806594132950255,2.682593471965523,3.278725354624528
2024-01-04 08:00:00,GEO-03,GEO,4.192761333892422,2.902398721812664,2.6121588496313977,3.1926385939939306
2024-01-04 08:15:00,GEO-03,GEO,4.249634759465122,2.9708902567037114,2.6738012310333406,3.2679792823740828
2024-01-04 08:30:00,GEO-03,GEO,3.948569829317018,2.848303867987047,2.5634734811883426,3.133134254785752
2024-01-04 08:45:00,GEO-03,GEO,3.9738057553931125,2.797453342301261,2.517708008071135,3.0771986765313875
2024-01-04 09:00:00,GEO-03,GEO,3.5425907146710442,2.868804956637432,2.581924460973689,3.1556854523011753
2024-01-04 09:15:00,GEO-03,GEO,3.4972492928290735,2.88387934077593,2.5954914066983372,3.1722672748535232
2024-01-04 09:30:00,GEO-03,GEO,3.121215300997386,2.7138828690912704,2.4424945821821433,2.9852711560003975
2024-01-04 09:45:00,GEO-03,GEO,3.2803805998412146,2.7620837841096133,2.485875405698652,3.038292162520575
2024-01-04 10:00:00,GEO-03,GEO,3.375253801644838,2.652939673791867,2.3876457064126804,2.918233641171054
2024-01-04 10:15:00,GEO-03,GEO,3.1718953285220297,2.5027745160856547,2.2524970644770894,2.7530519676942204
2024-01-04 10:30:00,GEO-03,GEO,3.4795764822043513,2.7697003058098684,2.492730275228882,3.0466703363908554
2024-01-04 10:45:00,GEO-03,GEO,3.370520095144235,2.8109537647192897,2.529858388247361,3.092049141191219
2024-01-04 11:00:00,GEO-03,GEO,3.455631034510659,2.7800579937828087,2.502052194404528,3.05806379316109
2024-01-04 11:15:00,GEO-03,GEO,3.0153122574815137,2.5660919877553243,2.3094827889797918,2.822701186530857
2024-01-04 11:30:00,GEO-03,GEO,3.2011745859597727,2.736583794731433,2.46292541525829,3.010242174204577
2024-01-04 11:45:00,GEO-03,GEO,3.1887083259465485,2.5638785792252374,2.3074907213027136,2.8202664371477613
2024-01-04 12:00:00,GEO-03,GEO,2.9497538604201017,2.9401377682393512,2.646123991415416,3.2341515450632867
2024-01-04 12:15:00,GEO-03,GEO,2.5354771666170812,2.715397230933834,2.443857507840451,2.9869369540272177
2024-01-04 12:30:00,GEO-03,GEO,2.806278769606119,2.973715379064835,2.6763438411583516,3.271086916971319
2024-01-04 12:45:00,GEO-03,GEO,2.8606376785616643,2.970213885815932,2.673192497234339,3.2672352743975255
2024-01-04 13:00:00,GEO-03,GEO,2.7552391183403397,2.816227597291147,2.534604837562032,3.0978503570202616
2024-01-04 13:15:00,GEO-03,GEO,2.1406807295464976,2.8267901533715367,2.544111138034383,3.109469168708691
2024-01-04 13:30:00,GEO-03,GEO,2.840191422946006,3.0119111178458438,2.7107200060612593,3.313102229630428
2024-01-04 13:45:00,GEO-03,GEO,3.4930891350099653,2.9321587520532195,2.6389428768478975,3.2253746272585415
2024-01-04 14:00:00,GEO-03,GEO,2.7704000207715618,3.0693440035381983,2.7624096031843783,3.376278403892018
2024-01-04 14:15:00,GEO-03,GEO,2.720748737810349,3.0559682641609527,2.7503714377448576,3.361565090577048
2024-01-04 14:30:00,GEO-03,GEO,3.1234459778346846,2.973794190045866,2.6764147710412796,3.271173609050453
2024-01-04 14:45:00,GEO-03,GEO,3.1887159968797816,2.978867465649859,2.680980719084873,3.2767542122148448
2024-01-04 15:00:00,GEO-03,GEO,3.5474095400420484,3.2767638171627245,2.9490874354464522,3.604440198878997
2024-01-04 15:15:00,GEO-03,GEO,2.917526872807163,3.2521199702027164,2.9269079731824448,3.5773319672229884
2024-01-04 15:30:00,GEO-03,GEO,3.6299522667445343,3.3089601215286546,2.978064109375789,3.6398561336815205
2024-01-04 15:45:00,GEO-03,GEO,3.7132645615381223,3.491467865896293,3.142321079306664,3.8406146524859226
2024-01-04 16:00:00,GEO-03,GEO,3.625111773234197,3.598256190426515,3.2384305713838635,3.9580818094691668
2024-01-04 16:15:00,GEO-03,GEO,3.9134799596186207,3.5138990825093854,3.162509174258447,3.8652889907603245
2024-01-04 16:30:00,GEO-03,GEO,4.273319137475786,3.568334209875557,3.2115007888880016,3.925167630863113
2024-01-04 16:45:00,GEO-03,GEO,4.386712816506536,3.7144313891814256,3.342988250263283,4.085874528099568
2024-01-04 17:00:00,GEO-03,GEO,3.9499810313571615,3.591309208233073,3.2321782874097655,3.9504401290563806
2024-01-04 17:15:00,GEO-03,GEO,4.7135079506089275,3.8122442092307054,3.4310197883076348,4.1934686301537765
2024-01-04 17:30:00,GEO-03,GEO,4.628676651898255,3.9081604260027283,3.5173443834024556,4.298976468603001
2024-01-04 17:45:00,GEO-03,GEO,4.855935389919047,3.9839303884325146,3.5855373495892633,4.382323427275766
2024-01-04 18:00:00,GEO-03,GEO,4.947654835824025,3.7848365368550003,3.4063528831695002,4.1633201905405
2024-01-04 18:15:00,GEO-03,GEO,5.075212588564828,3.9644273252395226,3.5679845927155704,4.360870057763475
2024-01-04 18:30:00,GEO-03,GEO,5.675583286563292,4.014014252230134,3.612612827007121,4.415415677453148
2024-01-04 18:45:00,GEO-03,GEO,5.493181632505391,4.172117064472766,3.754905358025489,4.5893287709200425
2024-01-04 19:00:00,GEO-03,GEO,5.384333770733013,4.269288309854115,3.842359478868704,4.6962171408395275
2024-01-04 19:15:00,GEO-03,GEO,5.804940851041433,4.428560840362627,3.985704756326364,4.87141692439889
2024-01-04 19:30:00,GEO-03,GEO,6.179535174462646,4.285458473632013,3.856912626268812,4.7140043209952145
2024-01-04 19:45:00,GEO-03,GEO,6.696965508293226,4.339457974988307,3.9055121774894768,4.773403772487138
2024-01-04 20:00:00,GEO-03,GEO,6.709976557761581,4.556451047114693,4.100805942403223,5.012096151826162
2024-01-04 20:15:00,GEO-03,GEO,6.472538928941105,4.5212405411652545,4.0691164870487295,4.97336459528178
2024-01-04 20:30:00,GEO-03,GEO,7.668953046605666,4.666108637253619,4.1994977735282575,5.132719500978982
2024-01-04 20:45:00,GEO-03,GEO,7.194823993326248,4.613479830285448,4.1521318472569035,5.074827813313994
2024-01-04 21:00:00,GEO-03,GEO,7.685572139140787,4.511513778223718,4.060362400401346,4.96266515604609
2024-01-04 21:15:00,GEO-03,GEO,7.439860692230698,4.533749169091434,4.080374252182291,4.987124086000578
2024-01-04 21:30:00,GEO-03,GEO,7.8219699095947375,4.548840698893823,4.093956629004441,5.003724768783206
2024-01-04 21:45:00,GEO-03,GEO,8.083892210957833,4.8041080283563105,4.32369722552068,5.284518831191942
2024-01-04 22:00:00,GEO-03,GEO,8.360465229991126,4.887555025027627,4.398799522524865,5.37631052753039
2024-01-04 22:15:00,GEO-03,GEO,8.467431872740462,4.981219559928291,4.4830976039354615,5.47934151592112
2024-01-04 22:30:00,GEO-03,GEO,8.558781374371076,4.904905037938076,4.414414534144268,5.395395541731884
2024-01-04 22:45:00,GEO-03,GEO,8.34064599795104,4.957854359783564,4.462068923805208,5.453639795761921
2024-01-04 23:00:00,GEO-03,GEO,8.392347220582593,4.801165668734032,4.321049101860629,5.281282235607436
2024-01-04 23:15:00,GEO-03,GEO,8.782542039437999,4.757713757418034,4.281942381676231,5.233485133159838
2024-01-04 23:30:00,GEO-03,GEO,9.071359171987657,4.969127577875501,4.472214820087951,5.466040335663051
2024-01-04 23:45:00,GEO-03,GEO,8.822663985195938,4.933227986116065,4.439905187504459,5.426550784727672
2024-01-05 00:00:00,GEO-03,GEO,9.296161379242635,4.906134929832271,4.415521436849044,5.396748422815499
2024-01-05 00:15:00,GEO-03,GEO,9.48831302728636,4.934677492539417,4.441209743285476,5.428145241793359
2024-01-05 00:30:00,GEO-03,GEO,8.842105041950731,4.92547144749838,4.432924302748542,5.418018592248218
2024-01-05 00:45:00,GEO-03,GEO,8.918769009212662,5.015467565658889,4.513920809093,5.517014322224778
2024-01-05 01:00:00,GEO-03,GEO,9.168812481656541,5.0073096108076385,4.506578649726875,5.508040571888403
2024-01-05 01:15:00,GEO-03,GEO,9.332440118494327,4.919835955356063,4.427852359820457,5.4118195508916696
2024-01-05 01:30:00,GEO-03,GEO,9.100135472710603,4.934573643419065,4.441116279077159,5.428031007760972
2024-01-05 01:45:00,GEO-03,GEO,9.66865086056332,4.883067435590578,4.394760692031521,5.371374179149637
2024-01-05 02:00:00,GEO-03,GEO,9.250449092029365,4.7644247073434345,4.287982236609091,5.240867178077778
2024-01-05 02:15:00,GEO-03,GEO,9.117072849777053,4.862427547868589,4.37618479308173,5.3486703026554485
2024-01-05 02:30:00,GEO-03,GEO,8.64496610288924,4.621047448990208,4.158942704091187,5.083152193889228
2024-01-05 02:45:00,GEO-03,GEO,8.640202858802297,4.8372667587854945,4.353540082906945,5.320993434664044
2024-01-05 03:00:00,GEO-03,GEO,9.06743368963706,4.581629068577984,4.123466161720185,5.039791975435782
2024-01-05 03:15:00,GEO-03,GEO,8.280823665042648,4.69686622246119,4.227179600215071,5.16655284470731
2024-01-05 03:30:00,GEO-03,GEO,9.151512471889403,4.549162023304456,4.0942458209740105,5.004078225634902
2024-01-05 03:45:00,GEO-03,GEO,8.717445110993124,4.652788822437312,4.187509940193581,5.118067704681044
2024-01-05 04:00:00,GEO-03,GEO,9.645486553759465,4.55641180451037,4.100770624059333,5.012052984961407
2024-01-05 04:15:00,GEO-03,GEO,9.263585275639423,4.36147202315418,3.925324820838762,4.797619225469599
2024-01-05 04:30:00,GEO-03,GEO,8.406937318425452,4.523161939901027,4.070845745910924,4.97547813389113
2024-01-05 04:45:00,GEO-03,GEO,8.311704396437886,4.382661777562061,3.944395599805855,4.820927955318267
2024-01-05 05:00:00,GEO-03,GEO,8.517181096415895,4.487367731743317,4.0386309585689855,4.936104504917649
2024-01-05 05:15:00,GEO-03,GEO,8.597654523086975,4.357844373732158,3.9220599363589423,4.793628811105374
2024-01-05 05:30:00,GEO-03,GEO,7.45744105155432,4.3555958620825885,3.9200362758743297,4.791155448290848
2024-01-05 05:45:00,GEO-03,GEO,7.269716969571626,4.178746213021669,3.760871591719502,4.596620834323836
2024-01-05 06:00:00,GEO-03,GEO,7.769590188741444,4.174350329615611,3.75691529665405,4.5917853625771725
2024-01-05 06:15:00,GEO-03,GEO,7.979201926178418,4.146753527782712,3.732078175004441,4.5614288805609835
2024-01-05 06:30:00,GEO-03,GEO,7.798426943650962,4.238394797874658,3.8145553180871925,4.662234277662124
2024-01-05 06:45:00,GEO-03,GEO,7.812840087464134,4.2815593508612295,3.8534034157751065,4.709715285947353
2024-01-05 07:00:00,GEO-03,GEO,6.972868571170866,3.9956038678105643,3.596043481029508,4.395164254591621
2024-01-05 07:15:00,GEO-03,GEO,6.477902239704689,4.147514793459551,3.732763314113596,4.562266272805506
2024-01-05 07:30:00,GEO-03,GEO,7.269992473098134,3.7881818989200657,3.4093637090280593,4.167000088812073
2024-01-05 07:45:00,GEO-03,GEO,6.604624786532622,3.852855381182648,3.4675698430643833,4.238140919300913
2024-01-05 08:00:00,GEO-03,GEO,6.08945999733207,3.8455127390152546,3.460961465113729,4.23006401291678
2024-01-05 08:15:00,GEO-03,GEO,6.582643887647477,3.7774255973540987,3.399683037618689,4.155168157089509
2024-01-05 08:30:00,GEO-03,GEO,6.624150678787767,3.7279418722464577,3.355147685021812,4.100736059471104
2024-01-05 08:45:00,GEO-03,GEO,6.200355271754212,3.903721942338997,3.5133497481050973,4.294094136572897
2024-01-05 09:00:00,GEO-03,GEO,5.954824145326908,3.819781754991496,3.4378035794923463,4.2017599304906454
2024-01-05 09:15:00,GEO-03,GEO,5.904719654474382,3.8606773838002666,3.47460964542024,4.246745122180293
2024-01-05 09:30:00,GEO-03,GEO,5.707536149017972,3.8762390771710504,3.4886151694539453,4.2638629848881555
2024-01-05 09:45:00,GEO-03,GEO,5.286977088236253,3.821227470545053,3.439104723490548,4.203350217599558
2024-01-05 10:00:00,GEO-03,GEO,5.223523537951726,3.8510344747540195,3.4659310272786175,4.236137922229422
2024-01-05 10:15:00,GEO-03,GEO,5.4818669153901265,3.77210180919367,3.394891628274303,4.149311990113038
2024-01-05 10:30:00,GEO-03,GEO,5.317855380576042,3.6574294238208696,3.2916864814387825,4.023172366202957
2024-01-05 10:45:00,GEO-03,GEO,5.17648978449234,3.882319067158855,3.49408716044297,4.270550973874741
2024-01-05 11:00:00,GEO-03,GEO,4.741598049785425,3.7214145195789725,3.349273067621075,4.09355597153687
2024-01-05 11:15:00,GEO-03,GEO,4.909572660028699,3.6939629496374673,3.3245666546737205,4.063359244601214
2024-01-05 11:30:00,GEO-03,GEO,4.245012898291245,3.7803513701415894,3.4023162331274306,4.158386507155749
2024-01-05 11:45:00,GEO-03,GEO,4.896385733745424,3.7209066832836433,3.348816014955279,4.0929973516120075
2024-01-05 12:00:00,GEO-03,GEO,5.355346817416809,3.7878990392579373,3.4091091353321437,4.166688943183732
2024-01-05 12:15:00,GEO-03,GEO,4.451301418847205,3.8848825012849377,3.496394251156444,4.273370751413432
2024-01-05 12:30:00,GEO-03,GEO,4.696059209931551,3.909483612026407,3.5185352508237666,4.300431973229048
2024-01-05 12:45:00,GEO-03,GEO,4.9604954103604175,3.812318334787902,3.431086501309112,4.193550168266693
2024-01-05 13:00:00,GEO-03,GEO,5.239306155598317,3.8839905152328273,3.4955914637095447,4.27238956675611
2024-01-05 13:15:00,GEO-03,GEO,4.742524429169892,4.073976368958284,3.666578732062456,4.481374005854113
2024-01-05 13:30:00,GEO-03,GEO,4.694737223976306,4.052988527963552,3.647689675167197,4.4582873807599075
2024-01-05 13:45:00,GEO-03,GEO,4.349020667468082,4.25057207968933,3.825514871720397,4.675629287658263
2024-01-05 14:00:00,GEO-03,GEO,5.505745195818122,4.203582776679481,3.7832244990115327,4.623941054347429
2024-01-05 14:15:00,GEO-03,GEO,6.148096634837101,4.245154750080588,3.8206392750725295,4.669670225088647
2024-01-05 14:30:00,GEO-03,GEO,5.690950904137699,4.0395975964297985,3.635637836786819,4.443557356072779
2024-01-05 14:45:00,GEO-03,GEO,5.684620795611723,4.304774722708593,3.8742972504377335,4.735252194979452
2024-01-05 15:00:00,GEO-03,GEO,5.882515639274253,4.275259132126523,3.847733218913871,4.7027850453391755
2024-01-05 15:15:00,GEO-03,GEO,5.887861674022279,4.279651984464902,3.8516867860184116,4.707617182911393
2024-01-05 15:30:00,GEO-03,GEO,5.762935834921029,4.40754505725627,3.966790551530643,4.8482995629818975
2024-01-05 15:45:00,GEO-03,GEO,6.379423873493041,4.542877055431017,4.088589349887916,4.997164760974119
2024-01-05 16:00:00,GEO-03,GEO,6.335270724646319,4.557469541846643,4.101722587661979,5.013216496031308
2024-01-05 16:15:00,GEO-03,GEO,6.416944273218638,4.479780594494309,4.031802535044878,4.92775865394374
2024-01-05 16:30:00,GEO-03,GEO,6.27165861820923,4.703114391908754,4.232802952717878,5.173425831099629
2024-01-05 16:45:00,GEO-03,GEO,7.115857115474848,4.6271327516453855,4.164419476480847,5.089846026809925
2024-01-05 17:00:00,GEO-03,GEO,7.09208418197564,4.775145497082407,4.2976309473741665,5.252660046790648
2024-01-05 17:15:00,GEO-03,GEO,6.901370776768518,4.78606831699117,4.307461485292054,5.264675148690288
2024-01-05 17:30:00,GEO-03,GEO,7.548417222909029,4.857559623629902,4.371803661266911,5.343315585992892
2024-01-05 17:45:00,GEO-03,GEO,7.284588442395274,5.0190060850777565,4.517105476569981,5.520906693585532
2024-01-05 18:00:00,GEO-03,GEO,7.389910897478282,4.9009668551066055,4.410870169595945,5.3910635406172664
2024-01-05 18:15:00,GEO-03,GEO,7.591190756668295,5.261556779631059,4.735401101667954,5.787712457594165
2024-01-05 18:30:00,GEO-03,GEO,7.485566678212811,4.946206390565976,4.451585751509379,5.440827029622574
2024-01-05 18:45:00,GEO-03,GEO,8.358575941293681,5.128836020689304,4.615952418620374,5.641719622758235
2024-01-05 19:00:00,GEO-03,GEO,7.869670352454536,5.28470946085444,4.756238514768996,5.8131804069398845
2024-01-05 19:15:00,GEO-03,GEO,8.253282865160697,5.363795636244507,4.827416072620057,5.900175199868959
2024-01-05 19:30:00,GEO-03,GEO,8.202066563404028,5.351381869594601,4.8162436826351405,5.886520056554061
2024-01-05 19:45:00,GEO-03,GEO,9.001196371874917,5.409950574502024,4.8689555170518215,5.9509456319522265
2024-01-05 20:00:00,GEO-03,GEO,9.182768220903444,5.5090132737425295,4.958111946368277,6.059914601116783
2024-01-05 20:15:00,GEO-03,GEO,9.328506855317382,5.494950319549404,4.945455287594464,6.044445351504345
2024-01-05 20:30:00,GEO-03,GEO,9.30943896990889,5.705136031911257,5.134622428720132,6.275649635102384
2024-01-05 20:45:00,GEO-03,GEO,9.46253748070993,5.695016361390572,5.125514725251516,6.26451799752963
2024-01-05 21:00:00,GEO-03,GEO,10.141082083513131,5.740982295178558,5.166884065660702,6.315080524696414
2024-01-05 21:15:00,GEO-03,GEO,10.019025649499405,5.596920752215124,5.037228676993611,6.1566128274366365
2024-01-05 21:30:00,GEO-03,GEO,10.45568583935203,5.722527501342098,5.150274751207888,6.2947802514763085
2024-01-05 21:45:00,GEO-03,GEO,10.265293260473113,5.734330669991341,5.160897602992207,6.307763736990475
2024-01-05 22:00:00,GEO-03,GEO,10.74814184600425,5.694609625132928,5.125148662619636,6.264070587646222
2024-01-05 22:15:00,GEO-03,GEO,11.240020999029884,5.858774184167178,5.272896765750461,6.444651602583896
2024-01-05 22:30:00,GEO-03,GEO,11.171788221175087,5.793304348910717,5.213973914019646,6.372634783801789
2024-01-05 22:45:00,GEO-03,GEO,11.01026407855239,5.9335853049980365,5.340226774498233,6.526943835497841
2024-01-05 23:00:00,GEO-03,GEO,11.33984693098427,5.778622565692916,5.200760309123624,6.356484822262208
2024-01-05 23:15:00,GEO-03,GEO,11.30937644068975,6.07173382035955,5.464560438323595,6.678907202395505
2024-01-05 23:30:00,GEO-03,GEO,11.492601012401826,5.820960798757488,5.238864718881739,6.403056878633238
2024-01-05 23:45:00,GEO-03,GEO,11.490613086492447,5.939864564595117,5.345878108135606,6.5338510210546294
2024-01-06 00:00:00,GEO-03,GEO,11.626125434470776,6.001050843419939,5.4009457590779455,6.601155927761934
2024-01-06 00:15:00,GEO-03,GEO,11.814972216270833,5.8653507214390554,5.27881564929515,6.451885793582962
2024-01-06 00:30:00,GEO-03,GEO,11.517809914506245,6.0048741835788055,5.404386765220925,6.6053616019366865
2024-01-06 00:45:00,GEO-03,GEO,11.56389777896263,5.79064193987644,5.211577745888796,6.369706133864084
2024-01-06 01:00:00,GEO-03,GEO,11.493178439886854,6.049497242227147,5.444547518004433,6.654446966449862
2024-01-06 01:15:00,GEO-03,GEO,11.458891193394532,5.893303266601554,5.303972939941398,6.48263359326171
2024-01-06 01:30:00,GEO-03,GEO,11.591136975882652,5.816826635348837,5.235143971813954,6.398509298883722
2024-01-06 01:45:00,GEO-03,GEO,12.00964501565249,5.828217423088307,5.245395680779477,6.411039165397138
2024-01-06 02:00:00,GEO-03,GEO,11.566361153836272,5.917908027469117,5.326117224722206,6.5096988302160295
2024-01-06 02:15:00,GEO-03,GEO,11.970291449484172,5.754799971175183,5.179319974057665,6.330279968292702
2024-01-06 02:30:00,GEO-03,GEO,11.79712145958558,5.712035606916808,5.140832046225127,6.283239167608489
2024-01-06 02:45:00,GEO-03,GEO,11.15536471460914,5.736198363780481,5.162578527402434,6.30981820015853
2024-01-06 03:00:00,GEO-03,GEO,11.890591964729035,5.6098595712605395,5.048873614134486,6.170845528386594
2024-01-06 03:15:00,GEO-03,GEO,11.874810321476632,5.876814704558853,5.289133234102968,6.464496175014738
2024-01-06 03:30:00,GEO-03,GEO,11.26053082145574,5.603512380008551,5.043161142007696,6.163863618009406
2024-01-06 03:45:00,GEO-03,GEO,11.60191710208334,5.707086022730865,5.136377420457778,6.277794625003952
2024-01-06 04:00:00,GEO-03,GEO,11.126577566568303,5.60722575545089,5.046503179905801,6.167948330995979
2024-01-06 04:15:00,GEO-03,GEO,11.311479888389098,5.448968633905265,4.904071770514738,5.993865497295792
2024-01-06 04:30:00,GEO-03,GEO,10.792990892023226,5.506970925860855,4.95627383327477,6.0576680184469405
2024-01-06 04:45:00,GEO-03,GEO,10.516641936346927,5.545328553159359,4.990795697843423,6.099861408475295
2024-01-06 05:00:00,GEO-03,GEO,10.814629860241412,5.406901346136301,4.866211211522671,5.947591480749932
2024-01-06 05:15:00,GEO-03,GEO,10.760552431139132,5.503497519426772,4.953147767484095,6.05384727136945
2024-01-06 05:30:00,GEO-03,GEO,10.54051423561077,5.444679722804926,4.900211750524433,5.989147695085419
2024-01-06 05:45:00,GEO-03,GEO,10.161388816621283,5.392869013971976,4.853582112574778,5.932155915369174
2024-01-06 06:00:00,GEO-03,GEO,10.248745781627253,5.213792295514001,4.692413065962601,5.735171525065401
2024-01-06 06:15:00,GEO-03,GEO,10.297683946859289,5.111107566597618,4.599996809937856,5.62221832325738
2024-01-06 06:30:00,GEO-03,GEO,10.04841182732075,5.117840209297075,4.606056188367368,5.629624230226783
2024-01-06 06:45:00,GEO-03,GEO,9.959173830007572,5.159920156130304,4.643928140517273,5.6759121717433345
2024-01-06 07:00:00,GEO-03,GEO,9.544258139403007,5.157174134321036,4.641456720888933,5.6728915477531405
2024-01-06 07:15:00,GEO-03,GEO,9.936775642869039,4.849147258500693,4.364232532650624,5.334061984350763
2024-01-06 07:30:00,GEO-03,GEO,9.072251083399884,5.030812740514412,4.527731466462971,5.5338940145658535
2024-01-06 07:45:00,GEO-03,GEO,9.411866627407047,5.014557663807149,4.513101897426434,5.516013430187864
2024-01-06 08:00:00,GEO-03,GEO,9.462088554395478,4.940110578985329,4.446099521086796,5.434121636883862
2024-01-06 08:15:00,GEO-03,GEO,9.09591206154315,5.068278270182708,4.561450443164437,5.575106097200979
2024-01-06 08:30:00,GEO-03,GEO,8.737955574061543,4.954953138633253,4.4594578247699275,5.450448452496579
2024-01-06 08:45:00,GEO-03,GEO,8.490998167250538,5.01991566191626,4.517924095724634,5.521907228107886
2024-01-06 09:00:00,GEO-03,GEO,8.815519826354361,4.8460668927122095,4.361460203440989,5.330673581983431
2024-01-06 09:15:00,GEO-03,GEO,7.938150716398479,4.942959013273398,4.448663111946058,5.437254914600738
2024-01-06 09:30:00,GEO-03,GEO,7.9401885694831495,4.997172867994603,4.497455581195143,5.496890154794064
2024-01-06 09:45:00,GEO-03,GEO,7.984638762029613,4.952309536138016,4.457078582524215,5.447540489751819
2024-01-06 10:00:00,GEO-03,GEO,8.355016829567472,4.702518417779057,4.232266576001152,5.172770259556963
2024-01-06 10:15:00,GEO-03,GEO,7.985206195963277,4.780161850046609,4.302145665041948,5.25817803505127
2024-01-06 10:30:00,GEO-03,GEO,7.476731051875051,4.768086712089415,4.291278040880474,5.244895383298357
2024-01-06 10:45:00,GEO-03,GEO,7.578772492351847,4.851937522567357,4.366743770310621,5.337131274824093
2024-01-06 11:00:00,GEO-03,GEO,7.401638612377575,4.8754355083414875,4.387891957507339,5.362979059175637
2024-01-06 11:15:00,GEO-03,GEO,7.296879872264368,4.730107732094085,4.257096958884677,5.203118505303494
2024-01-06 11:30:00,GEO-03,GEO,7.7375922410561575,4.831401429096671,4.348261286187004,5.3145415720063385
2024-01-06 11:45:00,GEO-03,GEO,6.977112757065774,4.63666946198063,4.173002515782567,5.100336408178694
2024-01-06 12:00:00,GEO-03,GEO,7.826910125965023,5.000310998020018,4.500279898218016,5.5003420978220205
2024-01-06 12:15:00,GEO-03,GEO,7.559596329687205,4.82571410504387,4.343142694539483,5.308285515548257
2024-01-06 12:30:00,GEO-03,GEO,7.6166823772799646,4.906710252069192,4.416039226862273,5.397381277276112
2024-01-06 12:45:00,GEO-03,GEO,7.140467887311777,4.897610790014609,4.407849711013148,5.38737186901607
2024-01-06 13:00:00,GEO-03,GEO,7.2360575137183165,5.07383823001199,4.5664544070107915,5.58122205301319
2024-01-06 13:15:00,GEO-03,GEO,6.864632633874496,4.709266844324469,4.238340159892022,5.1801935287569165
2024-01-06 13:30:00,GEO-03,GEO,7.16259996480801,5.028161901940516,4.525345711746464,5.530978092134568
2024-01-06 13:45:00,GEO-03,GEO,7.505380428657828,5.058958119987657,4.553062307988891,5.5648539319864225
2024-01-06 14:00:00,GEO-03,GEO,7.7951848711071605,5.0666807405291046,4.560012666476195,5.573348814582015
2024-01-06 14:15:00,GEO-03,GEO,7.134978973300296,5.3298225177711025,4.796840265993993,5.862804769548213
2024-01-06 14:30:00,GEO-03,GEO,7.429743779999766,5.116125925572746,4.604513333015471,5.627738518130021
2024-01-06 14:45:00,GEO-03,GEO,7.577566918844132,5.332042725251763,4.798838452726587,5.86524699777694
2024-01-06 15:00:00,GEO-03,GEO,7.298806380933462,5.342669511149768,4.808402560034791,5.876936462264745
2024-01-06 15:15:00,GEO-03,GEO,8.000246243281428,5.487376510055223,4.938638859049701,6.036114161060746
2024-01-06 15:30:00,GEO-03,GEO,7.721295242623347,5.350499034708217,4.815449131237395,5.885548938179039
2024-01-06 15:45:00,GEO-03,GEO,8.005474988983664,5.401533432040436,4.861380088836393,5.94168677524448
2024-01-06 16:00:00,GEO-03,GEO,8.10773565364938,5.643467793476908,5.079121014129218,6.2078145728246
2024-01-06 16:15:00,GEO-03,GEO,8.150636943432781,5.636634525444469,5.072971072900023,6.2002979779889165
2024-01-06 16:30:00,GEO-03,GEO,8.537933128258686,5.5008491858647615,4.950764267278285,6.050934104451238
2024-01-06 16:45:00,GEO-03,GEO,8.635900059834169,5.663435424389604,5.097091881950644,6.229778966828565
2024-01-06 17:00:00,GEO-03,GEO,8.756894191202248,5.818589870553729,5.236730883498356,6.400448857609102
2024-01-06 17:15:00,GEO-03,GEO,8.824486738984753,5.926654165876489,5.33398874928884,6.519319582464138
2024-01-06 17:30:00,GEO-03,GEO,9.31950536554948,5.837997603467115,5.254197843120403,6.421797363813827
2024-01-06 17:45:00,GEO-03,GEO,9.905723071968671,5.677430608574959,5.109687547717463,6.245173669432455
2024-01-06 18:00:00,GEO-03,GEO,9.642256312593467,6.083782965644842,5.4754046690803575,6.692161262209327
2024-01-06 18:15:00,GEO-03,GEO,10.093715353895865,5.971479623191914,5.3743316608727225,6.568627585511106
2024-01-06 18:30:00,GEO-03,GEO,9.575598864103334,5.9530555376661285,5.357749983899516,6.548361091432742
2024-01-06 18:45:00,GEO-03,GEO,10.240219856466497,5.931844616499323,5.33866015484939,6.525029078149255
2024-01-06 19:00:00,GEO-03,GEO,10.065581517774865,6.355560777862986,5.720004700076688,6.9911168556492855
2024-01-06 19:15:00,GEO-03,GEO,10.154516733791011,6.3447003846244225,5.71023034616198,6.979170423086865
2024-01-06 19:30:00,GEO-03,GEO,10.578709741400033,6.365338223563495,5.728804401207146,7.001872045919845
2024-01-06 19:45:00,GEO-03,GEO,11.360365277546393,6.581066501081398,5.922959850973258,7.239173151189538
2024-01-06 20:00:00,GEO-03,GEO,11.488647305096046,6.55816515349502,5.902348638145519,7.213981668844522
2024-01-06 20:15:00,GEO-03,GEO,11.47519533339975,6.706161691550308,6.035545522395278,7.37677786070534
2024-01-06 20:30:00,GEO-03,GEO,11.13818030785323,6.453018778884015,5.807716900995614,7.098320656772417
2024-01-06 20:45:00,GEO-03,GEO,11.731101608834697,6.6341008075549635,5.970690726799467,7.297510888310461
2024-01-06 21:00:00,GEO-03,GEO,12.068059324629836,6.518502942566141,5.866652648309527,7.1703532368227565
2024-01-06 21:15:00,GEO-03,GEO,12.212630295395668,6.697072611349564,6.027365350214608,7.366779872484521
2024-01-06 21:30:00,GEO-03,GEO,11.783418465357109,6.732079178388946,6.058871260550052,7.405287096227841
2024-01-06 21:45:00,GEO-03,GEO,12.239550709414575,6.853513048572666,6.1681617437154,7.5388643534299336
2024-01-06 22:00:00,GEO-03,GEO,12.65037789143845,6.826200570799011,6.14358051371911,7.5088206278789125
2024-01-06 22:15:00,GEO-03,GEO,12.985703058200377,6.911572899583541,6.220415609625187,7.602730189541895
2024-01-06 22:30:00,GEO-03,GEO,12.312878332237412,6.9438873579855365,6.249498622186983,7.638276093784091
2024-01-06 22:45:00,GEO-03,GEO,13.061129228883548,7.110012209734277,6.39901098876085,7.821013430707706
2024-01-06 23:00:00,GEO-03,GEO,13.281380068351323,6.880586476436685,6.1925278287930166,7.568645124080354
2024-01-06 23:15:00,GEO-03,GEO,13.612237787113836,6.83220190899168,6.148981718092512,7.5154220998908485
2024-01-06 23:30:00,GEO-03,GEO,13.673872429774795,6.961676846131285,6.265509161518157,7.657844530744414
2024-01-06 23:45:00,GEO-03,GEO,13.738845995289786,6.864180748144069,6.177762673329662,7.550598822958476
2024-01-07 00:00:00,GEO-03,GEO,13.708642595677635,7.096535409207735,6.386881868286961,7.806188950128509
2024-01-07 00:15:00,GEO-03,GEO,13.452142320663405,6.920567380547494,6.228510642492745,7.612624118602244
2024-01-07 00:30:00,GEO-03,GEO,13.971100448714234,6.889544102431057,6.200589692187951,7.578498512674163
2024-01-07 00:45:00,GEO-03,GEO,14.44234972607401,6.892903147524319,6.203612832771888,7.582193462276752
2024-01-07 01:00:00,GEO-03,GEO,14.600976315745369,7.002601634639005,6.3023414711751045,7.702861798102906
2024-01-07 01:15:00,GEO-03,GEO,14.425336006886802,6.9025880617647815,6.212329255588304,7.59284686794126
2024-01-07 01:30:00,GEO-03,GEO,14.358322781841135,6.8387755141156354,6.154897962704072,7.5226530655272
2024-01-07 01:45:00,GEO-03,GEO,14.348896909578865,7.051145212076353,6.346030690868718,7.756259733283989
2024-01-07 02:00:00,GEO-03,GEO,14.061857180326271,6.777873536446623,6.10008618280196,7.455660890091286
2024-01-07 02:15:00,GEO-03,GEO,14.171684418019414,6.843276527746471,6.1589488749718235,7.527604180521118
2024-01-07 02:30:00,GEO-03,GEO,14.681923588578373,6.878676411003057,6.190808769902751,7.566544052103363
2024-01-07 02:45:00,GEO-03,GEO,13.857643972773658,6.621692932480097,5.959523639232088,7.283862225728107
2024-01-07 03:00:00,GEO-03,GEO,14.573028322546154,6.802056252661083,6.121850627394974,7.482261877927192
2024-01-07 03:15:00,GEO-03,GEO,13.929457677322162,6.615723966199574,5.954151569579617,7.2772963628195315
2024-01-07 03:30:00,GEO-03,GEO,14.350814652505383,6.768904537196373,6.092014083476736,7.445794990916011
2024-01-07 03:45:00,GEO-03,GEO,13.448310532236244,6.554133662903875,5.8987202966134875,7.209547029194264
2024-01-07 04:00:00,GEO-03,GEO,13.917603518685482,6.682030070253943,6.013827063228549,7.350233077279338
2024-01-07 04:15:00,GEO-03,GEO,13.419452955125351,6.684479765565882,6.016031789009294,7.352927742122471
2024-01-07 04:30:00,GEO-03,GEO,13.1060654770775,6.620184469328358,5.958166022395522,7.282202916261194
2024-01-07 04:45:00,GEO-03,GEO,13.478439305375622,6.5185343600350425,5.866680924031538,7.170387796038547
2024-01-07 05:00:00,GEO-03,GEO,13.590621774249133,6.429071805334911,5.78616462480142,7.071978985868403
2024-01-07 05:15:00,GEO-03,GEO,12.902493903988573,6.353018687191134,5.71771681847202,6.9883205559102475
2024-01-07 05:30:00,GEO-03,GEO,12.568418576102669,6.516106072591399,5.86449546533226,7.16771667985054
2024-01-07 05:45:00,GEO-03,GEO,12.847349775332603,6.2575024264723265,5.631752183825094,6.8832526691195595
2024-01-07 06:00:00,GEO-03,GEO,12.538267167891435,6.182525785367245,5.564273206830521,6.80077836390397
2024-01-07 06:15:00,GEO-03,GEO,12.57717367560943,6.3121031248619985,5.680892812375799,6.943313437348199
2024-01-07 06:30:00,GEO-03,GEO,12.542540374024869,6.126059709497653,5.513453738547888,6.738665680447419
2024-01-07 06:45:00,GEO-03,GEO,12.082381232704071,6.071764132299968,5.464587719069971,6.678940545529966
2024-01-07 07:00:00,GEO-03,GEO,12.497725960235588,5.984709456733778,5.386238511060401,6.583180402407157
2024-01-07 07:15:00,GEO-03,GEO,11.848312958072789,6.044487835013634,5.440039051512271,6.648936618514998
2024-01-07 07:30:00,GEO-03,GEO,11.51695739882226,6.049826978268887,5.444844280441998,6.654809676095776
2024-01-07 07:45:00,GEO-03,GEO,10.977910596808176,6.049532334023844,5.44457910062146,6.654485567426229
2024-01-07 08:00:00,GEO-03,GEO,11.12483550508139,6.089470049029776,5.480523044126799,6.698417053932754
2024-01-07 08:15:00,GEO-03,GEO,10.94683568476391,6.018315098630648,5.4164835887675835,6.620146608493713
2024-01-07 08:30:00,GEO-03,GEO,11.182916415734203,5.920162329235798,5.328146096312218,6.512178562159378
2024-01-07 08:45:00,GEO-03,GEO,10.884344503138259,5.895551323453146,5.305996191107832,6.485106455798461
2024-01-07 09:00:00,GEO-03,GEO,10.246994929219467,5.945153111621699,5.350637800459529,6.539668422783869
2024-01-07 09:15:00,GEO-03,GEO,10.512831644569063,6.002942700298512,5.402648430268661,6.603236970328363
2024-01-07 09:30:00,GEO-03,GEO,10.528797333784512,5.872772068473117,5.285494861625805,6.460049275320429
2024-01-07 09:45:00,GEO-03,GEO,10.658427634162248,5.8007015257726575,5.220631373195392,6.380771678349924
2024-01-07 10:00:00,GEO-03,GEO,10.346084027206862,5.738920396996326,5.165028357296693,6.312812436695959
2024-01-07 10:15:00,GEO-03,GEO,10.195642036113224,5.687483351342574,5.1187350162083165,6.2562316864768315
2024-01-07 10:30:00,GEO-03,GEO,9.881282712481443,5.895704569821696,5.306134112839526,6.485275026803866
2024-01-07 10:45:00,GEO-03,GEO,9.884470540263123,5.887284341406629,5.298555907265967,6.476012775547293
2024-01-07 11:00:00,GEO-03,GEO,10.056899160487092,5.891010925333649,5.301909832800285,6.480112017867015
2024-01-07 11:15:00,GEO-03,GEO,9.206095485359292,5.827605474844402,5.244844927359962,6.410366022328843
2024-01-07 11:30:00,GEO-03,GEO,9.435205709992807,5.991785472277101,5.3926069250493915,6.590964019504812
2024-01-07 11:45:00,GEO-03,GEO,9.252977205886724,5.816724765720711,5.23505228914864,6.398397242292782
2024-01-07 12:00:00,GEO-03,GEO,9.554133939531317,5.978117841143499,5.380306057029149,6.575929625257849
2024-01-07 12:15:00,GEO-03,GEO,9.776306209995823,5.8995516595955335,5.30959649363598,6.489506825555087
2024-01-07 12:30:00,GEO-03,GEO,9.206443724751301,5.866763201599757,5.280086881439781,6.453439521759734
2024-01-07 12:45:00,GEO-03,GEO,8.658370565347294,6.014303212128137,5.412872890915324,6.6157335333409515
2024-01-07 13:00:00,GEO-03,GEO,9.253485640603477,6.026673504361996,5.424006153925797,6.629340854798197
2024-01-07 13:15:00,GEO-03,GEO,9.664732432505902,6.055189184373849,5.449670265936464,6.660708102811235
2024-01-07 13:30:00,GEO-03,GEO,9.577399792481785,6.064425198361676,5.457982678525509,6.670867718197845
2024-01-07 13:45:00,GEO-03,GEO,9.581851983376822,6.092225107548688,5.48300259679382,6.701447618303558
2024-01-07 14:00:00,GEO-03,GEO,9.418480096679168,6.377355998558265,5.739620398702439,7.0150915984140925
2024-01-07 14:15:00,GEO-03,GEO,9.179528932143864,6.302099947710106,5.671889952939096,6.932309942481117
2024-01-07 14:30:00,GEO-03,GEO,9.790095992251455,6.3036159809398224,5.67325438284584,6.933977579033805
2024-01-07 14:45:00,GEO-03,GEO,9.468784276572272,6.292517443331485,5.663265698998337,6.921769187664634
2024-01-07 15:00:00,GEO-03,GEO,10.468884296274116,6.434234372321776,5.790810935089598,7.077657809553954
2024-01-07 15:15:00,GEO-03,GEO,10.090105767929039,6.43949848242377,5.795548634181393,7.0834483306661475
2024-01-07 15:30:00,GEO-03,GEO,9.860409986048703,6.446312838446315,5.801681554601683,7.090944122290947
2024-01-07 15:45:00,GEO-03,GEO,9.976788654788951,6.470948309409168,5.823853478468251,7.1180431403500855
2024-01-07 16:00:00,GEO-03,GEO,10.267423335944535,6.552243488945847,5.897019140051262,7.207467837840433
2024-01-07 16:15:00,GEO-03,GEO,10.367574051247827,6.303534241006601,5.6731808169059414,6.933887665107262
2024-01-07 16:30:00,GEO-03,GEO,10.92708288926751,6.70287742444515,6.032589682000635,7.373165166889666
2024-01-07 16:45:00,GEO-03,GEO,10.80849391703346,6.694992737807845,6.02549346402706,7.36449201158863
2024-01-07 17:00:00,GEO-03,GEO,10.700948166918973,6.9656930249801645,6.269123722482148,7.662262327478182
2024-01-07 17:15:00,GEO-03,GEO,11.662143563741258,6.871286570785954,6.184157913707359,7.5584152278645504
2024-01-07 17:30:00,GEO-03,GEO,11.29042659647633,6.8134987468158625,6.132148872134277,7.494848621497449
2024-01-07 17:45:00,GEO-03,GEO,11.692275926917302,6.990342612126783,6.291308350914105,7.689376873339462
2024-01-07 18:00:00,GEO-03,GEO,11.090290145652437,6.953322958547836,6.257990662693052,7.64865525440262
2024-01-07 18:15:00,GEO-03,GEO,11.57628253289002,7.167326853740507,6.4505941683664565,7.884059539114558
2024-01-07 18:30:00,GEO-03,GEO,11.758466394136487,7.210358573895271,6.489322716505744,7.931394431284799
2024-01-07 18:45:00,GEO-03,GEO,11.298464592193676,7.337335592091517,6.603602032882365,8.07106915130067
2024-01-07 19:00:00,GEO-03,GEO,12.671842501748513,7.221548932656704,6.499394039391034,7.943703825922375
2024-01-07 19:15:00,GEO-03,GEO,12.657255505471483,7.361713869189689,6.6255424822707205,8.09788525610866
2024-01-07 19:30:00,GEO-03,GEO,12.353830523938063,7.277876102075,6.5500884918675,8.0056637122825
2024-01-07 19:45:00,GEO-03,GEO,12.3445825102297,7.538787962960542,6.784909166664487,8.292666759256596
2024-01-07 20:00:00,GEO-03,GEO,12.980378995780354,7.572794223219675,6.815514800897708,8.330073645541644
2024-01-07 20:15:00,GEO-03,GEO,13.100771181751885,7.620586609363823,6.858527948427441,8.382645270300205
2024-01-07 20:30:00,GEO-03,GEO,13.377159115533333,7.618928649219363,6.857035784297427,8.3808215141413
2024-01-07 20:45:00,GEO-03,GEO,13.51992697825344,7.705507579012189,6.93495682111097,8.47605833691341
2024-01-07 21:00:00,GEO-03,GEO,13.80188957389523,7.867082610874751,7.0803743497872755,8.653790871962226
2024-01-07 21:15:00,GEO-03,GEO,14.266629091483766,7.717975838813858,6.946178254932473,8.489773422695245
2024-01-07 21:30:00,GEO-03,GEO,14.179455457084064,7.797279702119571,7.017551731907614,8.57700767233153
2024-01-07 21:45:00,GEO-03,GEO,13.864217369291689,7.708713474911167,6.93784212742005,8.479584822402284
2024-01-07 22:00:00,GEO-03,GEO,15.225598112977135,7.761292506507936,6.985163255857143,8.53742175715873
2024-01-07 22:15:00,GEO-03,GEO,15.464228190872042,7.88548793504783,7.0969391415430465,8.674036728552613
2024-01-07 22:30:00,GEO-03,GEO,16.064561735401366,8.010411119324788,7.209370007392309,8.811452231257267
2024-01-07 22:45:00,GEO-03,GEO,14.919946248035956,7.895365679553754,7.1058291115983785,8.684902247509129
2024-01-07 23:00:00,GEO-03,GEO,15.458558077813052,7.914998909017034,7.12349901811533,8.706498799918737
2024-01-07 23:15:00,GEO-03,GEO,14.879952616082608,7.91209007459083,7.120881067131747,8.703299082049913
2024-01-07 23:30:00,GEO-03,GEO,15.77918793789765,7.9100672374981595,7.119060513748344,8.701073961247976
2024-01-07 23:45:00,GEO-03,GEO,15.546842546677446,8.000380316411855,7.200342284770669,8.800418348053041
2024-01-08 00:00:00,GEO-03,GEO,16.37546596867437,7.825087987829166,7.04257918904625,8.607596786612083
2024-01-08 00:15:00,GEO-03,GEO,15.641965953333496,8.103457562091638,7.293111805882474,8.913803318300802
2024-01-08 00:30:00,GEO-03,GEO,15.432068846981146,7.90603392938846,7.115430536449614,8.696637322327307
2024-01-08 00:45:00,GEO-03,GEO,15.850288538839358,8.038699488166195,7.234829539349575,8.842569436982815
2024-01-08 01:00:00,GEO-03,GEO,15.440101108661565,7.830234452535401,7.047211007281861,8.613257897788943
2024-01-08 01:15:00,GEO-03,GEO,16.287308595088323,8.0117211931255,7.21054907381295,8.81289331243805
2024-01-08 01:30:00,GEO-03,GEO,15.459803103662388,7.996611076893073,7.196949969203766,8.796272184582381
2024-01-08 01:45:00,GEO-03,GEO,16.09334977195669,7.9495046474975375,7.154554182747784,8.744455112247293
2024-01-08 02:00:00,GEO-03,GEO,15.455156740936307,7.790522088315764,7.011469879484188,8.56957429714734
2024-01-08 02:15:00,GEO-03,GEO,15.964420647263182,7.891149159285932,7.102034243357339,8.680264075214525
2024-01-08 02:30:00,GEO-03,GEO,16.524023660110505,7.721614597351544,6.9494531376163895,8.493776057086698
2024-01-08 02:45:00,GEO-03,GEO,16.098413224480627,7.786024537995134,7.007422084195621,8.564626991794649
2024-01-08 03:00:00,GEO-03,GEO,15.679354086382386,7.883445932598972,7.095101339339076,8.67179052585887
2024-01-08 03:15:00,GEO-03,GEO,15.866512559526726,7.827379346437643,7.0446414117938785,8.610117281081408
2024-01-08 03:30:00,GEO-03,GEO,15.808397563928871,7.714618973349969,6.943157076014972,8.486080870684967
2024-01-08 03:45:00,GEO-03,GEO,15.861951621377187,7.5793925264864335,6.821453273837791,8.337331779135077
2024-01-08 04:00:00,GEO-03,GEO,15.217772407216145,7.703786358269431,6.933407722442488,8.474164994096375
2024-01-08 04:15:00,GEO-03,GEO,15.704251835928126,7.602309002689162,6.8420781024202455,8.362539902958078
2024-01-08 04:30:00,GEO-03,GEO,14.605325803038216,7.328483676924983,6.595635309232485,8.061332044617481
2024-01-08 04:45:00,GEO-03,GEO,15.109911384807486,7.5981400978258335,6.83832608804325,8.357954107608418
2024-01-08 05:00:00,GEO-03,GEO,15.027295742799172,7.47625303622386,6.728627732601474,8.223878339846246
2024-01-08 05:15:00,GEO-03,GEO,15.231972041252302,7.5573801896058805,6.801642170645293,8.31311820856647
2024-01-08 05:30:00,GEO-03,GEO,14.910910277907526,7.285949971608352,6.557354974447517,8.014544968769187
2024-01-08 05:45:00,GEO-03,GEO,14.339231946340497,7.03625598715244,6.332630388437196,7.7398815858676855
2024-01-08 06:00:00,GEO-03,GEO,14.120586202105907,7.340615198541712,6.606553678687541,8.074676718395883
2024-01-08 06:15:00,GEO-03,GEO,14.323868163533744,7.3011970190098685,6.571077317108882,8.031316720910857
2024-01-08 06:30:00,GEO-03,GEO,14.085528173382578,7.063080647038607,6.356772582334746,7.769388711742469
2024-01-08 06:45:00,GEO-03,GEO,13.778054927521517,7.095394947442869,6.385855452698582,7.8049344421871565
2024-01-08 07:00:00,GEO-03,GEO,13.648411202270136,7.431066077305694,6.687959469575125,8.174172685036265
2024-01-08 07:15:00,GEO-03,GEO,13.841479307186392,7.08869217752725,6.379822959774525,7.797561395279976
2024-01-08 07:30:00,GEO-03,GEO,13.317163952090008,7.157668798279111,6.4419019184512,7.873435678107024
2024-01-08 07:45:00,GEO-03,GEO,13.286539804656721,6.986631598503885,6.287968438653496,7.6852947583542734
2024-01-08 08:00:00,GEO-03,GEO,13.805870842516086,6.811783554697465,6.130605199227719,7.492961910167212
2024-01-08 08:15:00,GEO-03,GEO,12.571903482237737,6.975073901567426,6.277566511410684,7.672581291724169
2024-01-08 08:30:00,GEO-03,GEO,12.290528662293026,6.939163515145454,6.245247163630909,7.63307986666
2024-01-08 08:45:00,GEO-03,GEO,12.931932820273447,6.901857487207232,6.211671738486508,7.592043235927956
2024-01-08 09:00:00,GEO-03,GEO,12.348469252236685,6.9091477011624916,6.218232931046242,7.600062471278742
2024-01-08 09:15:00,GEO-03,GEO,12.316940575238647,6.92858693115317,6.235728238037853,7.621445624268487
2024-01-08 09:30:00,GEO-03,GEO,12.044247573742126,6.871603373382365,6.184443036044129,7.558763710720602
2024-01-08 09:45:00,GEO-03,GEO,12.073334689031311,6.747688414381911,6.07291957294372,7.4224572558201025
2024-01-08 10:00:00,GEO-03,GEO,12.510650775527209,6.913299896244022,6.22196990661962,7.604629885868425
2024-01-08 10:15:00,GEO-03,GEO,12.15928308232088,6.663541122234502,5.997187010011052,7.329895234457953
2024-01-08 10:30:00,GEO-03,GEO,12.07318047257865,6.650516276871873,5.985464649184686,7.31556790455906
2024-01-08 10:45:00,GEO-03,GEO,11.294365326813958,6.929878958495779,6.236891062646201,7.622866854345357
2024-01-08 11:00:00,GEO-03,GEO,11.287958074225045,6.910451020019467,6.219405918017521,7.601496122021414
2024-01-08 11:15:00,GEO-03,GEO,10.705461611673224,6.861206302955153,6.1750856726596375,7.547326933250669
2024-01-08 11:30:00,GEO-03,GEO,11.24847976674874,6.738021567195368,6.064219410475832,7.411823723914905
2024-01-08 11:45:00,GEO-03,GEO,11.723015291344955,6.820819941094733,6.13873794698526,7.502901935204207
2024-01-08 12:00:00,GEO-03,GEO,11.546728463553656,6.882790662637078,6.19451159637337,7.571069728900786
2024-01-08 12:15:00,GEO-03,GEO,11.292042083330614,6.770310972220026,6.093279874998023,7.447342069442029
2024-01-08 12:30:00,GEO-03,GEO,11.33010243056787,6.880169832248316,6.1921528490234845,7.568186815473148
2024-01-08 12:45:00,GEO-03,GEO,11.120052717731166,7.046757635196978,6.34208187167728,7.751433398716676
2024-01-08 13:00:00,GEO-03,GEO,11.389836033747015,7.15491484890547,6.439423364014924,7.8704063337960175
2024-01-08 13:15:00,GEO-03,GEO,11.571710301660527,7.004022853164247,6.3036205678478225,7.704425138480672
2024-01-08 13:30:00,GEO-03,GEO,10.88260129028934,7.158420611570615,6.442578550413554,7.874262672727677
2024-01-08 13:45:00,GEO-03,GEO,11.49454692030052,6.931082828644577,6.237974545780119,7.6241911115090355
2024-01-08 14:00:00,GEO-03,GEO,11.782876885504539,7.230938343365531,6.507844509028978,7.954032177702085
2024-01-08 14:15:00,GEO-03,GEO,11.439376403297416,7.129753861700689,6.41677847553062,7.842729247870758
2024-01-08 14:30:00,GEO-03,GEO,11.84638621637692,7.288542273095017,6.559688045785515,8.01739650040452
2024-01-08 14:45:00,GEO-03,GEO,12.564133489901053,7.283036705670123,6.554733035103111,8.011340376237136
2024-01-08 15:00:00,GEO-03,GEO,11.783020775340528,7.492034473223435,6.742831025901092,8.24123792054578
2024-01-08 15:15:00,GEO-03,GEO,12.037614057400909,7.326729859933582,6.594056873940224,8.059402845926941
2024-01-08 15:30:00,GEO-03,GEO,11.81385568869311,7.532927412908048,6.779634671617243,8.286220154198853
2024-01-08 15:45:00,GEO-03,GEO,12.21524791476278,7.499828415589055,6.749845574030149,8.249811257147961
2024-01-08 16:00:00,GEO-03,GEO,12.43405642239993,7.570979094894098,6.813881185404688,8.328077004383509
2024-01-08 16:15:00,GEO-03,GEO,12.498545666912023,7.628665845261434,6.865799260735291,8.391532429787578
2024-01-08 16:30:00,GEO-03,GEO,12.286792497672494,7.623724450048924,6.861352005044031,8.386096895053816
2024-01-08 16:45:00,GEO-03,GEO,12.815145934484491,7.7689048692111555,6.99201438229004,8.545795356132272
2024-01-08 17:00:00,GEO-03,GEO,13.35976480718345,7.826635622922644,7.043972060630379,8.609299185214908
2024-01-08 17:15:00,GEO-03,GEO,13.230270424525525,7.9199506085284055,7.127955547675565,8.711945669381247
2024-01-08 17:30:00,GEO-03,GEO,13.564898590718443,7.9673200233215935,7.170588020989435,8.764052025653754
2024-01-08 17:45:00,GEO-03,GEO,13.39118877009949,8.101604502483774,7.291444052235397,8.911764952732153
2024-01-08 18:00:00,GEO-03,GEO,13.877914684251138,8.176760348641773,7.359084313777596,8.99443638350595
2024-01-08 18:15:00,GEO-03,GEO,13.93131471056978,8.041398199969429,7.237258379972486,8.845538019966373
2024-01-08 18:30:00,GEO-03,GEO,13.760046692425501,8.294615507503343,7.465153956753008,9.124077058253677
2024-01-08 18:45:00,GEO-03,GEO,14.341102195800325,8.149392406252648,7.334453165627384,8.964331646877914
2024-01-08 19:00:00,GEO-03,GEO,14.149937484116368,8.385897120622877,7.54730740856059,9.224486832685166
2024-01-08 19:15:00,GEO-03,GEO,14.460384599267439,8.446761358020108,7.602085222218098,9.29143749382212
2024-01-08 19:30:00,GEO-03,GEO,14.909974125507752,8.249721012434367,7.424748911190931,9.074693113677805
2024-01-08 19:45:00,GEO-03,GEO,15.144623228918654,8.504410829403959,7.653969746463563,9.354851912344355
2024-01-08 20:00:00,GEO-03,GEO,14.764093714174175,8.500531913822579,7.6504787224403215,9.350585105204837
2024-01-08 20:15:00,GEO-03,GEO,15.635710545340453,8.521604001450477,7.66944360130543,9.373764401595526
2024-01-08 20:30:00,GEO-03,GEO,15.68681325651251,8.780326399136515,7.9022937592228635,9.658359039050167
2024-01-08 20:45:00,GEO-03,GEO,15.495788170769954,8.625136795852512,7.762623116267261,9.487650475437764
2024-01-08 21:00:00,GEO-03,GEO,15.433494780226722,8.652485427115035,7.787236884403532,9.517733969826539
2024-01-08 21:15:00,GEO-03,GEO,16.033718949999837,8.78052917850152,7.902476260651369,9.658582096351674
2024-01-08 21:30:00,GEO-03,GEO,16.119994323445148,8.878448578361352,7.990603720525217,9.766293436197488
2024-01-08 21:45:00,GEO-03,GEO,16.457809098138604,8.829635666211244,7.94667209959012,9.71259923283237
2024-01-08 22:00:00,GEO-03,GEO,16.477887119538558,8.991230077217644,8.09210706949588,9.89035308493941
2024-01-08 22:15:00,GEO-03,GEO,16.13979962432388,8.955278591917857,8.059750732726071,9.850806451109642
2024-01-08 22:30:00,GEO-03,GEO,16.77243349427921,8.708671052664402,7.837803947397962,9.579538157930843
2024-01-08 22:45:00,GEO-03,GEO,16.93530158540916,8.89452148561116,8.005069337050044,9.783973634172277
2024-01-08 23:00:00,GEO-03,GEO,17.34578464202203,8.908880771996026,8.017992694796424,9.79976884919563
2024-01-08 23:15:00,GEO-03,GEO,17.065115185377817,9.027189114367157,8.124470202930443,9.929908025803874
2024-01-08 23:30:00,GEO-03,GEO,17.886838453717495,8.72753561892813,7.854782057035317,9.600289180820944
2024-01-08 23:45:00,GEO-03,GEO,16.90780333165378,9.252258561695692,8.327032705526124,10.177484417865262
2024-01-01 00:00:00,MEO-01,MEO,-2.7182187477153454,-0.6193228427375357,-0.5573905584637822,-0.6812551270112893
2024-01-01 00:15:00,MEO-01,MEO,-3.106636046843423,-0.5700726107974523,-0.5130653497177071,-0.6270798718771976
2024-01-01 00:30:00,MEO-01,MEO,-2.7276484011507605,-0.5124381938932849,-0.46119437450395645,-0.5636820132826135
2024-01-01 00:45:00,MEO-01,MEO,-2.294477728350369,-0.5203771219447415,-0.4683394097502674,-0.5724148341392157
2024-01-01 01:00:00,MEO-01,MEO,-2.4164809263676754,-0.5390710710694757,-0.48516396396252814,-0.5929781781764233
2024-01-01 01:15:00,MEO-01,MEO,-2.0878065399258916,-0.31369135615923954,-0.28232222054331557,-0.3450604917751635
2024-01-01 01:30:00,MEO-01,MEO,-2.0722312320688943,-0.21193577284153756,-0.1907421955573838,-0.23312935012569133
2024-01-01 01:45:00,MEO-01,MEO,-2.0015542745775736,-0.1504839212958686,-0.13543552916628174,-0.16553231342545546
2024-01-01 02:00:00,MEO-01,MEO,-1.4551086343990107,-0.07853618437705685,-0.07068256593935117,-0.08638980281476255
2024-01-01 02:15:00,MEO-01,MEO,-1.056251385087478,0.017338911164931817,0.015605020048438636,0.019072802281425
2024-01-01 02:30:00,MEO-01,MEO,-0.9924295301112993,0.17673001119036613,0.15905701007132952,0.19440301230940277
2024-01-01 02:45:00,MEO-01,MEO,-0.5731032710452939,0.1594983161973765,0.14354848457763886,0.17544814781711418
2024-01-01 03:00:00,MEO-01,MEO,-0.4304329106335971,0.2061418598718156,0.18552767388463404,0.22675604585899717
2024-01-01 03:15:00,MEO-01,MEO,0.40203342200216213,0.3031376133141808,0.27282385198276277,0.33345137464559893
2024-01-01 03:30:00,MEO-01,MEO,0.36052431828096976,0.4405454996868129,0.3964909497181316,0.48460004965549425
2024-01-01 03:45:00,MEO-01,MEO,1.0984422625151131,0.5696124908901152,0.5126512418011038,0.6265737399791268
2024-01-01 04:00:00,MEO-01,MEO,1.4030362758302712,0.46171012478814905,0.41553911230933416,0.507881137266964
2024-01-01 04:15:00,MEO-01,MEO,1.2662351778934924,0.5671447281242806,0.5104302553118526,0.6238592009367088
2024-01-01 04:30:00,MEO-01,MEO,1.2760170068635959,0.6247601719352152,0.5622841547416937,0.6872361891287367
2024-01-01 04:45:00,MEO-01,MEO,1.2206373013561844,0.5473267575334793,0.49259408178013137,0.6020594332868272
2024-01-01 05:00:00,MEO-01,MEO,1.5572917259708174,0.6475355639431423,0.582782007548828,0.7122891203374565
2024-01-01 05:15:00,MEO-01,MEO,1.7316384716120772,0.5376620629809814,0.48389585668288326,0.5914282692790795
2024-01-01 05:30:00,MEO-01,MEO,2.5341044518911704,0.5121408961906342,0.46092680657157076,0.5633549858096977
2024-01-01 05:45:00,MEO-01,MEO,2.2960324450683487,0.6715549634959324,0.6043994671463392,0.7387104598455256
2024-01-01 06:00:00,MEO-01,MEO,2.404512675977397,0.5900976981112411,0.5310879283001171,0.6491074679223653
2024-01-01 06:15:00,MEO-01,MEO,1.7543859569322242,0.606035729979236,0.5454321569813124,0.6666393029771597
2024-01-01 06:30:00,MEO-01,MEO,1.9752736436096376,0.5484949582875099,0.49364546245875895,0.603344454116261
2024-01-01 06:45:00,MEO-01,MEO,2.42589365062985,0.42364341607078604,0.38127907446370746,0.4660077576778647
2024-01-01 07:00:00,MEO-01,MEO,2.171067782941719,0.4425885729636578,0.39832971566729203,0.4868474302600236
2024-01-01 07:15:00,MEO-01,MEO,1.926107882502302,0.28563416728510005,0.25707075055659007,0.3141975840136101
2024-01-01 07:30:00,MEO-01,MEO,1.938873049144278,0.42835766207646997,0.38552189586882296,0.471193428284117
2024-01-01 07:45:00,MEO-01,MEO,2.0160067088825926,0.13731875415161698,0.12358687873645528,0.1510506295667787
2024-01-01 08:00:00,MEO-01,MEO,1.3396848858388324,0.15603346293072584,0.14043011663765326,0.17163680922379843
2024-01-01 08:15:00,MEO-01,MEO,1.1828822681860751,0.012710535905655088,0.011439482315089579,0.013981589496220597
2024-01-01 08:30:00,MEO-01,MEO,0.9714886808265414,0.06595642410824323,0.05936078169741891,0.07255206651906757
2024-01-01 08:45:00,MEO-01,MEO,1.271078717457021,-0.08078557780919965,-0.07270702002827968,-0.08886413559011962
2024-01-01 09:00:00,MEO-01,MEO,-0.10533157714027741,-0.1678613413841097,-0.15107520724569876,-0.1846474755225207
2024-01-01 09:15:00,MEO-01,MEO,0.33838648534839244,-0.12643354701737014,-0.11379019231563313,-0.13907690171910717
2024-01-01 09:30:00,MEO-01,MEO,-0.10660132858975474,-0.25566781082898404,-0.23010102974608565,-0.2812345919118825
2024-01-01 09:45:00,MEO-01,MEO,-0.17054476817448083,-0.2739057649293467,-0.24651518843641204,-0.3012963414222814
2024-01-01 10:00:00,MEO-01,MEO,-0.48511158992335124,-0.4438171595812992,-0.3994354436231693,-0.48819887553942914
2024-01-01 10:15:00,MEO-01,MEO,-0.5318817847301834,-0.5197273221550394,-0.46775458993953545,-0.5717000543705434
2024-01-01 10:30:00,MEO-01,MEO,-0.5169916335147607,-0.43198936183664755,-0.3887904256529828,-0.4751882980203123
2024-01-01 10:45:00,MEO-01,MEO,-0.06474543861107973,-0.4898776094715341,-0.4408898485243807,-0.5388653704186875
2024-01-01 11:00:00,MEO-01,MEO,-0.7591001206529192,-0.4281868004706144,-0.385368120423553,-0.4710054805176759
2024-01-01 11:15:00,MEO-01,MEO,-1.258892030274251,-0.48847051222282484,-0.43962346100054234,-0.5373175634451074
2024-01-01 11:30:00,MEO-01,MEO,-1.2044171365166871,-0.459183238533138,-0.41326491467982424,-0.5051015623864519
2024-01-01 11:45:00,MEO-01,MEO,-1.2280859527083545,-0.5887726791826243,-0.5298954112643619,-0.6476499471008869
2024-01-01 12:00:00,MEO-01,MEO,-1.5440052322756217,-0.28118202891198646,-0.2530638260207878,-0.3093002318031851
2024-01-01 12:15:00,MEO-01,MEO,-1.122183688807238,-0.4092044435761754,-0.36828399921855787,-0.450124887933793
2024-01-01 12:30:00,MEO-01,MEO,-0.7659667147927024,-0.2950938669657669,-0.26558448026919024,-0.3246032536623436
2024-01-01 12:45:00,MEO-01,MEO,-1.1435637466600679,-0.3643795024668357,-0.32794155222015214,-0.4008174527135193
2024-01-01 13:00:00,MEO-01,MEO,-0.4070164919102216,-0.21206735456944373,-0.19086061911249935,-0.23327409002638813
2024-01-01 13:15:00,MEO-01,MEO,-0.3621797298248628,-0.273771563134946,-0.2463944068214514,-0.3011487194484406
2024-01-01 13:30:00,MEO-01,MEO,-0.45660862283708303,-0.06093863748291279,-0.05484477373462151,-0.06703250123120408
2024-01-01 13:45:00,MEO-01,MEO,-0.0748635323200208,-0.049060980339257945,-0.044154882305332155,-0.05396707837318374
2024-01-01 14:00:00,MEO-01,MEO,0.5239323778449236,0.06108980311800411,0.0549808228062037,0.06719878342980452
2024-01-01 14:15:00,MEO-01,MEO,0.5740127441601394,0.19543402613169325,0.17589062351852394,0.2149774287448626
2024-01-01 14:30:00,MEO-01,MEO,0.6686830009207823,0.12199993079306776,0.10979993771376098,0.13419992387237453
2024-01-01 14:45:00,MEO-01,MEO,0.887720008266919,0.24567513484707476,0.22110762136236728,0.27024264833178224
2024-01-01 15:00:00,MEO-01,MEO,1.246833249830281,0.41435487075012256,0.3729193836751103,0.45579035782513483
2024-01-01 15:15:00,MEO-01,MEO,1.3752343595571768,0.619185832293352,0.5572672490640168,0.6811044155226873
2024-01-01 15:30:00,MEO-01,MEO,1.242563214612204,0.5088516343577367,0.4579664709219631,0.5597367977935105
2024-01-01 15:45:00,MEO-01,MEO,2.530222205109344,0.6296416922649536,0.5666775230384582,0.692605861491449
2024-01-01 16:00:00,MEO-01,MEO,2.2902845857053036,0.6291043685573887,0.5661939317016499,0.6920148054131277
2024-01-01 16:15:00,MEO-01,MEO,2.559415300032905,0.8403101349668579,0.7562791214701722,0.9243411484635438
2024-01-01 16:30:00,MEO-01,MEO,2.626655013956806,0.5836143054475024,0.5252528749027522,0.6419757359922527
2024-01-01 16:45:00,MEO-01,MEO,2.6080579859361404,0.7600031438697181,0.6840028294827464,0.83600345825669
2024-01-01 17:00:00,MEO-01,MEO,2.8626406136856817,0.6415591301055285,0.5774032170949757,0.7057150431160814
2024-01-01 17:15:00,MEO-01,MEO,2.590819435755455,0.5800907081497959,0.5220816373348164,0.6380997789647755
2024-01-01 17:30:00,MEO-01,MEO,3.6040269672666305,0.8031623469635957,0.7228461122672362,0.8834785816599553
2024-01-01 17:45:00,MEO-01,MEO,2.731662132875553,0.7790755367807327,0.7011679831026595,0.856983090458806
2024-01-01 18:00:00,MEO-01,MEO,2.7488360802107286,0.7237211846227115,0.6513490661604404,0.7960933030849827
2024-01-01 18:15:00,MEO-01,MEO,2.824516250347547,0.7070582323907432,0.6363524091516689,0.7777640556298175
2024-01-01 18:30:00,MEO-01,MEO,3.1464387856456577,0.9234909733982615,0.8311418760584354,1.0158400707380877
2024-01-01 18:45:00,MEO-01,MEO,2.6814843715468815,0.6068018711457595,0.5461216840311836,0.6674820582603355
2024-01-01 19:00:00,MEO-01,MEO,2.1879916893835345,0.612719328245195,0.5514473954206756,0.6739912610697146
2024-01-01 19:15:00,MEO-01,MEO,2.59822809581799,0.45803354834156235,0.41223019350740614,0.5038369031757186
2024-01-01 19:30:00,MEO-01,MEO,2.226719879725134,0.46639894166398954,0.4197590474975906,0.5130388358303886
2024-01-01 19:45:00,MEO-01,MEO,1.9133592506012298,0.35243814996034906,0.31719433496431415,0.387681964956384
2024-01-01 20:00:00,MEO-01,MEO,1.7629627683308957,0.2645552682142183,0.2380997413927965,0.2910107950356402
2024-01-01 20:15:00,MEO-01,MEO,1.8811797262912333,0.3673046077498453,0.33057414697486076,0.40403506852482984
2024-01-01 20:30:00,MEO-01,MEO,1.5163839955669598,0.24019798951851107,0.21617819056665996,0.2642177884703622
2024-01-01 20:45:00,MEO-01,MEO,0.4799212841333217,0.08236912590964447,0.07413221331868003,0.09060603850060893
2024-01-01 21:00:00,MEO-01,MEO,0.7381542796534957,-0.18500449646554587,-0.16650404681899128,-0.20350494611210046
2024-01-01 21:15:00,MEO-01,MEO,0.11280587292683986,-0.09786994625731572,-0.08808295163158415,-0.10765694088304731
2024-01-01 21:30:00,MEO-01,MEO,-0.1640345331965668,0.08392040921360286,0.07552836829224258,0.09231245013496316
2024-01-01 21:45:00,MEO-01,MEO,-1.0033939205138562,-0.20798979171101645,-0.18719081253991482,-0.2287887708821181
2024-01-01 22:00:00,MEO-01,MEO,-0.895402584750279,-0.15135321667122437,-0.13621789500410195,-0.16648853833834681
2024-01-01 22:15:00,MEO-01,MEO,-1.3050248728254243,-0.16628611226024653,-0.14965750103422187,-0.1829147234862712
2024-01-01 22:30:00,MEO-01,MEO,-1.116298912455914,-0.297348423306996,-0.2676135809762964,-0.32708326563769563
2024-01-01 22:45:00,MEO-01,MEO,-1.245914999771228,-0.40601516935702353,-0.3654136524213212,-0.44661668629272594
2024-01-01 23:00:00,MEO-01,MEO,-2.188456708441447,-0.5474260985851769,-0.4926834887266592,-0.6021687084436946
2024-01-01 23:15:00,MEO-01,MEO,-1.794732353618889,-0.3016443170967201,-0.27147988538704815,-0.33180874880639216
2024-01-01 23:30:00,MEO-01,MEO,-1.589446163516448,-0.415069283673408,-0.37356235530606724,-0.45657621204074883
2024-01-01 23:45:00,MEO-01,MEO,-1.9572625173589104,-0.31910957841192517,-0.28719862057073264,-0.3510205362531177
2024-01-02 00:00:00,MEO-01,MEO,-1.7283500211116447,-0.406542149023892,-0.36588793412150283,-0.44719636392628126
2024-01-02 00:15:00,MEO-01,MEO,-1.7822033318781867,-0.29158362578684544,-0.2624252632081609,-0.32074198836553003
2024-01-02 00:30:00,MEO-01,MEO,-1.7039920448701618,-0.2225028379764344,-0.20025255417879095,-0.24475312177407785
2024-01-02 00:45:00,MEO-01,MEO,-1.738012242338892,-0.15030422014133754,-0.1352737981272038,-0.1653346421554713
2024-01-02 01:00:00,MEO-01,MEO,-1.8184287297647237,-0.20019345951063994,-0.18017411355957594,-0.22021280546170394
2024-01-02 01:15:00,MEO-01,MEO,-1.604645003432366,0.051909356072326815,0.04671842046509413,0.0571002916795595
2024-01-02 01:30:00,MEO-01,MEO,-0.9258893591378171,-0.019155185097860072,-0.017239666588074066,-0.021070703607646082
2024-01-02 01:45:00,MEO-01,MEO,-0.8499200830566757,-0.028840148200267868,-0.02595613338024108,-0.031724163020294655
2024-01-02 02:00:00,MEO-01,MEO,-0.6176055112627074,0.1757331514304657,0.15815983628741914,0.19330646657351228
2024-01-02 02:15:00,MEO-01,MEO,-0.39819058814964703,0.26804659066778636,0.24124193160100774,0.294851249734565
2024-01-02 02:30:00,MEO-01,MEO,-0.06350964333955034,0.3591507725688129,0.32323569531193164,0.3950658498256942
2024-01-02 02:45:00,MEO-01,MEO,0.5888476570674946,0.53510552781529,0.481594975033761,0.588616080596819
2024-01-02 03:00:00,MEO-01,MEO,0.5619170476724722,0.4845534835486967,0.43609813519382706,0.5330088319035664
2024-01-02 03:15:00,MEO-01,MEO,0.6282511825623281,0.5674590066044947,0.5107131059440452,0.6242049072649442
2024-01-02 03:30:00,MEO-01,MEO,1.4613463698396045,0.557343932856392,0.5016095395707528,0.6130783261420313
2024-01-02 03:45:00,MEO-01,MEO,1.5253293785439737,0.7736955452864565,0.6963259907578109,0.8510650998151021
2024-01-02 04:00:00,MEO-01,MEO,1.8699934478548248,0.778107273496701,0.7002965461470309,0.8559180008463712
2024-01-02 04:15:00,MEO-01,MEO,2.529686413950387,0.7770287314272052,0.6993258582844847,0.8547316045699258
2024-01-02 04:30:00,MEO-01,MEO,2.364284218939389,0.69671852555187,0.627046672996683,0.766390378107057
2024-01-02 04:45:00,MEO-01,MEO,2.6557028573457826,0.9936868981249608,0.8943182083124648,1.093055587937457
2024-01-02 05:00:00,MEO-01,MEO,2.471865289679518,0.799088717858393,0.7191798460725537,0.8789975896442324
2024-01-02 05:15:00,MEO-01,MEO,2.861474983025584,0.8590146552675411,0.773113189740787,0.9449161207942952
2024-01-02 05:30:00,MEO-01,MEO,3.1831637246045283,0.9337334058246348,0.8403600652421713,1.0271067464070984
2024-01-02 05:45:00,MEO-01,MEO,2.7195280330778844,0.7978915410239853,0.7181023869215868,0.8776806951263839
2024-01-02 06:00:00,MEO-01,MEO,3.3213592628873894,0.7527278196062205,0.6774550376455984,0.8280006015668426
2024-01-02 06:15:00,MEO-01,MEO,3.2987254219812683,0.6713384152022536,0.6042045736820282,0.738472256722479
2024-01-02 06:30:00,MEO-01,MEO,3.2491235594648735,0.8590072371293973,0.7731065134164576,0.9449079608423371
2024-01-02 06:45:00,MEO-01,MEO,3.427449875836897,0.7095414448345514,0.6385873003510962,0.7804955893180066
2024-01-02 07:00:00,MEO-01,MEO,3.147020328212263,0.9317914489674397,0.8386123040706958,1.0249705938641838
2024-01-02 07:15:00,MEO-01,MEO,3.296463621416874,0.5561347908845874,0.5005213117961287,0.6117482699730462
2024-01-02 07:30:00,MEO-01,MEO,2.5133015252498034,0.4947647160108139,0.4452882444097325,0.5442411876118953
2024-01-02 07:45:00,MEO-01,MEO,2.6050748438072815,0.4519658685663487,0.4067692817097138,0.4971624554229836
2024-01-02 08:00:00,MEO-01,MEO,2.3800986429746436,0.44254798146806024,0.39829318332125424,0.4868027796148663
2024-01-02 08:15:00,MEO-01,MEO,1.8622626387368486,0.30987692029537883,0.27888922826584095,0.3408646123249167
2024-01-02 08:30:00,MEO-01,MEO,2.126449646320614,0.32071023180834934,0.2886392086275144,0.35278125498918433
2024-01-02 08:45:00,MEO-01,MEO,2.2182560797557858,0.11884278514299597,0.10695850662869637,0.13072706365729558
2024-01-02 09:00:00,MEO-01,MEO,1.3792924149975763,0.01450558315726741,0.013055024841540669,0.01595614147299415
2024-01-02 09:15:00,MEO-01,MEO,1.257872448373694,-0.08714592532545434,-0.07843133279290891,-0.09586051785799979
2024-01-02 09:30:00,MEO-01,MEO,0.907265297207904,-0.18450726714939528,-0.16605654043445575,-0.20295799386433483
2024-01-02 09:45:00,MEO-01,MEO,0.4734025774567425,-0.10528191771345993,-0.09475372594211394,-0.11581010948480594
2024-01-02 10:00:00,MEO-01,MEO,-0.022095342811276175,-0.13798858520259175,-0.12418972668233258,-0.15178744372285094
2024-01-02 10:15:00,MEO-01,MEO,0.05777928027448809,-0.2064560043907249,-0.1858104039516524,-0.2271016048297974
2024-01-02 10:30:00,MEO-01,MEO,-0.2889706955551662,-0.08969261057611669,-0.08072334951850502,-0.09866187163372836
2024-01-02 10:45:00,MEO-01,MEO,0.3369157087066402,-0.11472655981453628,-0.10325390383308265,-0.12619921579598992
2024-01-02 11:00:00,MEO-01,MEO,-0.23602341342034716,-0.25368488881372175,-0.2283163999323496,-0.279053377695094
2024-01-02 11:15:00,MEO-01,MEO,-0.37949228496451737,-0.3741906006164094,-0.3367715405547685,-0.4116096606780504
2024-01-02 11:30:00,MEO-01,MEO,-0.12232558175015984,-0.26952474986754416,-0.24257227488078975,-0.2964772248542986
2024-01-02 11:45:00,MEO-01,MEO,-0.6413070232624621,-0.2554868638519212,-0.2299381774667291,-0.28103555023711335
2024-01-02 12:00:00,MEO-01,MEO,-0.05191778144027981,-0.23342685661460327,-0.21008417095314294,-0.25676954227606363
2024-01-02 12:15:00,MEO-01,MEO,0.21224959360925366,-0.20048167263670363,-0.18043350537303326,-0.220529839900374
2024-01-02 12:30:00,MEO-01,MEO,0.5429109297867082,-0.15177693180211904,-0.13659923862190715,-0.16695462498233096
2024-01-02 12:45:00,MEO-01,MEO,0.5353082115803043,-0.07701457367231807,-0.06931311630508626,-0.08471603103954987
2024-01-02 13:00:00,MEO-01,MEO,0.6278367981350811,-0.03615051020330559,-0.032535459182975034,-0.039765561223636156
2024-01-02 13:15:00,MEO-01,MEO,0.7702986658920351,0.09852274308585014,0.08867046877726513,0.10837501739443517
2024-01-02 13:30:00,MEO-01,MEO,1.061901338716352,0.18312635717747258,0.16481372145972534,0.20143899289521985
2024-01-02 13:45:00,MEO-01,MEO,1.245824770475727,0.15796626388577667,0.14216963749719902,0.17376289027435435
2024-01-02 14:00:00,MEO-01,MEO,1.1900038568291706,0.4118407133324917,0.3706566419992426,0.4530247846657409
2024-01-02 14:15:00,MEO-01,MEO,1.725290595780693,0.3125920440228045,0.2813328396205241,0.34385124842508497
2024-01-02 14:30:00,MEO-01,MEO,1.7212099220555395,0.3425800310342314,0.30832202793080826,0.3768380341376546
2024-01-02 14:45:00,MEO-01,MEO,2.2905564728210996,0.5822976434540699,0.5240678791086629,0.6405274077994769
2024-01-02 15:00:00,MEO-01,MEO,2.430663996434046,0.5637772019588044,0.507399481762924,0.6201549221546849
2024-01-02 15:15:00,MEO-01,MEO,3.461165654327201,0.7284323564389715,0.6555891207950744,0.8012755920828687
2024-01-02 15:30:00,MEO-01,MEO,3.0819219946927623,0.5790056574913811,0.5211050917422431,0.6369062232405193
2024-01-02 15:45:00,MEO-01,MEO,2.991762835499003,0.9451482025984542,0.8506333823386089,1.0396630228582997
2024-01-02 16:00:00,MEO-01,MEO,3.5410532828249597,0.9428464832380689,0.848561834914262,1.0371311315618759
2024-01-02 16:15:00,MEO-01,MEO,3.912863169750482,0.8162932879020834,0.7346639591118751,0.8979226166922919
2024-01-02 16:30:00,MEO-01,MEO,4.382617937552897,0.8564907933457884,0.7708417140112096,0.9421398726803673
2024-01-02 16:45:00,MEO-01,MEO,3.9676190857213403,1.1376156570727403,1.0238540913654663,1.2513772227800144
2024-01-02 17:00:00,MEO-01,MEO,3.836659740005697,0.9640131849594251,0.8676118664634827,1.0604145034553678
2024-01-02 17:15:00,MEO-01,MEO,4.518022378750514,0.9652825703428921,0.8687543133086029,1.0618108273771814
2024-01-02 17:30:00,MEO-01,MEO,4.012750665867125,0.8494821396309963,0.7645339256678967,0.934430353594096
2024-01-02 17:45:00,MEO-01,MEO,4.254396271693014,0.9912543810895802,0.8921289429806222,1.0903798191985383
2024-01-02 18:00:00,MEO-01,MEO,3.949025414142373,0.979691494903996,0.8817223454135964,1.0776606443943957
2024-01-02 18:15:00,MEO-01,MEO,3.9237755724667176,1.0241941317842498,0.9217747186058248,1.1266135449626749
2024-01-02 18:30:00,MEO-01,MEO,4.003313853048746,0.8151016688665715,0.7335915019799144,0.8966118357532288
2024-01-02 18:45:00,MEO-01,MEO,3.51355143550722,0.7572338632577942,0.6815104769320148,0.8329572495835736
2024-01-02 19:00:00,MEO-01,MEO,3.4351962096970596,0.8593873145760759,0.7734485831184683,0.9453260460336835
2024-01-02 19:15:00,MEO-01,MEO,3.2876788017389074,0.8419220640576068,0.7577298576518462,0.9261142704633676
2024-01-02 19:30:00,MEO-01,MEO,3.0879720967560598,0.5684890720200795,0.5116401648180715,0.6253379792220874
2024-01-02 19:45:00,MEO-01,MEO,2.809810189321698,0.7094188953175465,0.6384770057857919,0.7803607848493013
2024-01-02 20:00:00,MEO-01,MEO,2.608761613217171,0.5518010186003112,0.4966209167402801,0.6069811204603424
2024-01-02 20:15:00,MEO-01,MEO,2.4092800899293962,0.5605380767485598,0.5044842690737038,0.6165918844234158
2024-01-02 20:30:00,MEO-01,MEO,1.9839997620940149,0.39180648799112344,0.3526258391920111,0.4309871367902358
2024-01-02 20:45:00,MEO-01,MEO,1.680727462134791,0.12104808516743878,0.1089432766506949,0.13315289368418268
2024-01-02 21:00:00,MEO-01,MEO,0.8523582011374207,0.23857599227345513,0.21471839304610962,0.26243359150080064
2024-01-02 21:15:00,MEO-01,MEO,0.9453017116518683,0.2672232215453583,0.2405008993908225,0.2939455436998942
2024-01-02 21:30:00,MEO-01,MEO,0.7467993611427389,0.04757944698326767,0.04282150228494091,0.052337391681594445
2024-01-02 21:45:00,MEO-01,MEO,0.5176400474129385,0.030826868556334347,0.027744181700700914,0.03390955541196779
2024-01-02 22:00:00,MEO-01,MEO,0.20671511030543877,-0.002300378270827944,-0.0020703404437451495,-0.0025304160979107383
2024-01-02 22:15:00,MEO-01,MEO,-0.033969846696327854,-0.26220169035716556,-0.235981521321449,-0.2884218593928821
2024-01-02 22:30:00,MEO-01,MEO,-0.2342298377330172,0.07024319390829281,0.06321887451746354,0.0772675132991221
2024-01-02 22:45:00,MEO-01,MEO,-0.14697270263196582,-0.15937856875057616,-0.14344071187551855,-0.1753164256256338
2024-01-02 23:00:00,MEO-01,MEO,-0.17875590968919353,-0.06074135299595344,-0.0546672176963581,-0.06681548829554879
2024-01-02 23:15:00,MEO-01,MEO,-0.6584797171736012,-0.1119125402285248,-0.10072128620567232,-0.1231037942513773
2024-01-02 23:30:00,MEO-01,MEO,-0.4103120140411254,0.0021216455099931503,0.0019094809589938354,0.0023338100609924654
2024-01-02 23:45:00,MEO-01,MEO,-0.6471138772222771,-0.04931620031992521,-0.04438458028793269,-0.05424782035191773
2024-01-03 00:00:00,MEO-01,MEO,-0.551959590324449,-0.07394953912965235,-0.06655458521668713,-0.0813444930426176
2024-01-03 00:15:00,MEO-01,MEO,-0.5331129699110526,-0.09044490550200225,-0.08140041495180203,-0.09948939605220249
2024-01-03 00:30:00,MEO-01,MEO,-0.21302647537938313,0.0900286181908208,0.08102575637173871,0.09903148000990288
2024-01-03 00:45:00,MEO-01,MEO,-0.19906125729665058,-0.07026608649248098,-0.06323947784323289,-0.07729269514172908
2024-01-03 01:00:00,MEO-01,MEO,0.44440061450950896,0.19206447354839282,0.17285802619355353,0.21127092090323213
2024-01-03 01:15:00,MEO-01,MEO,-0.14759084099704456,0.11963382449579697,0.10767044204621727,0.1315972069453767
2024-01-03 01:30:00,MEO-01,MEO,0.41602572408424865,0.380180015085999,0.3421620135773991,0.418198016594599
2024-01-03 01:45:00,MEO-01,MEO,0.4026428869391271,0.3694222964977776,0.33248006684799986,0.40636452614755536
2024-01-03 02:00:00,MEO-01,MEO,0.5894285894703329,0.48738585090431974,0.4386472658138878,0.5361244359947518
2024-01-03 02:15:00,MEO-01,MEO,1.094792924500593,0.5232565955004153,0.4709309359503737,0.5755822550504568
2024-01-03 02:30:00,MEO-01,MEO,1.4368534742107995,0.4575143747525626,0.4117629372773064,0.503265812227819
2024-01-03 02:45:00,MEO-01,MEO,2.4463908835388777,0.6086775268976248,0.5478097742078624,0.6695452795873873
2024-01-03 03:00:00,MEO-01,MEO,1.9894194005470736,0.8086614619452442,0.7277953157507199,0.8895276081397687
2024-01-03 03:15:00,MEO-01,MEO,2.0707004648449443,0.8417619663915521,0.7575857697523969,0.9259381630307074
2024-01-03 03:30:00,MEO-01,MEO,2.7334138916565527,0.9914788002282616,0.8923309202054355,1.0906266802510878
2024-01-03 03:45:00,MEO-01,MEO,2.4476163214519557,0.9917141545471652,0.8925427390924486,1.0908855700018818
2024-01-03 04:00:00,MEO-01,MEO,3.2288830721489514,0.9374273215630056,0.843684589406705,1.0311700537193063
2024-01-03 04:15:00,MEO-01,MEO,3.5215259442527005,0.9983467430418558,0.8985120687376702,1.0981814173460414
2024-01-03 04:30:00,MEO-01,MEO,3.957802240341713,1.1087268167197335,0.9978541350477602,1.219599498391707
2024-01-03 04:45:00,MEO-01,MEO,4.216540287751454,0.9444113216893125,0.8499701895203813,1.0388524538582438
2024-01-03 05:00:00,MEO-01,MEO,4.030431544105559,1.282579390313484,1.1543214512821356,1.4108373293448324
2024-01-03 05:15:00,MEO-01,MEO,4.268466628784237,1.1930575593760906,1.0737518034384816,1.3123633153136998
2024-01-03 05:30:00,MEO-01,MEO,4.228979791978107,1.254629537151233,1.1291665834361098,1.3800924908663565
2024-01-03 05:45:00,MEO-01,MEO,4.216083614164667,1.0185687844973559,0.9167119060476203,1.1204256629470917
2024-01-03 06:00:00,MEO-01,MEO,4.615608194404538,1.2231747391436625,1.1008572652292963,1.345492213058029
2024-01-03 06:15:00,MEO-01,MEO,4.222117776621834,1.2711750591492963,1.1440575532343666,1.398292565064226
2024-01-03 06:30:00,MEO-01,MEO,4.402131480375969,0.947058136915531,0.8523523232239779,1.0417639506070842
2024-01-03 06:45:00,MEO-01,MEO,4.186353171148452,1.0662694124537315,0.9596424712083584,1.1728963536991048
2024-01-03 07:00:00,MEO-01,MEO,4.467818006023619,0.9490995615933272,0.8541896054339945,1.04400951775266
2024-01-03 07:15:00,MEO-01,MEO,4.64428968159531,0.76352941272397,0.687176471451573,0.8398823539963671
2024-01-03 07:30:00,MEO-01,MEO,3.7032884183983925,0.8593124400820459,0.7733811960738413,0.9452436840902505
2024-01-03 07:45:00,MEO-01,MEO,3.3748255912292264,0.8152864870249414,0.7337578383224473,0.8968151357274357
2024-01-03 08:00:00,MEO-01,MEO,3.594746734990552,0.6264080092922422,0.563767208363018,0.6890488102214665
2024-01-03 08:15:00,MEO-01,MEO,3.4004872211159776,0.6921674334673924,0.6229506901206532,0.7613841768141317
2024-01-03 08:30:00,MEO-01,MEO,3.209027232438029,0.3897835065937855,0.350805155934407,0.4287618572531641
2024-01-03 08:45:00,MEO-01,MEO,2.7924941344349143,0.3289502890748876,0.29605526016739886,0.3618453179823764
2024-01-03 09:00:00,MEO-01,MEO,2.6003706188631033,0.3873616367302268,0.3486254730572041,0.4260978004032495
2024-01-03 09:15:00,MEO-01,MEO,2.4904812888913304,0.3101430005138284,0.2791287004624456,0.3411573005652113
2024-01-03 09:30:00,MEO-01,MEO,2.4132299113662015,0.1874537116604225,0.16870834049438024,0.20619908282646476
2024-01-03 09:45:00,MEO-01,MEO,1.4300230623048924,0.2523320831710672,0.2270988748539605,0.27756529148817394
2024-01-03 10:00:00,MEO-01,MEO,1.1774922445805471,0.17996230937491195,0.16196607843742075,0.19795854031240315
2024-01-03 10:15:00,MEO-01,MEO,1.12430722723278,0.16411100793142072,0.14769990713827866,0.1805221087245628
2024-01-03 10:30:00,MEO-01,MEO,0.6661572512292726,0.052384935269499215,0.0471464417425493,0.05762342879644914
2024-01-03 10:45:00,MEO-01,MEO,1.1803149748328705,0.08663836930384929,0.07797453237346436,0.09530220623423422
2024-01-03 11:00:00,MEO-01,MEO,0.47053391770246633,-0.011151749611792008,-0.010036574650612808,-0.01226692457297121
2024-01-03 11:15:00,MEO-01,MEO,0.5332967532446441,0.18502950809464383,0.16652655728517946,0.20353245890410823
2024-01-03 11:30:00,MEO-01,MEO,0.6310238639626469,-0.03779107838413062,-0.034011970545717564,-0.04157018622254369
2024-01-03 11:45:00,MEO-01,MEO,0.32794193295022067,0.2123235664668759,0.19109120982018832,0.2335559231135635
2024-01-03 12:00:00,MEO-01,MEO,0.033757854693861944,0.07333590058356167,0.0660023105252055,0.08066949064191783
2024-01-03 12:15:00,MEO-01,MEO,0.443670783152071,-0.0033041070415772283,-0.0029736963374195056,-0.0036345177457349515
2024-01-03 12:30:00,MEO-01,MEO,0.8986817094967086,0.2613473723437219,0.23521263510934973,0.2874821095780941
2024-01-03 12:45:00,MEO-01,MEO,0.68126605717593,0.21538179111986622,0.1938436120078796,0.23691997023185285
2024-01-03 13:00:00,MEO-01,MEO,0.7097498257254642,0.3341836300211213,0.3007652670190092,0.36760199302323343
2024-01-03 13:15:00,MEO-01,MEO,1.337790173042819,0.43116634032797657,0.38804970629517893,0.47428297436077427
2024-01-03 13:30:00,MEO-01,MEO,1.2347515394130082,0.4327342286854539,0.3894608058169085,0.4760076515539993
2024-01-03 13:45:00,MEO-01,MEO,1.423474229364973,0.4348395277241188,0.391355574951707,0.47832348049653073
2024-01-03 14:00:00,MEO-01,MEO,1.8404638365233323,0.6396134819142331,0.5756521337228098,0.7035748301056565
2024-01-03 14:15:00,MEO-01,MEO,2.262061231361217,0.6424583932151895,0.5782125538936705,0.7067042325367086
2024-01-03 14:30:00,MEO-01,MEO,2.940663358302221,0.778273630076898,0.7004462670692082,0.8561009930845879
2024-01-03 14:45:00,MEO-01,MEO,2.8326977525943566,0.6309378762903148,0.5678440886612833,0.6940316639193463
2024-01-03 15:00:00,MEO-01,MEO,3.196388861987285,0.916329314521502,0.8246963830693518,1.0079622459736524
2024-01-03 15:15:00,MEO-01,MEO,3.055431587468629,0.9030430972155444,0.81273878749399,0.993347406937099
2024-01-03 15:30:00,MEO-01,MEO,3.191031452722436,1.1549648410024742,1.0394683569022267,1.2704613251027217
2024-01-03 15:45:00,MEO-01,MEO,3.7140084530532884,1.134999639559703,1.021499675603733,1.2484996035156735
2024-01-03 16:00:00,MEO-01,MEO,3.9569937028931927,1.1596525547115464,1.0436872992403918,1.2756178101827012
2024-01-03 16:15:00,MEO-01,MEO,3.8689981865839673,1.2266371357519081,1.1039734221767175,1.349300849327099
2024-01-03 16:30:00,MEO-01,MEO,4.2760562071228705,1.146318619472121,1.0316867575249091,1.2609504814193333
2024-01-03 16:45:00,MEO-01,MEO,4.570414474719907,1.3850958444359496,1.2465862599923547,1.5236054288795446
2024-01-03 17:00:00,MEO-01,MEO,4.677967970850235,1.4337141351613822,1.290342721645244,1.5770855486775206
2024-01-03 17:15:00,MEO-01,MEO,4.795487977822944,1.3148513635341275,1.1833662271807148,1.4463364998875403
2024-01-03 17:30:00,MEO-01,MEO,4.7862444134605076,1.4093995170975986,1.2684595653878388,1.5503394688073586
2024-01-03 17:45:00,MEO-01,MEO,4.592285855836479,1.225185706092671,1.102667135483404,1.3477042767019383
2024-01-03 18:00:00,MEO-01,MEO,4.557100382683155,1.1855409032416264,1.0669868129174638,1.304094993565789
2024-01-03 18:15:00,MEO-01,MEO,4.3135910901185195,1.2216295883897745,1.099466629550797,1.3437925472287522
2024-01-03 18:30:00,MEO-01,MEO,4.9493615024016835,1.2132241506395327,1.0919017355755796,1.334546565703486
2024-01-03 18:45:00,MEO-01,MEO,4.359967601058881,1.098738796586362,0.9888649169277258,1.2086126762449982
2024-01-03 19:00:00,MEO-01,MEO,4.1195602626152805,1.1177326834722068,1.0059594151249862,1.2295059518194276
2024-01-03 19:15:00,MEO-01,MEO,3.7311933734383915,1.037295741374087,0.9335661672366784,1.141025315511496
2024-01-03 19:30:00,MEO-01,MEO,4.456632086783552,0.8657176425349964,0.7791458782814967,0.952289406788496
2024-01-03 19:45:00,MEO-01,MEO,3.189166391414222,0.9158021342584716,0.8242219208326245,1.007382347684319
2024-01-03 20:00:00,MEO-01,MEO,3.064693191835245,0.869280855131856,0.7823527696186705,0.9562089406450417
2024-01-03 20:15:00,MEO-01,MEO,2.9744244254157213,0.7383121194785902,0.6644809075307312,0.8121433314264493
2024-01-03 20:30:00,MEO-01,MEO,2.7080394784425965,0.7410368896222412,0.6669332006600172,0.8151405785844654
2024-01-03 20:45:00,MEO-01,MEO,2.478959098886644,0.4768389395354874,0.4291550455819387,0.5245228334890362
2024-01-03 21:00:00,MEO-01,MEO,2.3719611235916096,0.5395703410780591,0.48561330697025323,0.5935273751858651
2024-01-03 21:15:00,MEO-01,MEO,1.7314292045508877,0.34019018398868905,0.30617116558982016,0.374209202387558
2024-01-03 21:30:00,MEO-01,MEO,1.035059777975914,0.28135354430008824,0.25321818987007944,0.3094888987300971
2024-01-03 21:45:00,MEO-01,MEO,0.9433134713151086,0.2627905238186744,0.23651147143680698,0.28906957620054186
2024-01-03 22:00:00,MEO-01,MEO,0.8120279149238196,0.18782641177608073,0.16904377059847267,0.2066090529536888
2024-01-03 22:15:00,MEO-01,MEO,1.0031135003337581,0.17732067898179277,0.1595886110836135,0.19505274687997207
2024-01-03 22:30:00,MEO-01,MEO,-0.08488902058673642,0.1708042874651681,0.1537238587186513,0.18788471621168493
2024-01-03 22:45:00,MEO-01,MEO,0.374834966632962,0.23110476899647714,0.20799429209682943,0.2542152458961249
2024-01-03 23:00:00,MEO-01,MEO,-0.036980563102176345,0.1245080137585356,0.11205721238268204,0.13695881513438918
2024-01-03 23:15:00,MEO-01,MEO,0.008109961388136022,0.01957441857053302,0.01761697671347972,0.021531860427586324
2024-01-03 23:30:00,MEO-01,MEO,-0.3075342536754099,0.24411847316962532,0.2197066258526628,0.26853032048658787
2024-01-03 23:45:00,MEO-01,MEO,-0.5333249691135473,0.10263302364539298,0.09236972128085369,0.11289632600993228
2024-01-04 00:00:00,MEO-01,MEO,-0.29946457061666276,0.19154769287242282,0.17239292358518055,0.21070246215966512
2024-01-04 00:15:00,MEO-01,MEO,-0.2829537751133099,0.2681601469035654,0.24134413221320886,0.2949761615939219
2024-01-04 00:30:00,MEO-01,MEO,-0.12295969452814592,0.2935703200012406,0.26421328800111654,0.3229273520013647
2024-01-04 00:45:00,MEO-01,MEO,-0.2500764897712371,0.41854450607437166,0.3766900554669345,0.46039895668180886
2024-01-04 01:00:00,MEO-01,MEO,-0.24080586766552392,0.43011441584650706,0.38710297426185636,0.4731258574311578
2024-01-04 01:15:00,MEO-01,MEO,-0.29052604843683094,0.3900535626931846,0.35104820642386614,0.4290589189625031
2024-01-04 01:30:00,MEO-01,MEO,0.5250489961784434,0.705683220497565,0.6351148984478086,0.7762515425473216
2024-01-04 01:45:00,MEO-01,MEO,0.6746208905698446,0.6234659346005869,0.5611193411405282,0.6858125280606456
2024-01-04 02:00:00,MEO-01,MEO,0.599010058568362,0.6754696557953608,0.6079226902158247,0.7430166213748969
2024-01-04 02:15:00,MEO-01,MEO,0.9965716710020305,0.8452124486876516,0.7606912038188864,0.9297336935564168
2024-01-04 02:30:00,MEO-01,MEO,1.319531031938023,0.8690615424870144,0.782155388238313,0.9559676967357159
2024-01-04 02:45:00,MEO-01,MEO,1.3798067673450847,0.960875039853162,0.8647875358678458,1.0569625438384782
2024-01-04 03:00:00,MEO-01,MEO,1.8647406358834409,1.2056459592731568,1.0850813633458412,1.3262105552004726
2024-01-04 03:15:00,MEO-01,MEO,2.103492938581369,1.0578207111911273,0.9520386400720146,1.1636027823102402
2024-01-04 03:30:00,MEO-01,MEO,2.595746839877806,1.1229796607311808,1.0106816946580628,1.235277626804299
2024-01-04 03:45:00,MEO-01,MEO,2.815307336823,1.2201793949139568,1.0981614554225612,1.3421973344053526
2024-01-04 04:00:00,MEO-01,MEO,2.878826418150188,1.3518856721144723,1.216697104903025,1.4870742393259198
2024-01-04 04:15:00,MEO-01,MEO,4.056872561888124,1.192910076093043,1.0736190684837386,1.3122010837023472
2024-01-04 04:30:00,MEO-01,MEO,4.105992707929562,1.1946498786085225,1.0751848907476702,1.3141148664693747
2024-01-04 04:45:00,MEO-01,MEO,3.812085250581348,1.3339665497684787,1.2005698947916308,1.4673632047453267
2024-01-04 05:00:00,MEO-01,MEO,4.25813467856274,1.2693911271876712,1.142452014468904,1.3963302399064386
2024-01-04 05:15:00,MEO-01,MEO,4.444191785463886,1.3751322371126034,1.237619013401343,1.5126454608238638
2024-01-04 05:30:00,MEO-01,MEO,4.7519868438909825,1.4480676695264354,1.3032609025737918,1.592874436479079
2024-01-04 05:45:00,MEO-01,MEO,4.327153376768414,1.325158115126677,1.1926423036140092,1.4576739266393448
2024-01-04 06:00:00,MEO-01,MEO,4.84486657612183,1.2608643246215019,1.1347778921593517,1.3869507570836521
2024-01-04 06:15:00,MEO-01,MEO,4.437243218286095,1.3496030436530728,1.2146427392877657,1.4845633480183802
2024-01-04 06:30:00,MEO-01,MEO,4.205527985043623,1.3731328085636987,1.235819527707329,1.5104460894200686
2024-01-04 06:45:00,MEO-01,MEO,4.649886181518724,1.120360318228867,1.0083242864059805,1.2323963500517539
2024-01-04 07:00:00,MEO-01,MEO,4.686792196048503,1.2660302823315912,1.139427254098432,1.3926333105647504
2024-01-04 07:15:00,MEO-01,MEO,4.874614780728201,1.2038695413316645,1.083482587198498,1.324256495464831
2024-01-04 07:30:00,MEO-01,MEO,3.762459478393517,1.1476094549551954,1.032848509459676,1.262370400450715
2024-01-04 07:45:00,MEO-01,MEO,4.046515513790661,1.0974775722764574,0.9877298150488116,1.207225329504103
2024-01-04 08:00:00,MEO-01,MEO,3.5572235259465304,1.102060171927288,0.9918541547345592,1.2122661891200168
2024-01-04 08:15:00,MEO-01,MEO,3.626107830324391,0.821807672406219,0.7396269051655971,0.903988439646841
2024-01-04 08:30:00,MEO-01,MEO,2.8204453985077214,0.7832912299919146,0.7049621069927231,0.8616203529911061
2024-01-04 08:45:00,MEO-01,MEO,2.6220871998857045,0.6666166305797858,0.5999549675218072,0.7332782936377644
2024-01-04 09:00:00,MEO-01,MEO,2.4902671183446836,0.6279929171123602,0.5651936254011242,0.6907922088235963
2024-01-04 09:15:00,MEO-01,MEO,2.4520500782400307,0.6821429711757167,0.613928674058145,0.7503572682932884
2024-01-04 09:30:00,MEO-01,MEO,2.026557252137248,0.3885793564686661,0.34972142082179947,0.4274372921155327
2024-01-04 09:45:00,MEO-01,MEO,2.1172542214296612,0.3700814789688389,0.333073331071955,0.40708962686572286
2024-01-04 10:00:00,MEO-01,MEO,1.9905102717214707,0.49906616360676964,0.4491595472460927,0.5489727799674466
2024-01-04 10:15:00,MEO-01,MEO,1.6848089268774218,0.4284637272576331,0.3856173545318698,0.47131009998339646
2024-01-04 10:30:00,MEO-01,MEO,1.764407700115742,0.2845862428010813,0.25612761852097315,0.31304486708118945
2024-01-04 10:45:00,MEO-01,MEO,1.3155387370734601,0.35818503240400823,0.3223665291636074,0.3940035356444091
2024-01-04 11:00:00,MEO-01,MEO,0.7892217229931859,0.3031984664787387,0.27287861983086487,0.3335183131266126
2024-01-04 11:15:00,MEO-01,MEO,1.3485235661996229,0.3921469060565637,0.35293221545090736,0.4313615966622201
2024-01-04 11:30:00,MEO-01,MEO,0.8047887936691528,0.28457427518053857,0.2561168476624847,0.31303170269859243
2024-01-04 11:45:00,MEO-01,MEO,1.1674272678906643,0.37735126566878596,0.33961613910190735,0.41508639223566457
2024-01-04 12:00:00,MEO-01,MEO,1.3528941836023205,0.533306742104587,0.4799760678941283,0.5866374163150457
2024-01-04 12:15:00,MEO-01,MEO,1.129065930382386,0.4059856209764899,0.3653870588788409,0.4465841830741389
2024-01-04 12:30:00,MEO-01,MEO,0.7313413800423639,0.4072482020169897,0.3665233818152907,0.4479730222186887
2024-01-04 12:45:00,MEO-01,MEO,0.9999963100633443,0.5145063633147162,0.4630557269832446,0.5659569996461878
2024-01-04 13:00:00,MEO-01,MEO,1.7161040306300794,0.488272157943163,0.43944494214884666,0.5370993737374793
2024-01-04 13:15:00,MEO-01,MEO,1.5281509620750122,0.775696207735316,0.6981265869617844,0.8532658285088477
2024-01-04 13:30:00,MEO-01,MEO,1.8013981599728783,0.6715043918182948,0.6043539526364653,0.7386548310001243
2024-01-04 13:45:00,MEO-01,MEO,2.204780049636994,0.7117850541398671,0.6406065487258804,0.7829635595538539
2024-01-04 14:00:00,MEO-01,MEO,2.0157505042648034,0.7461022157478583,0.6714919941730725,0.8207124373226442
2024-01-04 14:15:00,MEO-01,MEO,2.1776436066901024,0.981576492396105,0.8834188431564945,1.0797341416357156
2024-01-04 14:30:00,MEO-01,MEO,2.3316378572011853,1.0441809220632117,0.9397628298568905,1.148599014269533
2024-01-04 14:45:00,MEO-01,MEO,2.5862915888841433,1.0148488969292766,0.9133640072363489,1.1163337866222043
2024-01-04 15:00:00,MEO-01,MEO,3.1594735513502665,1.1780878092192797,1.0602790282973518,1.2958965901412078
2024-01-04 15:15:00,MEO-01,MEO,3.358885494619758,1.0848464102188864,0.9763617691969978,1.193331051240775
2024-01-04 15:30:00,MEO-01,MEO,3.421743453697561,1.288898640482809,1.1600087764345282,1.41778850453109
2024-01-04 15:45:00,MEO-01,MEO,4.007523668533998,1.3727740843434764,1.2354966759091288,1.5100514927778241
2024-01-04 16:00:00,MEO-01,MEO,3.9365126699330646,1.5284512442571088,1.375606119831398,1.6812963686828197
2024-01-04 16:15:00,MEO-01,MEO,3.964280802978736,1.3774677565143638,1.2397209808629275,1.5152145321658004
2024-01-04 16:30:00,MEO-01,MEO,4.168707139510256,1.3753266018468413,1.2377939416621573,1.5128592620315255
2024-01-04 16:45:00,MEO-01,MEO,4.264469839849909,1.4350019967684713,1.2915017970916243,1.5785021964453185
2024-01-04 17:00:00,MEO-01,MEO,4.558337092582012,1.4188799461116048,1.2769919515004444,1.5607679407227655
2024-01-04 17:15:00,MEO-01,MEO,5.016417058698142,1.6417517957597574,1.4775766161837818,1.8059269753357332
2024-01-04 17:30:00,MEO-01,MEO,4.550799410305737,1.6574592996623994,1.4917133696961595,1.8232052296286394
2024-01-04 17:45:00,MEO-01,MEO,4.804726935545739,1.5477358126711496,1.3929622314040346,1.7025093939382647
2024-01-04 18:00:00,MEO-01,MEO,4.55997317757573,1.5984145086432053,1.438573057778885,1.758255959507526
2024-01-04 18:15:00,MEO-01,MEO,4.586821653936347,1.480473203386648,1.3324258830479832,1.6285205237253129
2024-01-04 18:30:00,MEO-01,MEO,4.164227414246309,1.4222208602028057,1.2799987741825252,1.5644429462230864
2024-01-04 18:45:00,MEO-01,MEO,4.340040427252142,1.3550156460102794,1.2195140814092515,1.4905172106113074
2024-01-04 19:00:00,MEO-01,MEO,4.165917156249973,1.3012808733812917,1.1711527860431625,1.431408960719421
2024-01-04 19:15:00,MEO-01,MEO,4.13703335444765,1.1403613827522603,1.0263252444770343,1.2543975210274865
2024-01-04 19:30:00,MEO-01,MEO,3.8171078141526826,1.2181234900956406,1.0963111410860766,1.3399358391052048
2024-01-04 19:45:00,MEO-01,MEO,3.1964703428691537,1.1224729044939792,1.0102256140445813,1.2347201949433773
2024-01-04 20:00:00,MEO-01,MEO,3.481524708884869,1.111228378105133,1.0001055402946197,1.2223512159156464
2024-01-04 20:15:00,MEO-01,MEO,2.961610951036925,0.9834773782352165,0.8851296404116948,1.0818251160587382
2024-01-04 20:30:00,MEO-01,MEO,2.6461545909381,0.887209669684543,0.7984887027160886,0.9759306366529973
2024-01-04 20:45:00,MEO-01,MEO,2.2757504713736574,0.7559367250634019,0.6803430525570617,0.8315303975697422
2024-01-04 21:00:00,MEO-01,MEO,1.8291896094809585,0.7593074907020207,0.6833767416318187,0.8352382397722229
2024-01-04 21:15:00,MEO-01,MEO,1.697910350260111,0.7442725434144927,0.6698452890730434,0.818699797755942
2024-01-04 21:30:00,MEO-01,MEO,1.4565345615869627,0.5304138581207984,0.4773724723087186,0.5834552439328783
2024-01-04 21:45:00,MEO-01,MEO,0.609395804396385,0.5716638152609255,0.5144974337348329,0.628830196787018
2024-01-04 22:00:00,MEO-01,MEO,0.3283104628879069,0.5332355870331478,0.479912028329833,0.5865591457364626
2024-01-04 22:15:00,MEO-01,MEO,0.1502510977854865,0.41511608624039126,0.3736044776163521,0.45662769486443044
2024-01-04 22:30:00,MEO-01,MEO,0.056535850871989535,0.3923087323781918,0.35307785914037265,0.431539605616011
2024-01-04 22:45:00,MEO-01,MEO,0.1004494422375185,0.43398220244003205,0.39058398219602886,0.4773804226840353
2024-01-04 23:00:00,MEO-01,MEO,-0.5469635087088945,0.3109279798403505,0.27983518185631545,0.34202077782438556
2024-01-04 23:15:00,MEO-01,MEO,-0.5979072836946133,0.4258192967808203,0.3832373671027383,0.46840122645890236
2024-01-04 23:30:00,MEO-01,MEO,-0.682238251748987,0.3326856200060453,0.2994170580054408,0.36595418200664986
2024-01-04 23:45:00,MEO-01,MEO,-0.7951678586790201,0.506029454226022,0.4554265088034198,0.5566323996486242
2024-01-05 00:00:00,MEO-01,MEO,-0.681605740512638,0.6346724711206256,0.5712052240085631,0.6981397182326883
2024-01-05 00:15:00,MEO-01,MEO,-0.3614873281603015,0.41497760666092925,0.37347984599483636,0.4564753673270222
2024-01-05 00:30:00,MEO-01,MEO,-0.737059161071739,0.5717390399677602,0.5145651359709842,0.6289129439645362
2024-01-05 00:45:00,MEO-01,MEO,-0.24742308340592917,0.5242717143308604,0.4718445428977744,0.5766988857639465
2024-01-05 01:00:00,MEO-01,MEO,-0.6239522706077221,0.7264714227276778,0.65382428045491,0.7991185650004456
2024-01-05 01:15:00,MEO-01,MEO,-0.14879015005898819,0.609138580790908,0.5482247227118172,0.6700524388699989
2024-01-05 01:30:00,MEO-01,MEO,0.13020700282153064,0.8212461117012212,0.739121500531099,0.9033707228713433
2024-01-05 01:45:00,MEO-01,MEO,0.8797370869197877,0.7894810646311481,0.7105329581680333,0.868429171094263
2024-01-05 02:00:00,MEO-01,MEO,0.6641287893285878,0.9220990312459758,0.8298891281213783,1.0143089343705736
2024-01-05 02:15:00,MEO-01,MEO,0.47327786969586383,0.9370173172801854,0.8433155855521669,1.030719049008204
2024-01-05 02:30:00,MEO-01,MEO,0.8288721569429934,1.1662944289330368,1.0496649860397331,1.2829238718263405
2024-01-05 02:45:00,MEO-01,MEO,1.6514339206597817,1.1133792805116172,1.0020413524604554,1.2247172085627789
2024-01-05 03:00:00,MEO-01,MEO,2.114977597714624,1.3018293045804163,1.1716463741223748,1.432012235038458
2024-01-05 03:15:00,MEO-01,MEO,2.37318814092221,1.3037035076393164,1.1733331568753849,1.4340738584032482
2024-01-05 03:30:00,MEO-01,MEO,2.633132768032477,1.3906436669574351,1.2515793002616917,1.5297080336531788
2024-01-05 03:45:00,MEO-01,MEO,3.1829202595142303,1.4740745109937383,1.3266670598943646,1.6214819620931122
2024-01-05 04:00:00,MEO-01,MEO,3.0430534919150003,1.456619347984047,1.3109574131856423,1.6022812827824517
2024-01-05 04:15:00,MEO-01,MEO,3.6673262919848693,1.581663092040312,1.423496782836281,1.7398294012443434
2024-01-05 04:30:00,MEO-01,MEO,3.2772274526480722,1.725722039523764,1.5531498355713877,1.8982942434761405
2024-01-05 04:45:00,MEO-01,MEO,3.6729767964592406,1.5700891130002406,1.4130802017002166,1.7270980243002647
2024-01-05 05:00:00,MEO-01,MEO,3.6306426293988068,1.7452506998230901,1.5707256298407812,1.9197757698053992
2024-01-05 05:15:00,MEO-01,MEO,4.163487836573544,1.780367480042446,1.6023307320382014,1.958404228046691
2024-01-05 05:30:00,MEO-01,MEO,4.335023724613457,1.5939762191626166,1.434578597246355,1.7533738410788784
2024-01-05 05:45:00,MEO-01,MEO,4.4527036552224875,1.5314145802523822,1.378273122227144,1.6845560382776206
2024-01-05 06:00:00,MEO-01,MEO,4.479684367080432,1.6505682472265206,1.4855114225038686,1.8156250719491729
2024-01-05 06:15:00,MEO-01,MEO,4.234704860367322,1.5516643933432657,1.396497954008939,1.7068308326775923
2024-01-05 06:30:00,MEO-01,MEO,4.3843070237148964,1.705018511776294,1.5345166605986647,1.8755203629539234
2024-01-05 06:45:00,MEO-01,MEO,3.9868640232710857,1.510143720998951,1.359129348899056,1.6611580930988463
2024-01-05 07:00:00,MEO-01,MEO,4.597283482533384,1.387636662273067,1.2488729960457603,1.5264003285003738
2024-01-05 07:15:00,MEO-01,MEO,4.044104667853446,1.2981132086004266,1.168301887740384,1.4279245294604694
2024-01-05 07:30:00,MEO-01,MEO,3.8325429136375724,1.4098759679587003,1.2688883711628303,1.5508635647545705
2024-01-05 07:45:00,MEO-01,MEO,4.161394323363909,1.2057053616087563,1.0851348254478808,1.326275897769632
2024-01-05 08:00:00,MEO-01,MEO,3.570016111821552,1.1808062863601259,1.0627256577241133,1.2988869149961386
2024-01-05 08:15:00,MEO-01,MEO,3.3697752824993374,1.1781601803535149,1.0603441623181635,1.2959761983888665
2024-01-05 08:30:00,MEO-01,MEO,3.1349166134123263,0.9871857598799882,0.8884671838919894,1.0859043358679872
2024-01-05 08:45:00,MEO-01,MEO,3.1417157066994084,0.9476583233891838,0.8528924910502654,1.0424241557281022
2024-01-05 09:00:00,MEO-01,MEO,3.013047639859637,0.8779102211948625,0.7901191990753763,0.9657012433143488
2024-01-05 09:15:00,MEO-01,MEO,2.8381318421664026,0.8655799880948679,0.7790219892853811,0.9521379869043548
2024-01-05 09:30:00,MEO-01,MEO,3.050730306459512,0.7948409864727144,0.7153568878254429,0.8743250851199859
2024-01-05 09:45:00,MEO-01,MEO,1.6110364302150506,0.6727572786904674,0.6054815508214207,0.7400330065595142
2024-01-05 10:00:00,MEO-01,MEO,2.1068744227520404,0.6453845380548975,0.5808460842494078,0.7099229918603873
2024-01-05 10:15:00,MEO-01,MEO,1.6165358067369597,0.5685194102323555,0.51166746920912,0.6253713512555912
2024-01-05 10:30:00,MEO-01,MEO,1.4340109112922645,0.4468287064416605,0.40214583579749447,0.4915115770858266
2024-01-05 10:45:00,MEO-01,MEO,1.2775429559600888,0.5618418653549696,0.5056576788194727,0.6180260518904667
2024-01-05 11:00:00,MEO-01,MEO,1.0871573911901629,0.6786774643947894,0.6108097179553105,0.7465452108342684
2024-01-05 11:15:00,MEO-01,MEO,1.649714554779834,0.4528283305299683,0.4075454974769715,0.49811116358296514
2024-01-05 11:30:00,MEO-01,MEO,1.3875560926380612,0.4681720553549489,0.421354849819454,0.5149892608904438
2024-01-05 11:45:00,MEO-01,MEO,1.166525545922548,0.47704339927624845,0.4293390593486236,0.5247477392038733
2024-01-05 12:00:00,MEO-01,MEO,1.7267951958647325,0.631314056011794,0.5681826504106147,0.6944454616129735
2024-01-05 12:15:00,MEO-01,MEO,1.0663423146545061,0.6454174493571763,0.5808757044214586,0.709959194292894
2024-01-05 12:30:00,MEO-01,MEO,1.2022854287802338,0.6420198578088538,0.5778178720279685,0.7062218435897393
2024-01-05 12:45:00,MEO-01,MEO,1.114638046921559,0.6346700040146889,0.57120300361322,0.6981370044161578
2024-01-05 13:00:00,MEO-01,MEO,1.6401449071574128,0.776285694379436,0.6986571249414923,0.8539142638173797
2024-01-05 13:15:00,MEO-01,MEO,2.040436893441343,0.7108899455552413,0.6398009509997172,0.7819789401107655
2024-01-05 13:30:00,MEO-01,MEO,2.23680004899986,0.9199737585999839,0.8279763827399855,1.0119711344599824
2024-01-05 13:45:00,MEO-01,MEO,2.4819900516404996,1.054742595093711,0.94926833558434,1.1602168546030822
2024-01-05 14:00:00,MEO-01,MEO,1.884305908490527,0.9642623296675393,0.8678360967007854,1.0606885626342935
2024-01-05 14:15:00,MEO-01,MEO,2.704132666759553,1.0225983393699851,0.9203385054329867,1.1248581733069838
2024-01-05 14:30:00,MEO-01,MEO,2.839112157078363,1.3525618848213494,1.2173056963392146,1.4878180733034845
2024-01-05 14:45:00,MEO-01,MEO,3.2431225981960274,1.2570973999308013,1.1313876599377213,1.3828071399238815
2024-01-05 15:00:00,MEO-01,MEO,2.8672086281422278,1.47424845373376,1.326823608360384,1.621673299107136
2024-01-05 15:15:00,MEO-01,MEO,3.693766154064569,1.444611998908857,1.3001507990179715,1.5890731987997428
2024-01-05 15:30:00,MEO-01,MEO,3.5845274713849378,1.5125455335704185,1.3612909802133768,1.6638000869274605
2024-01-05 15:45:00,MEO-01,MEO,4.033065104660208,1.6230275165858468,1.460724764927262,1.7853302682444316
2024-01-05 16:00:00,MEO-01,MEO,4.1763916276412285,1.5725458754014265,1.415291287861284,1.7298004629415693
2024-01-05 16:15:00,MEO-01,MEO,4.273998952392925,1.7011339566610792,1.5310205609949714,1.8712473523271873
2024-01-05 16:30:00,MEO-01,MEO,4.219594023557872,1.6984765834138678,1.528628925072481,1.8683242417552546
2024-01-05 16:45:00,MEO-01,MEO,4.584752542240059,1.6523976826188405,1.4871579143569564,1.8176374508807247
2024-01-05 17:00:00,MEO-01,MEO,4.317584972188634,1.8042049165636793,1.6237844249073115,1.9846254082200474
2024-01-05 17:15:00,MEO-01,MEO,5.069582042355278,1.7651555070375742,1.5886399563338167,1.9416710577413319
2024-01-05 17:30:00,MEO-01,MEO,4.774781404955913,1.7724070942336678,1.595166384810301,1.9496478036570348
2024-01-05 17:45:00,MEO-01,MEO,5.111274685621652,1.6767065354108772,1.5090358818697895,1.8443771889519651
2024-01-05 18:00:00,MEO-01,MEO,4.666541796475186,1.879423866858188,1.6914814801723692,2.067366253544007
2024-01-05 18:15:00,MEO-01,MEO,4.595034121419172,1.7912945922998873,1.6121651330698985,1.970424051529876
2024-01-05 18:30:00,MEO-01,MEO,4.424720224849786,1.758363187201399,1.582526868481259,1.934199505921539
2024-01-05 18:45:00,MEO-01,MEO,4.6882476717311645,1.6086240037880173,1.4477616034092156,1.7694864041668192
2024-01-05 19:00:00,MEO-01,MEO,4.111014916135705,1.439178445979992,1.2952606013819927,1.5830962905779913
2024-01-05 19:15:00,MEO-01,MEO,4.237139430809143,1.671819822304916,1.5046378400744245,1.839001804535408
2024-01-05 19:30:00,MEO-01,MEO,3.739703690688128,1.4434962328153527,1.2991466095338173,1.587845856096888
2024-01-05 19:45:00,MEO-01,MEO,3.076106753400886,1.3171965580782714,1.1854769022704443,1.4489162138860987
2024-01-05 20:00:00,MEO-01,MEO,3.1419258351939776,1.336344570586321,1.202710113527689,1.4699790276449534
2024-01-05 20:15:00,MEO-01,MEO,2.688287341657342,1.3207660860091648,1.1886894774082484,1.4528426946100814
2024-01-05 20:30:00,MEO-01,MEO,2.679061096830942,1.149782845772006,1.0348045611948056,1.2647611303492068
2024-01-05 20:45:00,MEO-01,MEO,2.054473330067966,1.1793191053479393,1.0613871948131455,1.2972510158827333
2024-01-05 21:00:00,MEO-01,MEO,2.2641519507317964,1.091576151286402,0.9824185361577618,1.2007337664150421
2024-01-05 21:15:00,MEO-01,MEO,1.6947200045012831,0.8505039944058039,0.7654535949652236,0.9355543938463844
2024-01-05 21:30:00,MEO-01,MEO,1.3672676581817274,0.8193786934035144,0.737440824063163,0.901316562743866
2024-01-05 21:45:00,MEO-01,MEO,1.284121965946281,0.8926698124776165,0.8034028312298548,0.9819367937253782
2024-01-05 22:00:00,MEO-01,MEO,1.0886457342181592,0.5489840702547254,0.49408566322925285,0.603882477280198
2024-01-05 22:15:00,MEO-01,MEO,0.5936314809187199,0.712005737925422,0.6408051641328798,0.7832063117179643
2024-01-05 22:30:00,MEO-01,MEO,0.18436145303586915,0.57627166508963,0.5186444985806671,0.6338988315985931
2024-01-05 22:45:00,MEO-01,MEO,-0.25670238479753726,0.6288099548728228,0.5659289593855406,0.6916909503601051
2024-01-05 23:00:00,MEO-01,MEO,-0.14087241584374532,0.6290969786301925,0.5661872807671733,0.6920066764932119
2024-01-05 23:15:00,MEO-01,MEO,-0.24305155517740007,0.6205667737770368,0.5585100963993331,0.6826234511547405
2024-01-05 23:30:00,MEO-01,MEO,-0.14267203236451953,0.6115339941785402,0.5503805947606861,0.6726873935963942
2024-01-05 23:45:00,MEO-01,MEO,-0.29640435296264134,0.5846305912618269,0.5261675321356443,0.6430936503880097
2024-01-06 00:00:00,MEO-01,MEO,-0.03815754524696646,0.8824000772838247,0.7941600695554423,0.9706400850122073
2024-01-06 00:15:00,MEO-01,MEO,-0.322765372500221,0.8846360355787491,0.7961724320208743,0.9730996391366241
2024-01-06 00:30:00,MEO-01,MEO,-0.10319225046914454,0.6874380698060494,0.6186942628254445,0.7561818767866544
2024-01-06 00:45:00,MEO-01,MEO,0.32628850707981594,0.9603813312744756,0.864343198147028,1.0564194644019231
2024-01-06 01:00:00,MEO-01,MEO,0.271647918860361,0.862638774034798,0.7763748966313183,0.9489026514382779
2024-01-06 01:15:00,MEO-01,MEO,0.36120329210414914,0.972095175833023,0.8748856582497206,1.0693046934163253
2024-01-06 01:30:00,MEO-01,MEO,0.44676154586696903,1.0291381786840152,0.9262243608156138,1.132051996552417
2024-01-06 01:45:00,MEO-01,MEO,0.6873826479872759,1.0579412151307472,0.9521470936176726,1.1637353366438221
2024-01-06 02:00:00,MEO-01,MEO,0.43401504932758095,1.268766910311101,1.141890219279991,1.3956436013422113
2024-01-06 02:15:00,MEO-01,MEO,0.8021760186616915,1.2809711861868707,1.1528740675681837,1.409068304805558
2024-01-06 02:30:00,MEO-01,MEO,1.4313498403932083,1.3137832018526057,1.1824048816673451,1.4451615220378664
2024-01-06 02:45:00,MEO-01,MEO,1.5012934532988846,1.3273714778115187,1.1946343300303668,1.4601086255926707
2024-01-06 03:00:00,MEO-01,MEO,1.5379306134706803,1.4375854871851126,1.2938269384666015,1.581344035903624
2024-01-06 03:15:00,MEO-01,MEO,2.63520549682915,1.4513218651008997,1.3061896785908098,1.5964540516109897
2024-01-06 03:30:00,MEO-01,MEO,2.5850705364173434,1.652180265023326,1.4869622385209933,1.8173982915256586
2024-01-06 03:45:00,MEO-01,MEO,2.45445850705833,1.6179217154677414,1.4561295439209674,1.7797138870145157
2024-01-06 04:00:00,MEO-01,MEO,2.9813280623379015,1.74772140516404,1.572949264647636,1.9224935456804442
2024-01-06 04:15:00,MEO-01,MEO,3.385159245734105,1.9258427956946413,1.7332585161251772,2.1184270752641057
2024-01-06 04:30:00,MEO-01,MEO,4.025218194277857,1.9506401646579081,1.7555761481921173,2.145704181123699
2024-01-06 04:45:00,MEO-01,MEO,3.5360246371778645,1.8811554687874168,1.6930399219086751,2.0692710156661587
2024-01-06 05:00:00,MEO-01,MEO,4.240252155019572,1.8959400347184991,1.7063460312466492,2.085534038190349
2024-01-06 05:15:00,MEO-01,MEO,4.495909765532903,2.0623105577658722,1.856079501989285,2.26854161354246
2024-01-06 05:30:00,MEO-01,MEO,4.10326444971022,1.952330032362326,1.7570970291260934,2.1475630355985587
2024-01-06 05:45:00,MEO-01,MEO,4.268638874499625,1.8729953563182733,1.685695820686446,2.0602948919501007
2024-01-06 06:00:00,MEO-01,MEO,4.1189752140640294,1.7637308502919131,1.5873577652627218,1.9401039353211047
2024-01-06 06:15:00,MEO-01,MEO,4.329566904849001,1.8783677770665594,1.6905309993599036,2.0662045547732157
2024-01-06 06:30:00,MEO-01,MEO,4.336558738281294,1.8732770804986514,1.6859493724487862,2.060604788548517
2024-01-06 06:45:00,MEO-01,MEO,4.439977186991942,1.708227920246642,1.5374051282219778,1.8790507122713063
2024-01-06 07:00:00,MEO-01,MEO,4.442861103554251,1.726509759775689,1.5538587837981201,1.899160735753258
2024-01-06 07:15:00,MEO-01,MEO,3.8468261669713684,1.6122010303369336,1.4509809273032404,1.7734211333706271
2024-01-06 07:30:00,MEO-01,MEO,3.3767721743908217,1.5593619037442823,1.403425713369854,1.7152980941187106
2024-01-06 07:45:00,MEO-01,MEO,3.6726870434826644,1.3037752393792776,1.17339771544135,1.4341527633172055
2024-01-06 08:00:00,MEO-01,MEO,3.9062119079988493,1.4109583945547697,1.2698625550992928,1.5520542340102468
2024-01-06 08:15:00,MEO-01,MEO,3.665776263226407,1.4306464293859251,1.2875817864473327,1.5737110723245178
2024-01-06 08:30:00,MEO-01,MEO,3.279553163050036,1.2268151480378988,1.104133633234109,1.349496662841689
2024-01-06 08:45:00,MEO-01,MEO,3.1421213573381066,1.2069356635943949,1.0862420972349554,1.3276292299538344
2024-01-06 09:00:00,MEO-01,MEO,3.23625071483613,1.0701605618940793,0.9631445057046714,1.1771766180834873
2024-01-06 09:15:00,MEO-01,MEO,2.700896297675399,1.0911502857257709,0.9820352571531938,1.2002653142983482
2024-01-06 09:30:00,MEO-01,MEO,2.266639151132842,0.9816605082777665,0.8834944574499899,1.0798265591055431
2024-01-06 09:45:00,MEO-01,MEO,2.0005948697890705,0.8666279783850619,0.7799651805465557,0.9532907762235682
2024-01-06 10:00:00,MEO-01,MEO,1.8644772163493215,0.9982976549971523,0.8984678894974371,1.0981274204968676
2024-01-06 10:15:00,MEO-01,MEO,2.1172532206355057,0.9239772166855803,0.8315794950170223,1.0163749383541385
2024-01-06 10:30:00,MEO-01,MEO,1.4870393014307473,0.7680460823297324,0.6912414740967592,0.8448506905627057
2024-01-06 10:45:00,MEO-01,MEO,1.379787182191209,0.8324577859653101,0.749212007368779,0.9157035645618411
2024-01-06 11:00:00,MEO-01,MEO,1.1460211964559082,0.8216960082025431,0.7395264073822888,0.9038656090227974
2024-01-06 11:15:00,MEO-01,MEO,1.4555789657872946,0.8263108850349157,0.7436797965314241,0.9089419735384073
2024-01-06 11:30:00,MEO-01,MEO,1.6191908548685814,0.6458748848923274,0.5812873964030947,0.7104623733815602
2024-01-06 11:45:00,MEO-01,MEO,1.225629593938879,0.8786310687391274,0.7907679618652147,0.9664941756130403
2024-01-06 12:00:00,MEO-01,MEO,1.1533075440216622,0.7791717211286572,0.7012545490157914,0.8570888932415229
2024-01-06 12:15:00,MEO-01,MEO,1.1972433246051004,0.8323133027949258,0.7490819725154332,0.9155446330744185
2024-01-06 12:30:00,MEO-01,MEO,0.6824580747488488,1.1171343378317546,1.0054209040485793,1.2288477716149302
2024-01-06 12:45:00,MEO-01,MEO,1.5889907563737626,0.9836623238522583,0.8852960914670325,1.0820285562374843
2024-01-06 13:00:00,MEO-01,MEO,1.5921132065195054,0.9893906774612329,0.8904516097151096,1.0883297452073561
2024-01-06 13:15:00,MEO-01,MEO,1.850670834762655,0.9110370903704013,0.8199333813333611,1.0021407994074414
2024-01-06 13:30:00,MEO-01,MEO,1.7767929163281804,1.2710816884158649,1.1439735195742784,1.3981898572574516
2024-01-06 13:45:00,MEO-01,MEO,2.092113414463602,1.1288047949907645,1.0159243154916882,1.241685274489841
2024-01-06 14:00:00,MEO-01,MEO,2.3375567814120464,1.2354840727670373,1.1119356654903336,1.3590324800437412
2024-01-06 14:15:00,MEO-01,MEO,2.9619926264051135,1.3700925420380983,1.2330832878342886,1.5071017962419082
2024-01-06 14:30:00,MEO-01,MEO,2.8877582176486305,1.590920721270548,1.4318286491434933,1.750012793397603
2024-01-06 14:45:00,MEO-01,MEO,3.7837670076377847,1.619298294473197,1.4573684650258774,1.781228123920517
2024-01-06 15:00:00,MEO-01,MEO,3.6513576765743068,1.6221465497198015,1.4599318947478215,1.7843612046917818
2024-01-06 15:15:00,MEO-01,MEO,3.50021567364698,1.7329961016645534,1.5596964914980982,1.9062957118310089
2024-01-06 15:30:00,MEO-01,MEO,4.052575107332163,1.7288719879448116,1.5559847891503304,1.901759186739293
2024-01-06 15:45:00,MEO-01,MEO,4.172720036539738,1.8505277202401085,1.6654749482160978,2.0355804922641196
2024-01-06 16:00:00,MEO-01,MEO,4.215040244174906,1.900533647972161,1.710480283174945,2.0905870127693773
2024-01-06 16:15:00,MEO-01,MEO,5.371928744505161,2.0194367012847017,1.8174930311562316,2.221380371413172
2024-01-06 16:30:00,MEO-01,MEO,5.329100112705483,2.0577709108436797,1.8519938197593118,2.263548001928048
2024-01-06 16:45:00,MEO-01,MEO,5.437321541316567,2.0489562731164632,1.844060645804817,2.25385190042811
2024-01-06 17:00:00,MEO-01,MEO,5.462655174722244,1.9996194704306467,1.799657523387582,2.1995814174737114
2024-01-06 17:15:00,MEO-01,MEO,5.157346259855374,2.0969668395877856,1.887270155629007,2.3066635235465642
2024-01-06 17:30:00,MEO-01,MEO,5.426033583588897,2.029012527661769,1.8261112748955923,2.2319137804279463
2024-01-06 17:45:00,MEO-01,MEO,5.762917851901604,1.9383671858357276,1.7445304672521549,2.1322039044193004
2024-01-06 18:00:00,MEO-01,MEO,5.197434838543067,1.9712497385330572,1.7741247646797516,2.1683747123863633
2024-01-06 18:15:00,MEO-01,MEO,4.755050917197611,1.9793205405405125,1.7813884864864613,2.177252594594564
2024-01-06 18:30:00,MEO-01,MEO,5.2210555473035125,2.005448903609589,1.80490401324863,2.205993793970548
2024-01-06 18:45:00,MEO-01,MEO,5.095829928040509,1.8697782506595484,1.6828004255935936,2.0567560757255032
2024-01-06 19:00:00,MEO-01,MEO,4.984328687310998,1.7321781046898659,1.5589602942208793,1.9053959151588526
2024-01-06 19:15:00,MEO-01,MEO,4.920185361323455,1.7715266908182619,1.5943740217364357,1.9486793599000882
2024-01-06 19:30:00,MEO-01,MEO,4.656783370902722,1.7088614411091072,1.5379752969981966,1.879747585220018
2024-01-06 19:45:00,MEO-01,MEO,4.29685515742427,1.6433684765208645,1.4790316288687781,1.807705324172951
2024-01-06 20:00:00,MEO-01,MEO,4.570760729324752,1.627991090352795,1.4651919813175156,1.7907901993880746
2024-01-06 20:15:00,MEO-01,MEO,3.5906954802072057,1.5603112066248612,1.4042800859623752,1.7163423272873475
2024-01-06 20:30:00,MEO-01,MEO,3.7841043996921857,1.3554909449170787,1.2199418504253707,1.4910400394087866
2024-01-06 20:45:00,MEO-01,MEO,3.49608338498327,1.2791425397176344,1.1512282857458709,1.4070567936893978
2024-01-06 21:00:00,MEO-01,MEO,2.7101411341955277,1.1731211837773754,1.055809065399638,1.290433302155113
2024-01-06 21:15:00,MEO-01,MEO,2.3291448475814236,1.2439206674691752,1.1195286007222578,1.3683127342160928
2024-01-06 21:30:00,MEO-01,MEO,2.212554655414992,1.2405884349720584,1.1165295914748525,1.3646472784692643
2024-01-06 21:45:00,MEO-01,MEO,1.9421371010330426,1.04226120963129,0.938035088668161,1.146487330594419
2024-01-06 22:00:00,MEO-01,MEO,2.4264949037865913,0.9980795546303296,0.8982715991672967,1.0978875100933627
2024-01-06 22:15:00,MEO-01,MEO,1.8354925101501491,1.0927057223793075,0.9834351501413768,1.2019762946172383
2024-01-06 22:30:00,MEO-01,MEO,1.5535454355646805,0.982583713925573,0.8843253425330156,1.0808420853181304
2024-01-06 22:45:00,MEO-01,MEO,1.4243526222686258,0.9532340398203553,0.8579106358383197,1.0485574438023908
2024-01-06 23:00:00,MEO-01,MEO,1.7007691441653923,0.8091301897233992,0.7282171707510593,0.8900432086957393
2024-01-06 23:15:00,MEO-01,MEO,1.3049833872906182,0.9549254940007593,0.8594329446006834,1.0504180434008354
2024-01-06 23:30:00,MEO-01,MEO,1.1762218852599604,0.8327849115555377,0.7495064203999839,0.9160634027110915
2024-01-06 23:45:00,MEO-01,MEO,1.152852029858392,0.8330813928061037,0.7497732535254934,0.9163895320867141
2024-01-07 00:00:00,MEO-01,MEO,1.5033453325335966,0.9227063742457614,0.8304357368211853,1.0149770116703376
2024-01-07 00:15:00,MEO-01,MEO,1.0336585508784295,0.939776581818714,0.8457989236368426,1.0337542400005855
2024-01-07 00:30:00,MEO-01,MEO,1.630416151190916,1.0140762843245223,0.9126686558920701,1.1154839127569747
2024-01-07 00:45:00,MEO-01,MEO,1.4733867582227584,0.969934384856965,0.8729409463712685,1.0669278233426616
2024-01-07 01:00:00,MEO-01,MEO,1.536557807089571,1.2227022422388083,1.1004320180149274,1.3449724664626892
2024-01-07 01:15:00,MEO-01,MEO,2.3919088392216494,1.3033760059765684,1.1730384053789116,1.4337136065742253
2024-01-07 01:30:00,MEO-01,MEO,1.7238088211129026,1.1298136219932715,1.0168322597939443,1.2427949841925987
2024-01-07 01:45:00,MEO-01,MEO,2.1477400944860565,1.4403986553331567,1.296358789799841,1.5844385208664724
2024-01-07 02:00:00,MEO-01,MEO,2.1998609214122813,1.3766173568856472,1.2389556211970825,1.514279092574212
2024-01-07 02:15:00,MEO-01,MEO,3.0368435963792044,1.5908592311481375,1.431773308033324,1.7499451542629514
2024-01-07 02:30:00,MEO-01,MEO,3.5260309827577623,1.5978325207455997,1.4380492686710398,1.7576157728201598
2024-01-07 02:45:00,MEO-01,MEO,3.835546585110825,1.6854416028908046,1.516897442601724,1.8539857631798853
2024-01-07 03:00:00,MEO-01,MEO,4.042661437740168,1.745666200777705,1.5710995806999346,1.9202328208554758
2024-01-07 03:15:00,MEO-01,MEO,4.005058425252926,1.9310035351365145,1.737903181622863,2.124103888650166
2024-01-07 03:30:00,MEO-01,MEO,4.275069362896304,1.8034362645968784,1.6230926381371906,1.9837798910565665
2024-01-07 03:45:00,MEO-01,MEO,4.249702282700819,2.013683114398062,1.8123148029582559,2.2150514258378684
2024-01-07 04:00:00,MEO-01,MEO,5.462059046581299,2.108473583805461,1.8976262254249148,2.3193209421860073
2024-01-07 04:15:00,MEO-01,MEO,5.335982538201831,2.1249427782978128,1.9124485004680316,2.337437056127594
2024-01-07 04:30:00,MEO-01,MEO,5.337381313373856,2.2920730364188233,2.062865732776941,2.521280340060706
2024-01-07 04:45:00,MEO-01,MEO,6.006367342627038,2.0928228037464187,1.8835405233717768,2.302105084121061
2024-01-07 05:00:00,MEO-01,MEO,5.614351214628299,2.230892123066202,2.007802910759582,2.4539813353728226
2024-01-07 05:15:00,MEO-01,MEO,6.1089940359832005,2.154834267433646,1.9393508406902815,2.370317694177011
2024-01-07 05:30:00,MEO-01,MEO,6.0785711110438685,2.2607429532906114,2.0346686579615505,2.4868172486196727
2024-01-07 05:45:00,MEO-01,MEO,6.358986932822472,2.1500056778994536,1.9350051101095083,2.365006245689399
2024-01-07 06:00:00,MEO-01,MEO,6.223459509748657,2.098183161561318,1.888364845405186,2.3080014777174496
2024-01-07 06:15:00,MEO-01,MEO,5.879000585978987,2.202744620371879,1.9824701583346909,2.4230190824090667
2024-01-07 06:30:00,MEO-01,MEO,6.22590069367225,2.0190071480192766,1.817106433217349,2.2209078628212047
2024-01-07 06:45:00,MEO-01,MEO,6.398581091577905,1.8971429059444573,1.7074286153500116,2.086857196538903
2024-01-07 07:00:00,MEO-01,MEO,6.024311502973372,1.9132667131595156,1.721940041843564,2.1045933844754674
2024-01-07 07:15:00,MEO-01,MEO,6.088929332161767,1.942210454105987,1.7479894086953884,2.136431499516586
2024-01-07 07:30:00,MEO-01,MEO,5.468521437666523,1.9368485202559385,1.7431636682303446,2.1305333722815325
2024-01-07 07:45:00,MEO-01,MEO,5.532733408621955,1.7630922784567455,1.586783050611071,1.9394015063024204
2024-01-07 08:00:00,MEO-01,MEO,5.171059237541724,1.7855575966795427,1.6070018370115884,1.964113356347497
2024-01-07 08:15:00,MEO-01,MEO,5.284526377138527,1.4958438159238423,1.346259434331458,1.6454281975162266
2024-01-07 08:30:00,MEO-01,MEO,4.8634536913,1.4932671997465599,1.343940479771904,1.642593919721216
2024-01-07 08:45:00,MEO-01,MEO,4.777811077313481,1.43104846921361,1.2879436222922491,1.5741533161349712
2024-01-07 09:00:00,MEO-01,MEO,4.6236764450947385,1.3728727886804002,1.2355855098123603,1.5101600675484403
2024-01-07 09:15:00,MEO-01,MEO,4.272726725022323,1.3204434271311336,1.1883990844180203,1.452487769844247
2024-01-07 09:30:00,MEO-01,MEO,3.9226201917642007,1.3056561651207979,1.1750905486087182,1.4362217816328777
2024-01-07 09:45:00,MEO-01,MEO,3.3704505852424216,1.157583679034752,1.0418253111312767,1.2733420469382273
2024-01-07 10:00:00,MEO-01,MEO,3.4006031039092326,1.1542167569889608,1.0387950812900648,1.269638432687857
2024-01-07 10:15:00,MEO-01,MEO,3.0691549554810904,1.0974537488258478,0.987708373943263,1.2071991237084327
2024-01-07 10:30:00,MEO-01,MEO,2.9412078154434433,0.9937683555814629,0.8943915200233167,1.0931451911396093
2024-01-07 10:45:00,MEO-01,MEO,2.785461556441027,1.0349423105341415,0.9314480794807274,1.1384365415875557
2024-01-07 11:00:00,MEO-01,MEO,2.515977521301637,1.0186112100339126,0.9167500890305214,1.120472331037304
2024-01-07 11:15:00,MEO-01,MEO,2.185857804950501,1.0131212654825463,0.9118091389342917,1.1144333920308012
2024-01-07 11:30:00,MEO-01,MEO,2.4565551049076735,1.035357037547218,0.9318213337924963,1.13889274130194
2024-01-07 11:45:00,MEO-01,MEO,2.655680520369274,1.0555573531543567,0.9500016178389211,1.1611130884697924
2024-01-07 12:00:00,MEO-01,MEO,2.289929382525636,1.0415649482828975,0.9374084534546078,1.1457214431111873
2024-01-07 12:15:00,MEO-01,MEO,2.6863275012366508,1.2141576406366967,1.092741876573027,1.3355734047003665
2024-01-07 12:30:00,MEO-01,MEO,3.2479612038302283,1.0639462717634656,0.957551644587119,1.1703408989398123
2024-01-07 12:45:00,MEO-01,MEO,3.1528265049228055,1.153235769165748,1.0379121922491732,1.2685593460823228
2024-01-07 13:00:00,MEO-01,MEO,3.46381630560788,1.4940944898836597,1.3446850408952937,1.6435039388720258
2024-01-07 13:15:00,MEO-01,MEO,3.335726617137858,1.2558222562405037,1.1302400306164533,1.3814044818645541
2024-01-07 13:30:00,MEO-01,MEO,3.74089524640292,1.303001108172144,1.1727009973549296,1.4333012189893586
2024-01-07 13:45:00,MEO-01,MEO,3.501595777398104,1.5465806327043101,1.391922569433879,1.7012386959747412
2024-01-07 14:00:00,MEO-01,MEO,3.773587274589545,1.400990521193856,1.2608914690744704,1.5410895733132417
2024-01-07 14:15:00,MEO-01,MEO,3.5161611546596876,1.6291797376160995,1.4662617638544895,1.7920977113777095
2024-01-07 14:30:00,MEO-01,MEO,4.77334387111718,1.900674696389412,1.7106072267504708,2.0907421660283534
2024-01-07 14:45:00,MEO-01,MEO,5.142542247872507,1.6852451462164324,1.5167206315947892,1.8537696608380758
2024-01-07 15:00:00,MEO-01,MEO,4.899707086290931,1.7276173160966937,1.5548555844870244,1.9003790477063631
2024-01-07 15:15:00,MEO-01,MEO,5.250007737853834,1.8397991648656076,1.6558192483790468,2.0237790813521683
2024-01-07 15:30:00,MEO-01,MEO,5.3906054780295865,2.10017253329102,1.890155279961918,2.310189786620122
2024-01-07 15:45:00,MEO-01,MEO,5.925661530755416,2.1807384871225137,1.9626646384102624,2.3988123358347653
2024-01-07 16:00:00,MEO-01,MEO,6.343006887641652,2.1050605290803976,1.8945544761723578,2.3155665819884375
2024-01-07 16:15:00,MEO-01,MEO,5.8345059056923825,2.2479930263990475,2.023193723759143,2.4727923290389526
2024-01-07 16:30:00,MEO-01,MEO,6.553811999496974,2.3430180116982915,2.1087162105284625,2.577319812868121
2024-01-07 16:45:00,MEO-01,MEO,6.532989658597883,2.403826720143166,2.1634440481288495,2.644209392157483
2024-01-07 17:00:00,MEO-01,MEO,6.74779074732493,2.2603013769887164,2.0342712392898448,2.4863315146875884
2024-01-07 17:15:00,MEO-01,MEO,6.915737042132985,2.1049042430717453,1.8944138187645707,2.31539466737892
2024-01-07 17:30:00,MEO-01,MEO,6.79802514847048,2.2221006156140066,1.999890554052606,2.4443106771754075
2024-01-07 17:45:00,MEO-01,MEO,6.824713834540089,2.242176924186728,2.0179592317680553,2.466394616605401
2024-01-07 18:00:00,MEO-01,MEO,6.763679274694247,2.2341985826084296,2.0107787243475865,2.4576184408692727
2024-01-07 18:15:00,MEO-01,MEO,6.987480517301599,2.2089305542058373,1.9880374987852536,2.429823609626421
2024-01-07 18:30:00,MEO-01,MEO,6.739430259874817,2.2735441331996262,2.0461897198796635,2.500898546519589
2024-01-07 18:45:00,MEO-01,MEO,6.543323421575929,2.23781570301589,2.014034132714301,2.461597273317479
2024-01-07 19:00:00,MEO-01,MEO,5.989608123528465,2.0665810337238204,1.8599229303514384,2.2732391370962026
2024-01-07 19:15:00,MEO-01,MEO,6.0003189852357455,2.106267070687431,1.8956403636186878,2.316893777756174
2024-01-07 19:30:00,MEO-01,MEO,6.078957428523958,1.9797987916838469,1.7818189125154622,2.1777786708522315
2024-01-07 19:45:00,MEO-01,MEO,5.598495069988485,1.8850628684864188,1.696556581637777,2.073569155335061
2024-01-07 20:00:00,MEO-01,MEO,5.468360567871591,1.8783258260940066,1.6904932434846058,2.0661584087034073
2024-01-07 20:15:00,MEO-01,MEO,5.443665693663675,1.7359784357254717,1.5623805921529246,1.909576279298019
2024-01-07 20:30:00,MEO-01,MEO,4.9492102815462395,1.8190536333241933,1.637148269991774,2.000958996656613
2024-01-07 20:45:00,MEO-01,MEO,4.394338196745201,1.4647620474667538,1.3182858427200783,1.6112382522134292
2024-01-07 21:00:00,MEO-01,MEO,3.9238842313378886,1.4665243331752207,1.3198718998576986,1.6131767664927428
2024-01-07 21:15:00,MEO-01,MEO,3.098074918909279,1.4292948265391898,1.286365343885271,1.572224309193109
2024-01-07 21:30:00,MEO-01,MEO,3.3885437745869114,1.4112399659904493,1.2701159693914044,1.5523639625894943
2024-01-07 21:45:00,MEO-01,MEO,3.057619155878885,1.4203055272810197,1.2782749745529178,1.5623360800091217
2024-01-07 22:00:00,MEO-01,MEO,2.9642338976317495,1.2668430388782053,1.1401587349903848,1.393527342766026
2024-01-07 22:15:00,MEO-01,MEO,2.5791532104511727,1.1129856703156618,1.0016871032840957,1.224284237347228
2024-01-07 22:30:00,MEO-01,MEO,2.3160386113976816,1.2609411218335378,1.1348470096501841,1.3870352340168917
2024-01-07 22:45:00,MEO-01,MEO,1.7609136349373822,1.2301328091763966,1.107119528258757,1.3531460900940364
2024-01-07 23:00:00,MEO-01,MEO,1.8146214144612447,1.0004557418997135,0.9004101677097422,1.100501316089685
2024-01-07 23:15:00,MEO-01,MEO,2.0493876150184405,1.1517238422135105,1.0365514579921595,1.2668962264348618
2024-01-07 23:30:00,MEO-01,MEO,2.2785138605042907,1.031305396790662,0.9281748571115959,1.1344359364697283
2024-01-07 23:45:00,MEO-01,MEO,1.7844743697191694,1.1220318443295039,1.0098286598965536,1.2342350287624544
2024-01-08 00:00:00,MEO-01,MEO,1.8907853284674174,1.1296243106788428,1.0166618796109586,1.2425867417467271
2024-01-08 00:15:00,MEO-01,MEO,2.0875733328893684,1.3027821000027404,1.1725038900024665,1.4330603100030146
2024-01-08 00:30:00,MEO-01,MEO,1.7273179055277486,1.2925515982578684,1.1632964384320816,1.4218067580836553
2024-01-08 00:45:00,MEO-01,MEO,2.140968505435664,1.2337665600072445,1.1103899040065202,1.357143216007969
2024-01-08 01:00:00,MEO-01,MEO,2.0200424371222887,1.46780313920675,1.3210228252860752,1.6145834531274252
2024-01-08 01:15:00,MEO-01,MEO,2.6113921354827516,1.3498575609497494,1.2148718048547744,1.4848433170447244
2024-01-08 01:30:00,MEO-01,MEO,2.654071766672405,1.5634110476109804,1.4070699428498823,1.7197521523720785
2024-01-08 01:45:00,MEO-01,MEO,2.9392767989950883,1.5484021017852765,1.393561891606749,1.7032423119638043
2024-01-08 02:00:00,MEO-01,MEO,2.940821392970584,1.6636064051177126,1.4972457646059414,1.829967045629484
2024-01-08 02:15:00,MEO-01,MEO,3.603988504769747,1.8140437724813452,1.6326393952332108,1.9954481497294798
2024-01-08 02:30:00,MEO-01,MEO,4.253414290774518,1.8964251165324435,1.7067826048791992,2.086067628185688
2024-01-08 02:45:00,MEO-01,MEO,3.7945902770245334,2.0414980080975695,1.8373482072878127,2.245647808907327
2024-01-08 03:00:00,MEO-01,MEO,4.280236808663706,2.0052946412064547,1.8047651770858093,2.2058241053271006
2024-01-08 03:15:00,MEO-01,MEO,4.740867721865861,2.109950192283671,1.898955173055304,2.3209452115120386
2024-01-08 03:30:00,MEO-01,MEO,5.191483471389608,2.1189852442552963,1.9070867198297667,2.330883768680826
2024-01-08 03:45:00,MEO-01,MEO,5.15611046562392,2.2310160023578596,2.007914402122074,2.4541176025936458
2024-01-08 04:00:00,MEO-01,MEO,4.841093632329636,2.306926978903741,2.076234281013367,2.5376196767941153
2024-01-08 04:15:00,MEO-01,MEO,6.154795934285221,2.3111717085069983,2.0800545376562987,2.5422888793576983
2024-01-08 04:30:00,MEO-01,MEO,6.246757611566761,2.213198008994318,1.9918782080948862,2.43451780989375
2024-01-08 04:45:00,MEO-01,MEO,5.83487677983813,2.4130571409196344,2.171751426827671,2.654362855011598
2024-01-08 05:00:00,MEO-01,MEO,6.301910687952911,2.4348735798959247,2.1913862219063325,2.6783609378855173
2024-01-08 05:15:00,MEO-01,MEO,6.99564467688885,2.360308564601892,2.1242777081417032,2.5963394210620816
2024-01-08 05:30:00,MEO-01,MEO,7.0799380413105535,2.310720428745364,2.0796483858708275,2.5417924716199005
2024-01-08 05:45:00,MEO-01,MEO,7.030238195601635,2.5200920540462497,2.2680828486416247,2.7721012594508747
2024-01-08 06:00:00,MEO-01,MEO,6.7915853281347225,2.4199297894306357,2.177936810487572,2.6619227683736995
2024-01-08 06:15:00,MEO-01,MEO,6.858739955539423,2.331333286037185,2.0981999574334664,2.5644666146409034
2024-01-08 06:30:00,MEO-01,MEO,6.77053569130271,2.2187703969377606,1.9968933572439846,2.440647436631537
2024-01-08 06:45:00,MEO-01,MEO,7.014685544005775,2.195816704831563,1.9762350343484067,2.4153983753147195
2024-01-08 07:00:00,MEO-01,MEO,6.408915544892593,2.310222620005089,2.0792003580045804,2.541244882005598
2024-01-08 07:15:00,MEO-01,MEO,6.28996118012293,2.1551016980971096,1.9395915282873988,2.370611867906821
2024-01-08 07:30:00,MEO-01,MEO,6.578732997873561,2.032839379217691,1.829555441295922,2.2361233171394606
2024-01-08 07:45:00,MEO-01,MEO,6.124468785141029,2.046377991379766,1.8417401922417893,2.2510157905177426
2024-01-08 08:00:00,MEO-01,MEO,6.268064232256846,1.866350900753892,1.6797158106785028,2.0529859908292813
2024-01-08 08:15:00,MEO-01,MEO,5.526163657446715,1.9759661765132486,1.7783695588619237,2.1735627941645737
2024-01-08 08:30:00,MEO-01,MEO,5.438146752729296,1.888353244172499,1.6995179197552492,2.077188568589749
2024-01-08 08:45:00,MEO-01,MEO,4.97094995409784,1.668209477338485,1.5013885296046365,1.8350304250723337
2024-01-08 09:00:00,MEO-01,MEO,4.9498500509906656,1.5831448475645016,1.4248303628080514,1.741459332320952
2024-01-08 09:15:00,MEO-01,MEO,4.326445889071804,1.3556661446245117,1.2200995301620605,1.491232759086963
2024-01-08 09:30:00,MEO-01,MEO,4.32869277003155,1.3832577512540816,1.2449319761286735,1.52158352637949
2024-01-08 09:45:00,MEO-01,MEO,3.857200725717745,1.3374115685405394,1.2036704116864856,1.4711527253945935
2024-01-08 10:00:00,MEO-01,MEO,4.171040981953274,1.4053106137604703,1.2647795523844232,1.5458416751365174
2024-01-08 10:15:00,MEO-01,MEO,3.977835433004463,1.3263658081452316,1.1937292273307085,1.459002388959755
2024-01-08 10:30:00,MEO-01,MEO,3.1909186640779152,1.2116136333483043,1.090452270013474,1.3327749966831348
2024-01-08 10:45:00,MEO-01,MEO,3.8088270725832327,1.2729434467122605,1.1456491020410344,1.4002377913834867
2024-01-08 11:00:00,MEO-01,MEO,3.981573238681663,1.3219318686862387,1.1897386818176148,1.4541250555548626
2024-01-08 11:15:00,MEO-01,MEO,3.2829545909975844,1.3199557831248054,1.187960204812325,1.451951361437286
2024-01-08 11:30:00,MEO-01,MEO,3.0595728440129593,1.132243583000759,1.019019224700683,1.245467941300835
2024-01-08 11:45:00,MEO-01,MEO,3.9096788472184967,1.2906433159153474,1.1615789843238127,1.4197076475068824
2024-01-08 12:00:00,MEO-01,MEO,2.8613515240205416,1.2168822249025235,1.0951940024122713,1.338570447392776
2024-01-08 12:15:00,MEO-01,MEO,3.2515535635496784,1.4358796821389859,1.2922917139250873,1.5794676503528846
2024-01-08 12:30:00,MEO-01,MEO,3.3819196706241286,1.4716373598567551,1.3244736238710797,1.6188010958424308
2024-01-08 12:45:00,MEO-01,MEO,3.7974692759365096,1.3904721241861513,1.2514249117675362,1.5295193366047666
2024-01-08 13:00:00,MEO-01,MEO,3.7069856768231215,1.4618147082025181,1.3156332373822663,1.6079961790227701
2024-01-08 13:15:00,MEO-01,MEO,3.677406178671202,1.5533611250485384,1.3980250125436846,1.7086972375533924
2024-01-08 13:30:00,MEO-01,MEO,3.775341702772979,1.4824789350191858,1.3342310415172673,1.6307268285211045
2024-01-08 13:45:00,MEO-01,MEO,4.161251509667203,1.7661008714282354,1.5894907842854118,1.9427109585710591
2024-01-08 14:00:00,MEO-01,MEO,4.2470605058224145,1.7967334702373234,1.617060123213591,1.976406817261056
2024-01-08 14:15:00,MEO-01,MEO,4.777022540853885,1.9770165814680913,1.7793149233212822,2.1747182396149007
2024-01-08 14:30:00,MEO-01,MEO,4.899878462355143,1.8925368893950567,1.7032832004555511,2.0817905783345627
2024-01-08 14:45:00,MEO-01,MEO,4.948071809308758,2.0107111085774783,1.8096399977197304,2.2117822194352263
2024-01-08 15:00:00,MEO-01,MEO,5.915907849435105,2.0170533787614215,1.8153480408852793,2.2187587166375637
2024-01-08 15:15:00,MEO-01,MEO,5.753197538309542,2.1307913403914513,1.9177122063523062,2.3438704744305965
2024-01-08 15:30:00,MEO-01,MEO,5.8261568099221845,2.1851461325865786,1.966631519327921,2.4036607458452366
2024-01-08 15:45:00,MEO-01,MEO,6.352053363977817,2.4218351682801327,2.1796516514521196,2.664018685108146
2024-01-08 16:00:00,MEO-01,MEO,6.642986647521416,2.3416076093873355,2.107446848448602,2.5757683703260694
2024-01-08 16:15:00,MEO-01,MEO,6.397702222481544,2.454671013307299,2.2092039119765694,2.700138114638029
2024-01-08 16:30:00,MEO-01,MEO,7.098484288331511,2.452737437637156,2.20746369387344,2.6980111814008714
2024-01-08 16:45:00,MEO-01,MEO,6.904488214068749,2.4106827101565207,2.1696144391408687,2.651750981172173
2024-01-08 17:00:00,MEO-01,MEO,7.711319356344613,2.5179450900781415,2.2661505810703275,2.769739599085956
2024-01-08 17:15:00,MEO-01,MEO,7.496098674447262,2.5883511714832004,2.3295160543348805,2.8471862886315207
2024-01-08 17:30:00,MEO-01,MEO,7.309220765350017,2.442551102452082,2.198295992206874,2.6868062126972903
2024-01-08 17:45:00,MEO-01,MEO,7.2284386100258535,2.5924512074888257,2.3332060867399433,2.8516963282377086
2024-01-08 18:00:00,MEO-01,MEO,7.707465030047534,2.4383369370652535,2.1945032433587284,2.682170630771779
2024-01-08 18:15:00,MEO-01,MEO,7.814658042605885,2.4367215166494764,2.193049364984529,2.6803936683144243
2024-01-08 18:30:00,MEO-01,MEO,7.544925628052193,2.47788813965475,2.230099325689275,2.7256769536202254
2024-01-08 18:45:00,MEO-01,MEO,7.350446725712926,2.3341874607520987,2.1007687146768887,2.5676062068273087
2024-01-08 19:00:00,MEO-01,MEO,7.238497516861566,2.3347218392334477,2.1012496553101028,2.5681940231567926
2024-01-08 19:15:00,MEO-01,MEO,6.860558078585331,2.2446139387490063,2.020152544874106,2.469075332623907
2024-01-08 19:30:00,MEO-01,MEO,6.68504754708391,2.2129362473384258,1.9916426226045831,2.4342298720722684
2024-01-08 19:45:00,MEO-01,MEO,5.984181707336788,1.9408441866643023,1.7467597679978721,2.1349286053307326
2024-01-08 20:00:00,MEO-01,MEO,6.463468148542933,1.9108286727573316,1.7197458054815984,2.101911540033065
2024-01-08 20:15:00,MEO-01,MEO,5.993296079017742,2.030876556798954,1.827788901119059,2.23396421247885
2024-01-08 20:30:00,MEO-01,MEO,5.412753693591247,1.9888041760570736,1.7899237584513663,2.187684593662781
2024-01-08 20:45:00,MEO-01,MEO,5.762291248014646,1.758396928976574,1.5825572360789166,1.9342366218742315
2024-01-08 21:00:00,MEO-01,MEO,4.9899445343404505,1.73961666137766,1.5656549952398942,1.9135783275154261
2024-01-08 21:15:00,MEO-01,MEO,4.393985315284954,1.7143948029764513,1.5429553226788062,1.8858342832740966
2024-01-08 21:30:00,MEO-01,MEO,4.561383250928275,1.6829420833352753,1.5146478750017478,1.851236291668803
2024-01-08 21:45:00,MEO-01,MEO,4.155193224315947,1.4080554310278732,1.267249887925086,1.5488609741306607
2024-01-08 22:00:00,MEO-01,MEO,3.6991014522091956,1.4493126289475962,1.3043813660528365,1.5942438918423558
2024-01-08 22:15:00,MEO-01,MEO,3.245004722837182,1.4515586163369367,1.306402754703243,1.5967144779706306
2024-01-08 22:30:00,MEO-01,MEO,3.242572914006647,1.5011921503447934,1.3510729353103141,1.6513113653792728
2024-01-08 22:45:00,MEO-01,MEO,2.874137901814168,1.62101147103153,1.458910323928377,1.783112618134683
2024-01-08 23:00:00,MEO-01,MEO,2.9224128414654404,1.3889649009540557,1.2500684108586502,1.5278613910494614
2024-01-08 23:15:00,MEO-01,MEO,2.1878028481208758,1.2908709003876238,1.1617838103488614,1.4199579904263862
2024-01-08 23:30:00,MEO-01,MEO,2.474882693781546,1.442099113869959,1.2978892024829631,1.5863090252569552
2024-01-08 23:45:00,MEO-01,MEO,2.973208596912858,1.532284519741694,1.3790560677675248,1.6855129717158637
2024-01-01 00:00:00,MEO-02,MEO,1.1155561688678985,0.5654316025606309,0.5088884423045678,0.621974762816694
2024-01-01 00:15:00,MEO-02,MEO,1.2118726118857717,0.5349373037670031,0.4814435733903028,0.5884310341437035
2024-01-01 00:30:00,MEO-02,MEO,1.703886508775747,0.6129356036506546,0.5516420432855892,0.6742291640157201
2024-01-01 00:45:00,MEO-02,MEO,0.8050615260590563,0.6188098003592979,0.5569288203233681,0.6806907803952277
2024-01-01 01:00:00,MEO-02,MEO,1.4883491198559882,0.6496267738042217,0.5846640964237996,0.714589451184644
2024-01-01 01:15:00,MEO-02,MEO,1.969396784571872,0.6897952257805823,0.6208157032025241,0.7587747483586406
2024-01-01 01:30:00,MEO-02,MEO,1.700500992575031,0.5122305873526976,0.46100752861742783,0.5634536460879673
2024-01-01 01:45:00,MEO-02,MEO,1.846878425694819,0.5988058268137345,0.5389252441323611,0.658686409495108
2024-01-01 02:00:00,MEO-02,MEO,0.9525372708452308,0.4588431306273761,0.4129588175646385,0.5047274436901137
2024-01-01 02:15:00,MEO-02,MEO,1.054950838147044,0.2760311424402799,0.2484280281962519,0.3036342566843079
2024-01-01 02:30:00,MEO-02,MEO,1.373905317240044,0.4791727967014685,0.43125551703132164,0.5270900763716154
2024-01-01 02:45:00,MEO-02,MEO,1.490812929445022,0.4513613073810511,0.406225176642946,0.49649743811915625
2024-01-01 03:00:00,MEO-02,MEO,0.6562928544815572,0.24808279894592838,0.22327451905133555,0.2728910788405212
2024-01-01 03:15:00,MEO-02,MEO,0.666933873066912,0.13194994023296236,0.11875494620966613,0.1451449342562586
2024-01-01 03:30:00,MEO-02,MEO,0.6737632757478541,0.027795765268196174,0.025016188741376556,0.030575341795015795
2024-01-01 03:45:00,MEO-02,MEO,0.010694683260817794,-0.06299891510865123,-0.056699023597786107,-0.06929880661951636
2024-01-01 04:00:00,MEO-02,MEO,0.2993721998679306,-0.0032094755643590905,-0.0028885280079231817,-0.003530423120795
2024-01-01 04:15:00,MEO-02,MEO,-0.70623065796217,-0.17310084179987587,-0.15579075761988828,-0.19041092597986348
2024-01-01 04:30:00,MEO-02,MEO,-0.11796845600859718,-0.1056510460822849,-0.09508594147405641,-0.1162161506905134
2024-01-01 04:45:00,MEO-02,MEO,-0.6870916109283493,-0.2996063798497712,-0.26964574186479406,-0.32956701783474834
2024-01-01 05:00:00,MEO-02,MEO,-0.7373081941819646,-0.3920680649638852,-0.35286125846749666,-0.43127487146027377
2024-01-01 05:15:00,MEO-02,MEO,-0.6357219556546608,-0.456704182095451,-0.4110337638859059,-0.5023746003049961
2024-01-01 05:30:00,MEO-02,MEO,-0.842997062409127,-0.5095537496126235,-0.4585983746513611,-0.5605091245738858
2024-01-01 05:45:00,MEO-02,MEO,-1.0926905110928942,-0.4415572290000306,-0.39740150610002756,-0.48571295190003366
2024-01-01 06:00:00,MEO-02,MEO,-0.9613737980245773,-0.6094475014802339,-0.5485027513322105,-0.6703922516282573
2024-01-01 06:15:00,MEO-02,MEO,-1.716354342382397,-0.5846728728615631,-0.5262055855754069,-0.6431401601477195
2024-01-01 06:30:00,MEO-02,MEO,-1.300744002295964,-0.41640487755196426,-0.37476438979676785,-0.4580453653071607
2024-01-01 06:45:00,MEO-02,MEO,-1.5813837061761928,-0.5916197317413638,-0.5324577585672274,-0.6507817049155002
2024-01-01 07:00:00,MEO-02,MEO,-1.156876035258048,-0.4289369340854845,-0.3860432406769361,-0.471830627494033
2024-01-01 07:15:00,MEO-02,MEO,-1.1873157174940097,-0.6357420464695216,-0.5721678418225694,-0.6993162511164738
2024-01-01 07:30:00,MEO-02,MEO,-1.121228124180653,-0.31790737891451537,-0.28611664102306383,-0.34969811680596696
2024-01-01 07:45:00,MEO-02,MEO,-0.8046350494078456,-0.48978996998561863,-0.4408109729870568,-0.5387689669841805
2024-01-01 08:00:00,MEO-02,MEO,-1.2122767812223247,-0.4043154579368561,-0.3638839121431705,-0.4447470037305417
2024-01-01 08:15:00,MEO-02,MEO,-1.3929662326473866,-0.2184568822658211,-0.196611194039239,-0.24030257049240322
2024-01-01 08:30:00,MEO-02,MEO,-1.1895288852707644,-0.1835778999694688,-0.16522010997252193,-0.2019356899664157
2024-01-01 08:45:00,MEO-02,MEO,-0.8529732424845126,-0.06069060774308983,-0.054621546968780854,-0.06675966851739883
2024-01-01 09:00:00,MEO-02,MEO,-0.7644812644275965,-0.1575790934092955,-0.14182118406836594,-0.17333700275022507
2024-01-01 09:15:00,MEO-02,MEO,-0.40213182708457385,0.0014936300417135555,0.0013442670375422,0.0016429930458849112
2024-01-01 09:30:00,MEO-02,MEO,-0.9040308984402008,0.056298987284349934,0.05066908855591494,0.061928886012784935
2024-01-01 09:45:00,MEO-02,MEO,0.363836627508357,0.09820959603495916,0.08838863643146325,0.10803055563845508
2024-01-01 10:00:00,MEO-02,MEO,0.15317309701510906,0.3148472030697567,0.28336248276278103,0.3463319233767324
2024-01-01 10:15:00,MEO-02,MEO,-0.023234340737865233,0.42024113729124607,0.37821702356212145,0.4622652510203707
2024-01-01 10:30:00,MEO-02,MEO,0.39455677815626344,0.39166318050001675,0.3524968624500151,0.43082949855001845
2024-01-01 10:45:00,MEO-02,MEO,0.32347269728993366,0.6092267322959044,0.548304059066314,0.6701494055254948
2024-01-01 11:00:00,MEO-02,MEO,0.8043563586461456,0.48720697533056434,0.43848627779750793,0.5359276728636209
2024-01-01 11:15:00,MEO-02,MEO,1.2470922563767042,0.7254284026110083,0.6528855623499075,0.7979712428721092
2024-01-01 11:30:00,MEO-02,MEO,1.8482633256646364,0.6979546675499708,0.6281592007949738,0.767750134304968
2024-01-01 11:45:00,MEO-02,MEO,1.7372414849023565,0.5936908084894723,0.5343217276405251,0.6530598893384196
2024-01-01 12:00:00,MEO-02,MEO,1.9521520451447305,0.8792654709078785,0.7913389238170907,0.9671920179986665
2024-01-01 12:15:00,MEO-02,MEO,1.7233454238180748,0.7044713762237657,0.6340242386013891,0.7749185138461423
2024-01-01 12:30:00,MEO-02,MEO,1.885176430273967,0.8455648197075042,0.7610083377367538,0.9301213016782547
2024-01-01 12:45:00,MEO-02,MEO,1.9582917125650847,0.7596678377835875,0.6837010540052287,0.8356346215619463
2024-01-01 13:00:00,MEO-02,MEO,1.990830697978236,0.7666369551893568,0.6899732596704211,0.8433006507082925
2024-01-01 13:15:00,MEO-02,MEO,2.0700170061742713,0.7874941816120786,0.7087447634508708,0.8662435997732866
2024-01-01 13:30:00,MEO-02,MEO,2.0477517503568516,0.7522471829040462,0.6770224646136417,0.8274719011944509
2024-01-01 13:45:00,MEO-02,MEO,1.9597975840712811,0.6174326519062016,0.5556893867155814,0.6791759170968218
2024-01-01 14:00:00,MEO-02,MEO,1.797044343999678,0.6393383684613387,0.5754045316152049,0.7032722053074727
2024-01-01 14:15:00,MEO-02,MEO,1.8683583091874716,0.5779816469626969,0.5201834822664273,0.6357798116589667
2024-01-01 14:30:00,MEO-02,MEO,1.5996298449705082,0.4968330254780551,0.44714972293024957,0.5465163280258606
2024-01-01 14:45:00,MEO-02,MEO,1.0994697386406238,0.39653006695581194,0.35687706026023075,0.4361830736513932
2024-01-01 15:00:00,MEO-02,MEO,1.3065384214641873,0.3587172649904582,0.3228455384914124,0.39458899148950405
2024-01-01 15:15:00,MEO-02,MEO,1.0510943692699684,0.4254074004082152,0.38286666036739364,0.4679481404490367
2024-01-01 15:30:00,MEO-02,MEO,0.4540776109235962,0.16914297954533758,0.15222868159080383,0.18605727749987136
2024-01-01 15:45:00,MEO-02,MEO,0.46003834334228577,0.21388091366755294,0.19249282230079764,0.23526900503430825
2024-01-01 16:00:00,MEO-02,MEO,0.32677438241290957,-0.006399492096363264,-0.005759542886726938,-0.0070394413059995916
2024-01-01 16:15:00,MEO-02,MEO,-0.35530992952182777,-0.09898715810872748,-0.08908844229785473,-0.10888587391960024
2024-01-01 16:30:00,MEO-02,MEO,-0.6280849825063933,0.16578271538028722,0.1492044438422585,0.18236098691831595
2024-01-01 16:45:00,MEO-02,MEO,-0.6386737263836053,-0.11595643968385058,-0.10436079571546553,-0.12755208365223564
2024-01-01 17:00:00,MEO-02,MEO,-0.6312429474161105,-0.17044225495372956,-0.1533980294583566,-0.18748648044910252
2024-01-01 17:15:00,MEO-02,MEO,-0.5497452253123974,-0.21774492555466174,-0.19597043299919556,-0.23951941811012792
2024-01-01 17:30:00,MEO-02,MEO,-1.035229762993942,-0.19423548863318235,-0.17481193976986412,-0.21365903749650061
2024-01-01 17:45:00,MEO-02,MEO,-1.1054355613924847,-0.30682709630997945,-0.2761443866789815,-0.3375098059409774
2024-01-01 18:00:00,MEO-02,MEO,-1.442800381911849,-0.297353285653903,-0.2676179570885127,-0.32708861421929336
2024-01-01 18:15:00,MEO-02,MEO,-1.8272527042183797,-0.46065433882207,-0.414588904939863,-0.506719772704277
2024-01-01 18:30:00,MEO-02,MEO,-1.5911684193992701,-0.3004126070065792,-0.27037134630592125,-0.3304538677072371
2024-01-01 18:45:00,MEO-02,MEO,-1.8436787629926252,-0.3909596338852941,-0.3518636704967647,-0.43005559727382353
2024-01-01 19:00:00,MEO-02,MEO,-1.7651948065958982,-0.300976931636221,-0.2708792384725989,-0.3310746247998432
2024-01-01 19:15:00,MEO-02,MEO,-2.1015915866553367,-0.4646737002919172,-0.41820633026272547,-0.5111410703211089
2024-01-01 19:30:00,MEO-02,MEO,-1.7225451295194176,-0.24026297726625112,-0.21623667953962603,-0.26428927499287624
2024-01-01 19:45:00,MEO-02,MEO,-1.8123130562986782,-0.4242861336122863,-0.3818575202510577,-0.46671474697351495
2024-01-01 20:00:00,MEO-02,MEO,-1.6373918502060105,-0.21304019846065386,-0.19173617861458847,-0.23434421830671925
2024-01-01 20:15:00,MEO-02,MEO,-1.601019581120763,-0.2660914181435805,-0.23948227632922245,-0.2927005599579386
2024-01-01 20:30:00,MEO-02,MEO,-1.5071286615133666,-0.011330614972955642,-0.010197553475660079,-0.012463676470251208
2024-01-01 20:45:00,MEO-02,MEO,-1.1507082392823824,0.01648898549651061,0.014840086946859551,0.018137884046161675
2024-01-01 21:00:00,MEO-02,MEO,-1.1862736230498563,0.026255922321203454,0.02363033008908311,0.0288815145533238
2024-01-01 21:15:00,MEO-02,MEO,-1.2767964206668059,0.28242770402429795,0.25418493362186817,0.3106704744267278
2024-01-01 21:30:00,MEO-02,MEO,-1.1284722580191096,0.17716892210762944,0.1594520298968665,0.1948858143183924
2024-01-01 21:45:00,MEO-02,MEO,-0.3834223688308214,0.08776619092106094,0.07898957182895486,0.09654281001316704
2024-01-01 22:00:00,MEO-02,MEO,-0.30394641818316653,0.45150320673045463,0.40635288605740916,0.49665352740350016
2024-01-01 22:15:00,MEO-02,MEO,-0.384079190852127,0.34670612164270154,0.3120355094784314,0.38137673380697173
2024-01-01 22:30:00,MEO-02,MEO,0.3141088590153436,0.49264870309550796,0.44338383278595717,0.5419135734050587
2024-01-01 22:45:00,MEO-02,MEO,0.49825282829500817,0.5892591001501836,0.5303331901351652,0.648185010165202
2024-01-01 23:00:00,MEO-02,MEO,0.622160162875789,0.5793804826582665,0.5214424343924399,0.6373185309240932
2024-01-01 23:15:00,MEO-02,MEO,1.0215028512661957,0.7092898074285023,0.6383608266856521,0.7802187881713526
2024-01-01 23:30:00,MEO-02,MEO,1.4852383937746945,0.6837899894220334,0.6154109904798301,0.7521689883642368
2024-01-01 23:45:00,MEO-02,MEO,1.655029449533148,0.8478038357712318,0.7630234521941086,0.932584219348355
2024-01-02 00:00:00,MEO-02,MEO,1.5251640320117152,0.7656809067142045,0.6891128160427841,0.8422489973856251
2024-01-02 00:15:00,MEO-02,MEO,1.598876965788714,0.8856782884147238,0.7971104595732514,0.9742461172561964
2024-01-02 00:30:00,MEO-02,MEO,1.763812949699997,0.9853530145131596,0.8868177130618436,1.0838883159644757
2024-01-02 00:45:00,MEO-02,MEO,1.8779201834457937,0.9538427272857046,0.8584584545571342,1.0492270000142752
2024-01-02 01:00:00,MEO-02,MEO,1.780814976303407,0.8733817994949987,0.7860436195454988,0.9607199794444987
2024-01-02 01:15:00,MEO-02,MEO,1.9091573990077921,0.7795356513322229,0.7015820861990006,0.8574892164654453
2024-01-02 01:30:00,MEO-02,MEO,1.4601571355384717,0.8405502550534473,0.7564952295481026,0.9246052805587921
2024-01-02 01:45:00,MEO-02,MEO,1.8328748846829654,0.7323838446318264,0.6591454601686437,0.805622229095009
2024-01-02 02:00:00,MEO-02,MEO,1.8626739327723505,0.7561319951154887,0.6805187956039398,0.8317451946270377
2024-01-02 02:15:00,MEO-02,MEO,1.5254237088059606,0.5474678393036916,0.49272105537332245,0.6022146232340608
2024-01-02 02:30:00,MEO-02,MEO,1.5038961692901403,0.6875660116428826,0.6188094104785943,0.7563226128071708
2024-01-02 02:45:00,MEO-02,MEO,1.1076499842485594,0.5586897123363559,0.5028207411027203,0.6145586835699915
2024-01-02 03:00:00,MEO-02,MEO,0.9113945612461501,0.6617104103687681,0.5955393693318913,0.727881451405645
2024-01-02 03:15:00,MEO-02,MEO,1.0989491365265764,0.5157260552930782,0.46415344976377043,0.5672986608223861
2024-01-02 03:30:00,MEO-02,MEO,0.6733775346399357,0.3812771202612685,0.3431494082351416,0.41940483228739533
2024-01-02 03:45:00,MEO-02,MEO,0.21198391543197193,0.25067147981972454,0.22560433183775208,0.275738627801697
2024-01-02 04:00:00,MEO-02,MEO,0.519002158597328,0.12804007035393444,0.115236063318541,0.1408440773893279
2024-01-02 04:15:00,MEO-02,MEO,0.3490930792571273,0.19014775611293863,0.17113298050164477,0.20916253172423252
2024-01-02 04:30:00,MEO-02,MEO,0.5806141507163791,0.02855018209878603,0.025695163888907427,0.03140520030866464
2024-01-02 04:45:00,MEO-02,MEO,0.2344554822939846,0.07754779282598871,0.06979301354338985,0.08530257210858759
2024-01-02 05:00:00,MEO-02,MEO,-0.21531209768393156,-0.04054048112496098,-0.03648643301246488,-0.04459452923745708
2024-01-02 05:15:00,MEO-02,MEO,-0.3176370704734335,-0.08948637948830142,-0.08053774153947128,-0.09843501743713157
2024-01-02 05:30:00,MEO-02,MEO,0.0012083511528741264,-0.11602037736539716,-0.10441833962885745,-0.1276224151019369
2024-01-02 05:45:00,MEO-02,MEO,-0.22867225279747358,-0.26978505492128957,-0.2428065494291606,-0.29676356041341856
2024-01-02 06:00:00,MEO-02,MEO,-0.8551516945206158,-0.3011849373352534,-0.2710664436017281,-0.3313034310687788
2024-01-02 06:15:00,MEO-02,MEO,-0.3724315259128553,-0.3172686347974916,-0.28554177131774244,-0.3489954982772408
2024-01-02 06:30:00,MEO-02,MEO,-0.7440074488755131,-0.15208973916294133,-0.1368807652466472,-0.16729871307923547
2024-01-02 06:45:00,MEO-02,MEO,-0.5559409185392561,-0.30443951861065377,-0.2739955667495884,-0.3348834704717192
2024-01-02 07:00:00,MEO-02,MEO,-0.7992135427701658,-0.2771721092340833,-0.249454898310675,-0.30488932015749165
2024-01-02 07:15:00,MEO-02,MEO,-0.4346278368092405,-0.14122573612537545,-0.1271031625128379,-0.155348309737913
2024-01-02 07:30:00,MEO-02,MEO,-0.9639729833733498,-0.16760427699313513,-0.1508438492938216,-0.18436470469244864
2024-01-02 07:45:00,MEO-02,MEO,-0.6518457670217517,-0.13208096696454127,-0.11887287026808716,-0.14528906366099542
2024-01-02 08:00:00,MEO-02,MEO,-0.16987472392513064,-0.08505436069879943,-0.07654892462891949,-0.09355979676867938
2024-01-02 08:15:00,MEO-02,MEO,-0.9318889403221904,-0.17246082746580543,-0.1552147447192249,-0.189706910212386
2024-01-02 08:30:00,MEO-02,MEO,-0.18085327699884773,0.003912922482995407,0.003521630234695866,0.004304214731294948
2024-01-02 08:45:00,MEO-02,MEO,-0.0817204216995796,0.2487094435861234,0.22383849922751106,0.27358038794473577
2024-01-02 09:00:00,MEO-02,MEO,0.39251437045254395,0.18800406407482328,0.16920365766734097,0.20680447048230563
2024-01-02 09:15:00,MEO-02,MEO,0.7089271972218953,0.15887288157320598,0.14298559341588538,0.17476016973052658
2024-01-02 09:30:00,MEO-02,MEO,0.8559941585109562,0.3114997001779352,0.2803497301601417,0.3426496701957288
2024-01-02 09:45:00,MEO-02,MEO,0.9737598070904981,0.5022870123337823,0.45205831110040406,0.5525157135671606
2024-01-02 10:00:00,MEO-02,MEO,1.6658462184933185,0.580852170390817,0.5227669533517354,0.6389373874298988
2024-01-02 10:15:00,MEO-02,MEO,1.8144934669587436,0.6077285678240231,0.5469557110416208,0.6685014246064255
2024-01-02 10:30:00,MEO-02,MEO,2.1932874017767476,0.6499501484026863,0.5849551335624177,0.714945163242955
2024-01-02 10:45:00,MEO-02,MEO,2.7385072978220633,0.6617081447579569,0.5955373302821613,0.7278789592337527
2024-01-02 11:00:00,MEO-02,MEO,2.387076184466647,0.8659917911800227,0.7793926120620204,0.952590970298025
2024-01-02 11:15:00,MEO-02,MEO,2.699923125099081,0.9590546453596983,0.8631491808237285,1.0549601098956682
2024-01-02 11:30:00,MEO-02,MEO,2.968496309742778,1.0425599381996862,0.9383039443797175,1.146815932019655
2024-01-02 11:45:00,MEO-02,MEO,3.4025951386897706,0.8892031898984991,0.8002828709086492,0.9781235088883491
2024-01-02 12:00:00,MEO-02,MEO,3.5726634249223355,1.1164593632399893,1.0048134269159903,1.2281052995639883
2024-01-02 12:15:00,MEO-02,MEO,3.8758929758889993,1.021974607164121,0.9197771464477088,1.1241720678805331
2024-01-02 12:30:00,MEO-02,MEO,3.9727262021939413,1.037755152876922,0.9339796375892299,1.1415306681646142
2024-01-02 12:45:00,MEO-02,MEO,3.915933790243826,1.105977266545963,0.9953795398913667,1.2165749932005594
2024-01-02 13:00:00,MEO-02,MEO,3.524265394764072,0.9798793402210604,0.8818914061989543,1.0778672742431665
2024-01-02 13:15:00,MEO-02,MEO,4.1960756510912995,0.8287673943310008,0.7458906548979007,0.9116441337641009
2024-01-02 13:30:00,MEO-02,MEO,4.092750631439845,1.0274420072684158,0.9246978065415743,1.1301862079952576
2024-01-02 13:45:00,MEO-02,MEO,3.6833531379842768,0.9591640317659145,0.863247628589323,1.055080434942506
2024-01-02 14:00:00,MEO-02,MEO,3.2199605248598058,0.8544569683023219,0.7690112714720897,0.9399026651325542
2024-01-02 14:15:00,MEO-02,MEO,3.044998162179723,0.8777301618480218,0.7899571456632196,0.965503178032824
2024-01-02 14:30:00,MEO-02,MEO,3.342340131364527,0.8323776016063607,0.7491398414457247,0.9156153617669968
2024-01-02 14:45:00,MEO-02,MEO,2.923451623577385,0.5783088799634948,0.5204779919671453,0.6361397679598443
2024-01-02 15:00:00,MEO-02,MEO,2.4691733664735036,0.6300671115529651,0.5670604003976686,0.6930738227082617
2024-01-02 15:15:00,MEO-02,MEO,2.28597162778851,0.3722731274308493,0.33504581468776434,0.4095004401739342
2024-01-02 15:30:00,MEO-02,MEO,2.3320165146437857,0.4693237078197572,0.4223913370377815,0.516256078601733
2024-01-02 15:45:00,MEO-02,MEO,2.2571237823830588,0.3740085358271497,0.33660768224443477,0.4114093894098647
2024-01-02 16:00:00,MEO-02,MEO,2.7211243950923403,0.36899813847736174,0.3320983246296256,0.40589795232509795
2024-01-02 16:15:00,MEO-02,MEO,2.2420476389083723,0.1721475917734065,0.15493283259606586,0.18936235095074716
2024-01-02 16:30:00,MEO-02,MEO,1.7792985424861971,0.15642584016935623,0.14078325615242063,0.17206842418629187
2024-01-02 16:45:00,MEO-02,MEO,1.7297244587108462,-0.12996895611733145,-0.1169720605055983,-0.1429658517290646
2024-01-02 17:00:00,MEO-02,MEO,1.4778557717063798,0.11523096909203787,0.10370787218283409,0.12675406600124167
2024-01-02 17:15:00,MEO-02,MEO,1.3747490689842277,0.014038854621305089,0.012634969159174581,0.015442740083435599
2024-01-02 17:30:00,MEO-02,MEO,0.9822407600749904,-0.013366154864070525,-0.012029539377663472,-0.014702770350477578
2024-01-02 17:45:00,MEO-02,MEO,1.0745968314998329,-0.17245236109594836,-0.15520712498635353,-0.18969759720554322
2024-01-02 18:00:00,MEO-02,MEO,0.868828051197923,-0.044332066204008515,-0.039898859583607664,-0.04876527282440937
2024-01-02 18:15:00,MEO-02,MEO,0.5568911817802593,0.042725094985819057,0.03845258548723715,0.04699760448440097
2024-01-02 18:30:00,MEO-02,MEO,0.408287612563342,-0.10744551223000125,-0.09670096100700112,-0.11819006345300138
2024-01-02 18:45:00,MEO-02,MEO,0.5998502591653282,-0.03353768132953007,-0.030183913196577063,-0.03689144946248308
2024-01-02 19:00:00,MEO-02,MEO,0.15436804459865527,-0.1378920167954126,-0.12410281511587135,-0.1516812184749539
2024-01-02 19:15:00,MEO-02,MEO,-0.04954744717512871,-0.04713860385387674,-0.04242474346848907,-0.05185246423926442
2024-01-02 19:30:00,MEO-02,MEO,-0.02504118747205153,-0.12671059850588434,-0.11403953865529591,-0.1393816583564728
2024-01-02 19:45:00,MEO-02,MEO,0.21091026429873327,0.10458931441140545,0.09413038297026491,0.11504824585254601
2024-01-02 20:00:00,MEO-02,MEO,0.6618966778705954,0.1082942806137005,0.09746485255233045,0.11912370867507056
2024-01-02 20:15:00,MEO-02,MEO,0.5067388891113704,0.059283793528531914,0.053355414175678725,0.06521217288138512
2024-01-02 20:30:00,MEO-02,MEO,0.8054910082031759,0.1603514680461849,0.1443163212415664,0.1763866148508034
2024-01-02 20:45:00,MEO-02,MEO,0.7964849382710611,0.30230828407653365,0.2720774556688803,0.33253911248418705
2024-01-02 21:00:00,MEO-02,MEO,0.9855997078553613,0.4483021111077896,0.40347189999701066,0.4931323222185686
2024-01-02 21:15:00,MEO-02,MEO,1.0561995834781213,0.5725112319692232,0.5152601087723009,0.6297623551661455
2024-01-02 21:30:00,MEO-02,MEO,1.5092362447258947,0.5246462065969165,0.47218158593722487,0.5771108272566082
2024-01-02 21:45:00,MEO-02,MEO,1.7188724450460038,0.5075637988769446,0.45680741898925015,0.5583201787646391
2024-01-02 22:00:00,MEO-02,MEO,2.5566500062306563,0.7159636105133761,0.6443672494620385,0.7875599715647138
2024-01-02 22:15:00,MEO-02,MEO,2.7657457201949684,0.9172986063846357,0.8255687457461721,1.0090284670230993
2024-01-02 22:30:00,MEO-02,MEO,2.883813986948442,0.7185035973768025,0.6466532376391222,0.7903539571144828
2024-01-02 22:45:00,MEO-02,MEO,2.7908249707094486,0.8407531693084387,0.7566778523775949,0.9248284862392826
2024-01-02 23:00:00,MEO-02,MEO,3.660334143012192,1.028651133439908,0.9257860200959173,1.1315162467838988
2024-01-02 23:15:00,MEO-02,MEO,3.5841651518976296,1.047549940399723,0.9427949463597508,1.1523049344396954
2024-01-02 23:30:00,MEO-02,MEO,3.8220012786573654,1.0390849574074692,0.9351764616667223,1.1429934531482162
2024-01-02 23:45:00,MEO-02,MEO,4.379631251250784,1.1388962860909344,1.025006657481841,1.252785914700028
2024-01-03 00:00:00,MEO-02,MEO,4.57117612948952,1.2286581385889541,1.1057923247300587,1.3515239524478497
2024-01-03 00:15:00,MEO-02,MEO,4.586564600314576,1.1618736644029923,1.045686297962693,1.2780610308432916
2024-01-03 00:30:00,MEO-02,MEO,4.578700427560333,1.1639857778943246,1.047587200104892,1.280384355683757
2024-01-03 00:45:00,MEO-02,MEO,4.652654789649633,1.2248488345226178,1.102363951070356,1.3473337179748797
2024-01-03 01:00:00,MEO-02,MEO,4.762815871604351,1.1447514595802186,1.0302763136221968,1.2592266055382406
2024-01-03 01:15:00,MEO-02,MEO,4.822146042089639,1.2365105169422883,1.1128594652480595,1.3601615686365172
2024-01-03 01:30:00,MEO-02,MEO,5.136312693850918,1.2764292553246177,1.148786329792156,1.4040721808570795
2024-01-03 01:45:00,MEO-02,MEO,5.285751911142942,1.003080012405049,0.9027720111645441,1.103388013645554
2024-01-03 02:00:00,MEO-02,MEO,4.670933461973051,0.9265140710628723,0.8338626639565851,1.0191654781691597
2024-01-03 02:15:00,MEO-02,MEO,3.964462902902618,1.0009021910613645,0.900811971955228,1.100992410167501
2024-01-03 02:30:00,MEO-02,MEO,4.144725938644699,0.8066187605600277,0.725956884504025,0.8872806366160305
2024-01-03 02:45:00,MEO-02,MEO,4.693298276497747,0.7383001842452507,0.6644701658207256,0.8121302026697758
2024-01-03 03:00:00,MEO-02,MEO,4.25853384065588,0.6075666096083565,0.5468099486475209,0.6683232705691922
2024-01-03 03:15:00,MEO-02,MEO,4.007654715453995,0.6671349538061407,0.6004214584255266,0.7338484491867548
2024-01-03 03:30:00,MEO-02,MEO,3.6689565373291173,0.6198169363876347,0.5578352427488712,0.6817986300263982
2024-01-03 03:45:00,MEO-02,MEO,3.2138325426254464,0.505675873851181,0.4551082864660629,0.5562434612362991
2024-01-03 04:00:00,MEO-02,MEO,3.7256655985582663,0.5841090693988731,0.5256981624589858,0.6425199763387605
2024-01-03 04:15:00,MEO-02,MEO,2.8941567163275668,0.5064999891401248,0.4558499902261124,0.5571499880541374
2024-01-03 04:30:00,MEO-02,MEO,3.078568406908962,0.48768927779233306,0.43892035001309976,0.5364582055715664
2024-01-03 04:45:00,MEO-02,MEO,2.373772963504278,0.274274894731051,0.2468474052579459,0.3017023842041561
2024-01-03 05:00:00,MEO-02,MEO,2.4580227071392757,0.3085731857233094,0.27771586715097846,0.33943050429564037
2024-01-03 05:15:00,MEO-02,MEO,2.5868151148735383,0.18905605750091795,0.17015045175082616,0.20796166325100976
2024-01-03 05:30:00,MEO-02,MEO,2.1200351305003102,0.13956211274496408,0.12560590147046768,0.1535183240194605
2024-01-03 05:45:00,MEO-02,MEO,1.9544610960527278,0.052868209396307445,0.0475813884566767,0.05815503033593819
2024-01-03 06:00:00,MEO-02,MEO,2.1418896958294518,-0.11399178581954506,-0.10259260723759055,-0.12539096440149958
2024-01-03 06:15:00,MEO-02,MEO,1.7175535023392683,0.10472543273891485,0.09425288946502337,0.11519797601280635
2024-01-03 06:30:00,MEO-02,MEO,1.6099802427428713,0.1429154018354506,0.12862386165190554,0.15720694201899565
2024-01-03 06:45:00,MEO-02,MEO,2.137582511887603,-0.0643572306068069,-0.05792150754612621,-0.0707929536674876
2024-01-03 07:00:00,MEO-02,MEO,1.8509281808431983,0.07421876971316477,0.06679689274184829,0.08164064668448125
2024-01-03 07:15:00,MEO-02,MEO,2.1604032699180173,0.18157866245616783,0.16342079621055106,0.19973652870178463
2024-01-03 07:30:00,MEO-02,MEO,2.320345140066716,0.1102737461122502,0.09924637150102518,0.12130112072347524
2024-01-03 07:45:00,MEO-02,MEO,2.426544709339927,0.28022486153562454,0.2522023753820621,0.308247347689187
2024-01-03 08:00:00,MEO-02,MEO,1.8884672727082132,0.2275213894049954,0.20476925046449584,0.25027352834549493
2024-01-03 08:15:00,MEO-02,MEO,2.2595147869158563,0.2580510195718707,0.23224591761468363,0.2838561215290578
2024-01-03 08:30:00,MEO-02,MEO,2.732767413045425,0.46776039286164467,0.4209843535754802,0.5145364321478092
2024-01-03 08:45:00,MEO-02,MEO,2.922625588496835,0.3659580890105774,0.3293622801095197,0.4025538979116352
2024-01-03 09:00:00,MEO-02,MEO,3.551417471117885,0.4596375849177868,0.4136738264260081,0.5056013434095655
2024-01-03 09:15:00,MEO-02,MEO,2.982254467313087,0.5257423825434697,0.47316814428912274,0.5783166207978168
2024-01-03 09:30:00,MEO-02,MEO,3.733174316299944,0.5872056129946626,0.5284850516951963,0.6459261742941289
2024-01-03 09:45:00,MEO-02,MEO,3.7742874085030262,0.7722154038095628,0.6949938634286065,0.8494369441905191
2024-01-03 10:00:00,MEO-02,MEO,3.971061372424884,0.799088628778307,0.7191797659004763,0.8789974916561377
2024-01-03 10:15:00,MEO-02,MEO,4.488632570768342,0.9568340598084767,0.861150653827629,1.0525174657893244
2024-01-03 10:30:00,MEO-02,MEO,4.931841507097694,0.8527892405931962,0.7675103165338766,0.9380681646525159
2024-01-03 10:45:00,MEO-02,MEO,4.672917170972893,0.9705539716443161,0.8734985744798845,1.0676093688087478
2024-01-03 11:00:00,MEO-02,MEO,4.801643015414394,1.1271373106953995,1.0144235796258596,1.2398510417649395
2024-01-03 11:15:00,MEO-02,MEO,5.085548106842207,1.2960734549887991,1.1664661094899191,1.425680800487679
2024-01-03 11:30:00,MEO-02,MEO,5.777572474276843,1.2562037052151693,1.1305833346936525,1.3818240757366864
2024-01-03 11:45:00,MEO-02,MEO,5.756610411828767,1.2173729262718958,1.0956356336447062,1.3391102188990853
2024-01-03 12:00:00,MEO-02,MEO,5.5627875406300165,1.1745290118032985,1.0570761106229687,1.2919819129836285
2024-01-03 12:15:00,MEO-02,MEO,5.684555668135404,1.2611498855390184,1.1350348969851165,1.3872648740929203
2024-01-03 12:30:00,MEO-02,MEO,5.5591067265776966,1.318704661267381,1.186834195140643,1.4505751273941192
2024-01-03 12:45:00,MEO-02,MEO,5.854762413002944,1.1323485470382288,1.019113692334406,1.2455834017420517
2024-01-03 13:00:00,MEO-02,MEO,5.536102911811643,1.2125600421458362,1.0913040379312526,1.33381604636042
2024-01-03 13:15:00,MEO-02,MEO,6.278651082880988,1.2293411525333966,1.106407037280057,1.3522752677867365
2024-01-03 13:30:00,MEO-02,MEO,6.363676518760114,1.2369343901041887,1.11324095109377,1.3606278291146077
2024-01-03 13:45:00,MEO-02,MEO,5.2868908219355415,1.213405449108643,1.0920649041977788,1.3347459940195074
2024-01-03 14:00:00,MEO-02,MEO,5.563127121341635,1.120883689062143,1.0087953201559288,1.2329720579683574
2024-01-03 14:15:00,MEO-02,MEO,5.4491262946815695,1.1548715041755109,1.03938435375796,1.270358654593062
2024-01-03 14:30:00,MEO-02,MEO,5.350146548763806,1.0626726722778153,0.9564054050500338,1.1689399395055968
2024-01-03 14:45:00,MEO-02,MEO,5.464278290895644,0.9561383174342399,0.860524485690816,1.051752149177664
2024-01-03 15:00:00,MEO-02,MEO,4.89692440495709,0.9662420993424193,0.8696178894081774,1.0628663092766613
2024-01-03 15:15:00,MEO-02,MEO,4.773756637638402,0.8859073805658205,0.7973166425092385,0.9744981186224027
2024-01-03 15:30:00,MEO-02,MEO,5.309282349618593,0.6493892741872297,0.5844503467685067,0.7143282016059527
2024-01-03 15:45:00,MEO-02,MEO,4.2955746127209515,0.6877397050829871,0.6189657345746884,0.7565136755912859
2024-01-03 16:00:00,MEO-02,MEO,4.509353083696927,0.6873402548667943,0.6186062293801149,0.7560742803534738
2024-01-03 16:15:00,MEO-02,MEO,3.944586345952554,0.6290651477537286,0.5661586329783558,0.6919716625291015
2024-01-03 16:30:00,MEO-02,MEO,3.434319413118771,0.506291461554534,0.4556623153990806,0.5569206077099874
2024-01-03 16:45:00,MEO-02,MEO,3.1526505587824794,0.3951265301497628,0.35561387713478654,0.4346391831647391
2024-01-03 17:00:00,MEO-02,MEO,3.101492712842972,0.39081024221415833,0.3517292179927425,0.4298912664355742
2024-01-03 17:15:00,MEO-02,MEO,2.606341472282291,0.3722067177344071,0.3349860459609664,0.40942738950784785
2024-01-03 17:30:00,MEO-02,MEO,2.474356783155707,0.27539508129727636,0.24785557316754872,0.302934589427004
2024-01-03 17:45:00,MEO-02,MEO,2.407879229774042,0.2517844246993345,0.22660598222940104,0.27696286716926793
2024-01-03 18:00:00,MEO-02,MEO,2.434147972906536,0.19031270272715553,0.17128143245443997,0.2093439729998711
2024-01-03 18:15:00,MEO-02,MEO,2.690812470089558,0.09003629788421667,0.08103266809579501,0.09903992767263835
2024-01-03 18:30:00,MEO-02,MEO,2.014952081213934,0.17987237092615108,0.16188513383353598,0.1978596080187662
2024-01-03 18:45:00,MEO-02,MEO,2.1833896372959267,0.14676008561972484,0.13208407705775235,0.16143609418169733
2024-01-03 19:00:00,MEO-02,MEO,1.6238591487635787,0.16431795010784306,0.14788615509705877,0.18074974511862738
2024-01-03 19:15:00,MEO-02,MEO,2.2902749066162253,0.3601906457489272,0.32417158117403444,0.3962097103238199
2024-01-03 19:30:00,MEO-02,MEO,1.6207096530008829,0.3583952360954361,0.3225557124858925,0.39423475970497973
2024-01-03 19:45:00,MEO-02,MEO,2.307697487380147,0.19253363803535192,0.17328027423181674,0.21178700183888713
2024-01-03 20:00:00,MEO-02,MEO,2.1748493511395073,0.2951907276045892,0.2656716548441303,0.32470980036504815
2024-01-03 20:15:00,MEO-02,MEO,2.2803723533625613,0.4142157360966373,0.3727941624869736,0.45563730970630106
2024-01-03 20:30:00,MEO-02,MEO,2.377392814304329,0.45972385904857793,0.4137514731437201,0.5056962449534358
2024-01-03 20:45:00,MEO-02,MEO,2.293092786176979,0.6092888474151992,0.5483599626736793,0.6702177321567191
2024-01-03 21:00:00,MEO-02,MEO,2.493468408167817,0.5613800988723023,0.5052420889850722,0.6175181087595326
2024-01-03 21:15:00,MEO-02,MEO,3.2197925273993135,0.8173056078578518,0.7355750470720667,0.899036168643637
2024-01-03 21:30:00,MEO-02,MEO,3.2332913324088337,0.8183297885914077,0.7364968097322669,0.9001627674505486
2024-01-03 21:45:00,MEO-02,MEO,3.383871181479109,0.8759687244758299,0.7883718520282469,0.9635655969234129
2024-01-03 22:00:00,MEO-02,MEO,3.8089943996200493,0.9822148391364357,0.8839933552227921,1.0804363230500793
2024-01-03 22:15:00,MEO-02,MEO,3.96381005077318,1.027581363847068,0.9248232274623613,1.130339500231775
2024-01-03 22:30:00,MEO-02,MEO,3.9795291062289153,0.9723460594107425,0.8751114534696682,1.0695806653518167
2024-01-03 22:45:00,MEO-02,MEO,5.027257399960979,1.2045488949794987,1.0840940054815489,1.3250037844774487
2024-01-03 23:00:00,MEO-02,MEO,4.822539532269229,1.2405882700756365,1.116529443068073,1.3646470970832003
2024-01-03 23:15:00,MEO-02,MEO,4.881854541522849,1.2453794438333934,1.1208414994500542,1.3699173882167328
2024-01-03 23:30:00,MEO-02,MEO,4.918348942156242,1.4569549174482066,1.311259425703386,1.6026504091930274
2024-01-03 23:45:00,MEO-02,MEO,5.4623585686224025,1.4613162125645038,1.3151845913080535,1.6074478338209544
2024-01-04 00:00:00,MEO-02,MEO,5.376609888654308,1.632037054233177,1.4688333488098593,1.7952407596564948
2024-01-04 00:15:00,MEO-02,MEO,5.486389873613382,1.5230008471400174,1.3707007624260157,1.6753009318540193
2024-01-04 00:30:00,MEO-02,MEO,6.231989541583438,1.4138655833414993,1.2724790250073494,1.5552521416756493
2024-01-04 00:45:00,MEO-02,MEO,5.892616229121149,1.3917377459066478,1.252563971315983,1.5309115204973127
2024-01-04 01:00:00,MEO-02,MEO,5.741331208740409,1.413322197295877,1.2719899775662893,1.5546544170254648
2024-01-04 01:15:00,MEO-02,MEO,5.951222043380705,1.3782523380839775,1.24042710427558,1.5160775718923754
2024-01-04 01:30:00,MEO-02,MEO,6.150390151612285,1.4094667454204195,1.2685200708783775,1.5504134199624615
2024-01-04 01:45:00,MEO-02,MEO,6.052130262186343,1.2378855749489344,1.114097017454041,1.361674132443828
2024-01-04 02:00:00,MEO-02,MEO,6.357682470600777,1.3647730340755084,1.2282957306679576,1.5012503374830595
2024-01-04 02:15:00,MEO-02,MEO,5.706141589435658,1.2649343567821065,1.138440921103896,1.3914277924603173
2024-01-04 02:30:00,MEO-02,MEO,6.135697991593346,1.2385302622915888,1.11467723606243,1.3623832885207479
2024-01-04 02:45:00,MEO-02,MEO,5.71140800622403,1.0374486596655674,0.9337037936990107,1.1411935256321242
2024-01-04 03:00:00,MEO-02,MEO,5.616894519474915,1.07771216812738,0.9699409513146421,1.185483384940118
2024-01-04 03:15:00,MEO-02,MEO,5.719265361260949,1.0881232553476956,0.9793109298129261,1.1969355808824653
2024-01-04 03:30:00,MEO-02,MEO,5.402096077705144,0.8400895757920334,0.75608061821283,0.9240985333712368
2024-01-04 03:45:00,MEO-02,MEO,5.11459982187762,0.762510451650617,0.6862594064855554,0.8387614968156788
2024-01-04 04:00:00,MEO-02,MEO,4.24301636161305,0.8163130073199102,0.7346817065879192,0.8979443080519013
2024-01-04 04:15:00,MEO-02,MEO,4.5213811878789265,0.6101789189196625,0.5491610270276962,0.6711968108116287
2024-01-04 04:30:00,MEO-02,MEO,4.132868978409676,0.6011930372842443,0.5410737335558199,0.6613123410126688
2024-01-04 04:45:00,MEO-02,MEO,4.3095071045700575,0.6750852270419732,0.6075767043377759,0.7425937497461705
2024-01-04 05:00:00,MEO-02,MEO,4.192396797633164,0.43044814495486816,0.38740333045938136,0.473492959450355
2024-01-04 05:15:00,MEO-02,MEO,3.6958654490925182,0.5743772087741205,0.5169394878967084,0.6318149296515325
2024-01-04 05:30:00,MEO-02,MEO,3.448495677197754,0.38250298365329766,0.3442526852879679,0.42075328201862744
2024-01-04 05:45:00,MEO-02,MEO,3.868446136301125,0.2870369845390675,0.25833328608516076,0.3157406829929743
2024-01-04 06:00:00,MEO-02,MEO,3.2156453197402675,0.40183028511690594,0.36164725660521535,0.4420133136285966
2024-01-04 06:15:00,MEO-02,MEO,2.9801214314403506,0.34883596237411113,0.3139523661367,0.3837195586115223
2024-01-04 06:30:00,MEO-02,MEO,3.010050764001053,0.3381129190503734,0.30430162714533604,0.37192421095541073
2024-01-04 06:45:00,MEO-02,MEO,3.0474751269369804,0.28266873808181303,0.25440186427363176,0.31093561188999436
2024-01-04 07:00:00,MEO-02,MEO,2.9683414817616716,0.3695048939901702,0.3325544045911532,0.4064553833891873
2024-01-04 07:15:00,MEO-02,MEO,3.4223315083435804,0.2233104399221611,0.200979395929945,0.24564148391437723
2024-01-04 07:30:00,MEO-02,MEO,2.7185226071369453,0.4430088224528924,0.3987079402076032,0.4873097046981817
2024-01-04 07:45:00,MEO-02,MEO,3.133445536981087,0.575030498950154,0.5175274490551386,0.6325335488451694
2024-01-04 08:00:00,MEO-02,MEO,3.456204769255221,0.3839837315377544,0.34558535838397897,0.42238210469152987
2024-01-04 08:15:00,MEO-02,MEO,3.6608934507465425,0.5539956799904462,0.4985961119914016,0.6093952479894909
2024-01-04 08:30:00,MEO-02,MEO,4.195689582432261,0.5842402499607289,0.525816224964656,0.6426642749568018
2024-01-04 08:45:00,MEO-02,MEO,4.34504438547848,0.606248060454981,0.5456232544094829,0.6668728665004792
2024-01-04 09:00:00,MEO-02,MEO,3.7632335728493076,0.6398739491020543,0.5758865541918489,0.7038613440122597
2024-01-04 09:15:00,MEO-02,MEO,3.906505652245604,0.7893931752277102,0.7104538577049392,0.8683324927504813
2024-01-04 09:30:00,MEO-02,MEO,4.6217348182958045,0.9456971005889558,0.8511273905300603,1.0402668106478514
2024-01-04 09:45:00,MEO-02,MEO,4.687282233644249,1.138377649563317,1.0245398846069855,1.252215414519649
2024-01-04 10:00:00,MEO-02,MEO,4.867497042965023,1.0047802314035716,0.9043022082632145,1.105258254543929
2024-01-04 10:15:00,MEO-02,MEO,5.413999893685235,1.2277704280922854,1.104993385283057,1.3505474709015142
2024-01-04 10:30:00,MEO-02,MEO,5.708267122970546,1.2956057896313065,1.1660452106681758,1.4251663685944371
2024-01-04 10:45:00,MEO-02,MEO,5.673650027505982,1.480588850956757,1.3325299658610814,1.628647736052433
2024-01-04 11:00:00,MEO-02,MEO,5.948481619767994,1.4551674959512877,1.3096507463561589,1.6006842455464165
2024-01-04 11:15:00,MEO-02,MEO,6.119731659024529,1.515260961921161,1.363734865729045,1.6667870581132773
2024-01-04 11:30:00,MEO-02,MEO,6.394299539570502,1.5683415605454267,1.4115074044908842,1.7251757165999695
2024-01-04 11:45:00,MEO-02,MEO,6.797521540729628,1.477059607900623,1.3293536471105607,1.6247655686906854
2024-01-04 12:00:00,MEO-02,MEO,6.737750845061548,1.5343397134535164,1.3809057421081647,1.6877736847988682
2024-01-04 12:15:00,MEO-02,MEO,6.960240723943466,1.6888010176593948,1.5199209158934555,1.8576811194253344
2024-01-04 12:30:00,MEO-02,MEO,7.104767639111831,1.4445133978575042,1.300062058071754,1.5889647376432547
2024-01-04 12:45:00,MEO-02,MEO,7.25662595281521,1.552853008051335,1.3975677072462016,1.7081383088564686
2024-01-04 13:00:00,MEO-02,MEO,7.349649392448743,1.4896389020829388,1.3406750118746449,1.6386027922912327
2024-01-04 13:15:00,MEO-02,MEO,7.781756103559984,1.5935591483345255,1.434203233501073,1.7529150631679782
2024-01-04 13:30:00,MEO-02,MEO,7.3730763633839365,1.5102723871203274,1.3592451484082948,1.6612996258323602
2024-01-04 13:45:00,MEO-02,MEO,7.306840432433655,1.5543040007538689,1.398873600678482,1.7097344008292559
2024-01-04 14:00:00,MEO-02,MEO,6.989139302475982,1.447507493728033,1.3027567443552297,1.5922582431008365
2024-01-04 14:15:00,MEO-02,MEO,6.68054572303912,1.2771882592412136,1.1494694333170923,1.4049070851653351
2024-01-04 14:30:00,MEO-02,MEO,6.6370971913288255,1.2191807041606064,1.097262633744546,1.3410987745766672
2024-01-04 14:45:00,MEO-02,MEO,6.41169558187152,1.2717334939697533,1.144560144572778,1.3989068433667289
2024-01-04 15:00:00,MEO-02,MEO,6.4869177890174115,1.13952326675492,1.025570940079428,1.253475593430412
2024-01-04 15:15:00,MEO-02,MEO,5.7583821670385005,1.0848154182890517,0.9763338764601466,1.193296960117957
2024-01-04 15:30:00,MEO-02,MEO,6.088035058188279,1.1272403872562946,1.0145163485306652,1.2399644259819242
2024-01-04 15:45:00,MEO-02,MEO,5.669470961886496,1.03749852003129,0.933748668028161,1.141248372034419
2024-01-04 16:00:00,MEO-02,MEO,5.635164106148759,1.0464121148618366,0.941770903375653,1.1510533263480203
2024-01-04 16:15:00,MEO-02,MEO,5.022146313671201,0.8056331570965787,0.7250698413869209,0.8861964728062366
2024-01-04 16:30:00,MEO-02,MEO,4.731438162031596,0.7118010228137113,0.6406209205323402,0.7829811250950824
2024-01-04 16:45:00,MEO-02,MEO,4.615200805171136,0.7337187275100131,0.6603468547590118,0.8070906002610144
2024-01-04 17:00:00,MEO-02,MEO,4.379682477758866,0.5987150964025951,0.5388435867623357,0.6585866060428547
2024-01-04 17:15:00,MEO-02,MEO,4.4735807855920875,0.551813949455235,0.4966325545097115,0.6069953444007585
2024-01-04 17:30:00,MEO-02,MEO,4.273558412373333,0.536434393128196,0.4827909538153764,0.5900778324410156
2024-01-04 17:45:00,MEO-02,MEO,4.373934080268773,0.6521900047846423,0.5869710043061781,0.7174090052631066
2024-01-04 18:00:00,MEO-02,MEO,3.6209729806496784,0.5530882147505007,0.4977793932754507,0.6083970362255509
2024-01-04 18:15:00,MEO-02,MEO,2.7814594473868213,0.5481587414193685,0.49334286727743165,0.6029746155613054
2024-01-04 18:30:00,MEO-02,MEO,3.4178689740102124,0.6089238427572125,0.5480314584814913,0.6698162270329338
2024-01-04 18:45:00,MEO-02,MEO,3.509708536357911,0.5596058333624228,0.5036452500261805,0.6155664166986651
2024-01-04 19:00:00,MEO-02,MEO,3.593500212526557,0.41419320677631266,0.3727738860986814,0.455612527453944
2024-01-04 19:15:00,MEO-02,MEO,3.485137743569749,0.6029484710136347,0.5426536239122712,0.6632433181149983
2024-01-04 19:30:00,MEO-02,MEO,3.311094842814618,0.6498850297124437,0.5848965267411993,0.7148735326836881
2024-01-04 19:45:00,MEO-02,MEO,3.920675888063101,0.6666367487838345,0.5999730739054511,0.733300423662218
2024-01-04 20:00:00,MEO-02,MEO,3.3206805686738243,0.6528196750694948,0.5875377075625453,0.7181016425764444
2024-01-04 20:15:00,MEO-02,MEO,3.625908306261471,0.7734812314072121,0.696133108266491,0.8508293545479334
2024-01-04 20:30:00,MEO-02,MEO,3.566515462923266,0.795829255021876,0.7162463295196884,0.8754121805240637
2024-01-04 20:45:00,MEO-02,MEO,4.007334062151969,0.7921223107012488,0.712910079631124,0.8713345417713738
2024-01-04 21:00:00,MEO-02,MEO,4.586821404682658,0.8889702087362951,0.8000731878626656,0.9778672296099247
2024-01-04 21:15:00,MEO-02,MEO,4.359464936769287,1.0833948717321342,0.9750553845589208,1.1917343589053477
2024-01-04 21:30:00,MEO-02,MEO,4.580641103694527,1.0358586130991512,0.9322727517892361,1.1394444744090664
2024-01-04 21:45:00,MEO-02,MEO,4.420803792534532,1.1247593998408518,1.0122834598567667,1.2372353398249372
2024-01-04 22:00:00,MEO-02,MEO,5.010430794867707,1.3301051466187022,1.197094631956832,1.4631156612805725
2024-01-04 22:15:00,MEO-02,MEO,5.610138171830627,1.3581591300237084,1.2223432170213375,1.4939750430260794
2024-01-04 22:30:00,MEO-02,MEO,5.4992368816540385,1.467446925710078,1.32070223313907,1.6141916182810858
2024-01-04 22:45:00,MEO-02,MEO,5.716594719376677,1.3917473768597548,1.2525726391737793,1.5309221145457304
2024-01-04 23:00:00,MEO-02,MEO,6.297813010958698,1.5966763370274915,1.4370087033247423,1.7563439707302408
2024-01-04 23:15:00,MEO-02,MEO,6.155730299294742,1.5554077481989834,1.3998669733790852,1.710948523018882
2024-01-04 23:30:00,MEO-02,MEO,6.75379910512094,1.5742838073572838,1.4168554266215554,1.7317121880930124
2024-01-04 23:45:00,MEO-02,MEO,6.287042676831341,1.653807575383251,1.488426817844926,1.8191883329215763
2024-01-05 00:00:00,MEO-02,MEO,6.933007170761238,1.8323677095272646,1.649130938574538,2.015604480479991
2024-01-05 00:15:00,MEO-02,MEO,7.305957681744701,1.7135322315149346,1.5421790083634412,1.8848854546664282
2024-01-05 00:30:00,MEO-02,MEO,7.250664177977218,1.9279256409531855,1.735133076857867,2.120718205048504
2024-01-05 00:45:00,MEO-02,MEO,6.608170868159801,1.5857006430811684,1.4271305787730517,1.7442707073892854
2024-01-05 01:00:00,MEO-02,MEO,6.962634516026614,1.6156384071465018,1.4540745664318515,1.777202247861152
2024-01-05 01:15:00,MEO-02,MEO,7.079354558671487,1.8239914415761416,1.6415922974185275,2.006390585733756
2024-01-05 01:30:00,MEO-02,MEO,7.380374208292106,1.8132864363107883,1.6319577926797095,1.9946150799418674
2024-01-05 01:45:00,MEO-02,MEO,6.753953940609833,1.5783867814128123,1.420548103271531,1.7362254595540936
2024-01-05 02:00:00,MEO-02,MEO,6.763057172234456,1.6049755935558867,1.444478034200298,1.7654731529114756
2024-01-05 02:15:00,MEO-02,MEO,6.520917142578988,1.6010878359788874,1.4409790523809987,1.7611966195767763
2024-01-05 02:30:00,MEO-02,MEO,6.5956350736561316,1.4640570579455423,1.317651352150988,1.6104627637400966
2024-01-05 02:45:00,MEO-02,MEO,6.346945470997188,1.427443740405021,1.284699366364519,1.5701881144455234
2024-01-05 03:00:00,MEO-02,MEO,6.897770227851497,1.3453257028261802,1.2107931325435624,1.4798582731087984
2024-01-05 03:15:00,MEO-02,MEO,6.158721855191201,1.1521473657721266,1.036932629194914,1.2673621023493393
2024-01-05 03:30:00,MEO-02,MEO,6.3028204174232645,1.1678312482693145,1.0510481234423832,1.284614373096246
2024-01-05 03:45:00,MEO-02,MEO,5.9350035134471195,1.1210021111259458,1.0089019000133512,1.2331023222385404
2024-01-05 04:00:00,MEO-02,MEO,5.726631559313497,1.0540801519774072,0.9486721367796666,1.159488167175148
2024-01-05 04:15:00,MEO-02,MEO,5.371521403521698,0.8357365096193752,0.7521628586574377,0.9193101605813128
2024-01-05 04:30:00,MEO-02,MEO,5.508169153767527,0.9666252631673763,0.8699627368506386,1.063287789484114
2024-01-05 04:45:00,MEO-02,MEO,5.1569575433138635,0.8538601002205061,0.7684740901984555,0.9392461102425568
2024-01-05 05:00:00,MEO-02,MEO,4.9554689357915604,0.7023847538675692,0.6321462784808123,0.7726232292543261
2024-01-05 05:15:00,MEO-02,MEO,4.60964375892627,0.8812209748522982,0.7930988773670684,0.9693430723375281
2024-01-05 05:30:00,MEO-02,MEO,4.494437771289211,0.6681127517463499,0.601301476571715,0.7349240269209849
2024-01-05 05:45:00,MEO-02,MEO,4.613224423498547,0.6406752953720106,0.5766077658348095,0.7047428249092117
2024-01-05 06:00:00,MEO-02,MEO,4.731682348804137,0.6913446875886327,0.6222102188297695,0.760479156347496
2024-01-05 06:15:00,MEO-02,MEO,4.61736012125062,0.7774101978758442,0.6996691780882598,0.8551512176634287
2024-01-05 06:30:00,MEO-02,MEO,4.337444163762968,0.6780156611292293,0.6102140950163064,0.7458172272421523
2024-01-05 06:45:00,MEO-02,MEO,4.979988134270972,0.696728981125021,0.6270560830125189,0.7664018792375232
2024-01-05 07:00:00,MEO-02,MEO,4.371491794533668,0.5678129039809985,0.5110316135828986,0.6245941943790984
2024-01-05 07:15:00,MEO-02,MEO,4.511156731516773,0.6821516556784334,0.61393649011059,0.7503668212462767
2024-01-05 07:30:00,MEO-02,MEO,4.528978795735833,0.6694007006826137,0.6024606306143524,0.7363407707508751
2024-01-05 07:45:00,MEO-02,MEO,5.150499673581857,0.8140549460454409,0.7326494514408969,0.8954604406499851
2024-01-05 08:00:00,MEO-02,MEO,4.703111711866098,0.8754492862468313,0.7879043576221482,0.9629942148715145
2024-01-05 08:15:00,MEO-02,MEO,4.820482644926112,1.0036700538817782,0.9033030484936004,1.1040370592699562
2024-01-05 08:30:00,MEO-02,MEO,5.110044894504347,0.7680180770076718,0.6912162693069046,0.844819884708439
2024-01-05 08:45:00,MEO-02,MEO,5.093085969346077,0.9631601254489339,0.8668441129040405,1.0594761379938273
2024-01-05 09:00:00,MEO-02,MEO,5.499054025484886,1.1945978135363855,1.075138032182747,1.3140575948900242
2024-01-05 09:15:00,MEO-02,MEO,6.284154766854006,1.0582116560987087,0.9523904904888378,1.1640328217085796
2024-01-05 09:30:00,MEO-02,MEO,5.998152126014892,1.316013307717591,1.184411976945832,1.4476146384893502
2024-01-05 09:45:00,MEO-02,MEO,6.22912625761573,1.4236407210172435,1.2812766489155192,1.566004793118968
2024-01-05 10:00:00,MEO-02,MEO,6.5143014264709915,1.4108041998237202,1.269723779841348,1.5518846198060923
2024-01-05 10:15:00,MEO-02,MEO,7.365545479145801,1.376975827655096,1.2392782448895865,1.5146734104206059
2024-01-05 10:30:00,MEO-02,MEO,7.663624989823921,1.5547868837121555,1.3993081953409399,1.710265572083371
2024-01-05 10:45:00,MEO-02,MEO,7.624836252611267,1.750000316413822,1.5750002847724398,1.9250003480552045
2024-01-05 11:00:00,MEO-02,MEO,7.7962351330304624,1.8190803640861812,1.6371723276775632,2.0009884004947995
2024-01-05 11:15:00,MEO-02,MEO,7.7798247242492256,1.7680774278871751,1.5912696850984576,1.9448851706758927
2024-01-05 11:30:00,MEO-02,MEO,8.123280766324466,1.720692508737043,1.5486232578633388,1.8927617596107476
2024-01-05 11:45:00,MEO-02,MEO,7.9816451359040546,1.9765439399163407,1.7788895459247067,2.174198333907975
2024-01-05 12:00:00,MEO-02,MEO,8.049177001510056,1.9323133409349564,1.7390820068414607,2.1255446750284523
2024-01-05 12:15:00,MEO-02,MEO,8.072050178241732,1.8130047624498151,1.6317042862048337,1.9943052386947968
2024-01-05 12:30:00,MEO-02,MEO,8.630734853307207,1.922452899294506,1.7302076093650554,2.1146981892239567
2024-01-05 12:45:00,MEO-02,MEO,8.237198621129126,1.9176517675723876,1.7258865908151488,2.1094169443296265
2024-01-05 13:00:00,MEO-02,MEO,8.479222603547807,1.831634030174164,1.6484706271567477,2.0147974331915806
2024-01-05 13:15:00,MEO-02,MEO,8.579362484737095,1.88914216541479,1.700227948873311,2.078056381956269
2024-01-05 13:30:00,MEO-02,MEO,8.802345718967649,1.9189700162613572,1.7270730146352216,2.110867017887493
2024-01-05 13:45:00,MEO-02,MEO,8.336780739123936,1.7670004221198619,1.5903003799078756,1.9437004643318483
2024-01-05 14:00:00,MEO-02,MEO,8.791367858629263,1.8393626291782146,1.6554263662603932,2.023298892096036
2024-01-05 14:15:00,MEO-02,MEO,8.617559124898078,1.5469212745861236,1.3922291471275112,1.7016134020447362
2024-01-05 14:30:00,MEO-02,MEO,7.958580837772082,1.8031054700175067,1.6227949230157561,1.9834160170192574
2024-01-05 14:45:00,MEO-02,MEO,8.327242302545127,1.5632794723254881,1.4069515250929394,1.719607419558037
2024-01-05 15:00:00,MEO-02,MEO,7.77522206424194,1.5735297389841298,1.4161767650857169,1.730882712882543
2024-01-05 15:15:00,MEO-02,MEO,7.503721966661508,1.4313890407002454,1.2882501366302208,1.57452794477027
2024-01-05 15:30:00,MEO-02,MEO,7.32732053408669,1.2727593394308367,1.1454834054877532,1.4000352733739205
2024-01-05 15:45:00,MEO-02,MEO,7.15516165220436,1.2603397712553734,1.1343057941298362,1.3863737483809109
2024-01-05 16:00:00,MEO-02,MEO,6.805323122515629,1.036309721449773,0.9326787493047957,1.1399406935947503
2024-01-05 16:15:00,MEO-02,MEO,6.450457670518013,1.172484950399038,1.0552364553591342,1.289733445438942
2024-01-05 16:30:00,MEO-02,MEO,6.226223916967044,1.0650679151277558,0.9585611236149802,1.1715747066405315
2024-01-05 16:45:00,MEO-02,MEO,6.208860912005319,0.9714130329444739,0.8742717296500265,1.0685543362389214
2024-01-05 17:00:00,MEO-02,MEO,5.904486127641615,0.9902686148940738,0.8912417534046665,1.0892954763834812
2024-01-05 17:15:00,MEO-02,MEO,5.861078330821799,0.8835346946909789,0.7951812252218811,0.9718881641600768
2024-01-05 17:30:00,MEO-02,MEO,5.544705153058425,0.8876229056915762,0.7988606151224186,0.976385196260734
2024-01-05 17:45:00,MEO-02,MEO,5.374189033029394,0.8834294098959297,0.7950864689063367,0.9717723508855227
2024-01-05 18:00:00,MEO-02,MEO,5.350306300136277,0.7393066944468082,0.6653760250021273,0.813237363891489
2024-01-05 18:15:00,MEO-02,MEO,5.430333839135444,0.7030942819120236,0.6327848537208213,0.7734037101032261
2024-01-05 18:30:00,MEO-02,MEO,5.342237428989449,0.6289646850985846,0.5660682165887262,0.6918611536084431
2024-01-05 18:45:00,MEO-02,MEO,5.244402884732931,0.7836820557288543,0.7053138501559689,0.8620502613017398
2024-01-05 19:00:00,MEO-02,MEO,5.089737056847395,0.8273474339294001,0.7446126905364602,0.9100821773223402
2024-01-05 19:15:00,MEO-02,MEO,5.38784655592041,0.7125426452694498,0.6412883807425048,0.7837969097963948
2024-01-05 19:30:00,MEO-02,MEO,5.001877392296491,0.9688490242517226,0.8719641218265504,1.065733926676895
2024-01-05 19:45:00,MEO-02,MEO,5.030778477188283,0.8351747181263981,0.7516572463137583,0.918692189939038
2024-01-05 20:00:00,MEO-02,MEO,5.597352062338697,0.7866490129011147,0.7079841116110032,0.8653139141912262
2024-01-05 20:15:00,MEO-02,MEO,4.470334530525615,1.135834522184687,1.0222510699662184,1.249417974403156
2024-01-05 20:30:00,MEO-02,MEO,5.240276025625932,0.9260812279931259,0.8334731051938133,1.0186893507924386
2024-01-05 20:45:00,MEO-02,MEO,5.7728210285654695,1.233977677938024,1.1105799101442217,1.3573754457318266
2024-01-05 21:00:00,MEO-02,MEO,5.8918929278184144,1.2915044572994048,1.1623540115694644,1.4206549030293454
2024-01-05 21:15:00,MEO-02,MEO,6.493366536101462,1.339135369584015,1.2052218326256134,1.4730489065424166
2024-01-05 21:30:00,MEO-02,MEO,6.098469720949316,1.3529762268618868,1.2176786041756982,1.4882738495480756
2024-01-05 21:45:00,MEO-02,MEO,6.19434711868035,1.5163814621472285,1.3647433159325058,1.6680196083619514
2024-01-05 22:00:00,MEO-02,MEO,6.45641487929546,1.6401871749825196,1.4761684574842677,1.8042058924807718
2024-01-05 22:15:00,MEO-02,MEO,6.859290674686154,1.5550651605426908,1.3995586444884218,1.71057167659696
2024-01-05 22:30:00,MEO-02,MEO,7.424465046704678,1.7858553494396439,1.6072698144956794,1.9644408843836083
2024-01-05 22:45:00,MEO-02,MEO,7.661834749724669,1.851012768005215,1.6659114912046935,2.036114044805737
2024-01-05 23:00:00,MEO-02,MEO,7.46463792368802,1.8626400589725869,1.6763760530753282,2.0489040648698458
2024-01-05 23:15:00,MEO-02,MEO,7.754630673855393,1.8516460051315855,1.666481404618427,2.036810605644744
2024-01-05 23:30:00,MEO-02,MEO,7.735142526911985,2.0169451106552403,1.8152505995897164,2.2186396217207647
2024-01-05 23:45:00,MEO-02,MEO,7.9386559134254435,2.021374198518506,1.8192367786666552,2.2235116183703565
2024-01-06 00:00:00,MEO-02,MEO,8.362606371472216,1.9285997351837312,1.735739761665358,2.1214597087021043
2024-01-06 00:15:00,MEO-02,MEO,8.632426618065699,1.9997740928756194,1.7997966835880574,2.1997515021631813
2024-01-06 00:30:00,MEO-02,MEO,8.16187742455798,2.103812774310036,1.8934314968790324,2.31419405174104
2024-01-06 00:45:00,MEO-02,MEO,8.473226735163404,2.046315336095317,1.8416838024857851,2.2509468697048485
2024-01-06 01:00:00,MEO-02,MEO,8.39893920342648,2.112693267486868,1.9014239407381812,2.323962594235555
2024-01-06 01:15:00,MEO-02,MEO,8.693308745785878,1.9771988822188562,1.7794789939969706,2.1749187704407418
2024-01-06 01:30:00,MEO-02,MEO,8.368254719588165,1.893720443464711,1.70434839911824,2.0830924878111823
2024-01-06 01:45:00,MEO-02,MEO,7.942743125859744,2.1094255649029163,1.8984830084126247,2.320368121393208
2024-01-06 02:00:00,MEO-02,MEO,8.606212408672562,1.7514664928645685,1.5763198435781116,1.9266131421510255
2024-01-06 02:15:00,MEO-02,MEO,8.183832483721737,1.7905994699727183,1.6115395229754466,1.9696594169699904
2024-01-06 02:30:00,MEO-02,MEO,8.089722598268008,1.7912609482569473,1.6121348534312525,1.9703870430826422
2024-01-06 02:45:00,MEO-02,MEO,8.106242505475155,1.7808150796784377,1.602733571710594,1.9588965876462816
2024-01-06 03:00:00,MEO-02,MEO,7.924000564652476,1.6826410065163275,1.5143769058646948,1.8509051071679605
2024-01-06 03:15:00,MEO-02,MEO,7.772094978603234,1.74203783980601,1.567834055825409,1.9162416237866111
2024-01-06 03:30:00,MEO-02,MEO,7.060154194141145,1.4724702701998509,1.3252232431798658,1.6197172972198361
2024-01-06 03:45:00,MEO-02,MEO,7.407086780713469,1.3366482378732107,1.2029834140858897,1.470313061660532
2024-01-06 04:00:00,MEO-02,MEO,6.585875542556499,1.3147287185776722,1.183255846719905,1.4462015904354395
2024-01-06 04:15:00,MEO-02,MEO,7.049272035413731,1.2350528712270423,1.111547584104338,1.3585581583497466
2024-01-06 04:30:00,MEO-02,MEO,6.932757243574418,1.1873401346860664,1.0686061212174598,1.3060741481546732
2024-01-06 04:45:00,MEO-02,MEO,6.113739840533906,1.0513755534231024,0.9462379980807922,1.1565131087654128
2024-01-06 05:00:00,MEO-02,MEO,6.350889596264118,1.1360141299011628,1.0224127169110466,1.2496155428912792
2024-01-06 05:15:00,MEO-02,MEO,6.359792084936292,1.0534362481435298,0.9480926233291768,1.1587798729578829
2024-01-06 05:30:00,MEO-02,MEO,5.827129238796527,0.881203047216156,0.7930827424945405,0.9693233519377717
2024-01-06 05:45:00,MEO-02,MEO,5.971904126593783,1.0271230872882797,0.9244107785594518,1.1298353960171077
2024-01-06 06:00:00,MEO-02,MEO,4.994204841056769,0.8615634202807952,0.7754070782527157,0.9477197623088749
2024-01-06 06:15:00,MEO-02,MEO,5.877428935504751,0.8185388619521401,0.7366849757569262,0.9003927481473541
2024-01-06 06:30:00,MEO-02,MEO,5.549841209673572,0.9169927850256288,0.8252935065230659,1.0086920635281917
2024-01-06 06:45:00,MEO-02,MEO,5.445891727551015,0.7764867135037965,0.6988380421534168,0.8541353848541762
2024-01-06 07:00:00,MEO-02,MEO,5.753816705969672,0.9815768924766414,0.8834192032289773,1.0797345817243056
2024-01-06 07:15:00,MEO-02,MEO,5.96743017919955,0.7345616483190337,0.6611054834871304,0.8080178131509371
2024-01-06 07:30:00,MEO-02,MEO,5.713554026613442,0.9161066188434802,0.8244959569591322,1.0077172807278283
2024-01-06 07:45:00,MEO-02,MEO,6.080388208349184,1.1702095391547611,1.053188585239285,1.2872304930702374
2024-01-06 08:00:00,MEO-02,MEO,5.403882415231684,1.0432332811384037,0.9389099530245634,1.1475566092522442
2024-01-06 08:15:00,MEO-02,MEO,6.098943202948984,1.118558871409915,1.0067029842689237,1.2304147585509067
2024-01-06 08:30:00,MEO-02,MEO,6.063854007582048,1.3290526299554701,1.1961473669599232,1.4619578929510173
2024-01-06 08:45:00,MEO-02,MEO,6.0858042788529705,1.2366512852946832,1.1129861567652148,1.3603164138241515
2024-01-06 09:00:00,MEO-02,MEO,6.005371600864234,1.4381269477736132,1.294314252996252,1.5819396425509746
2024-01-06 09:15:00,MEO-02,MEO,6.8605884973831675,1.5507430923242893,1.3956687830918604,1.7058174015567185
2024-01-06 09:30:00,MEO-02,MEO,7.158438613801678,1.5763176454843186,1.4186858809358869,1.7339494100327506
2024-01-06 09:45:00,MEO-02,MEO,7.515208328252835,1.503802890381156,1.3534226013430404,1.6541831794192718
2024-01-06 10:00:00,MEO-02,MEO,7.718105453229292,1.651226513982004,1.4861038625838037,1.8163491653802044
2024-01-06 10:15:00,MEO-02,MEO,7.475521462915194,1.994256580096171,1.794830922086554,2.1936822381057883
2024-01-06 10:30:00,MEO-02,MEO,8.231748387574672,1.8117405610318775,1.6305665049286897,1.9929146171350653
2024-01-06 10:45:00,MEO-02,MEO,8.490958228754703,2.1586861547294713,1.9428175392565243,2.3745547702024186
2024-01-06 11:00:00,MEO-02,MEO,8.297986040073917,2.1191500934943717,1.9072350841449346,2.331065102843809
2024-01-06 11:15:00,MEO-02,MEO,8.575828322159072,2.0794465561609665,1.8715019005448699,2.2873912117770634
2024-01-06 11:30:00,MEO-02,MEO,8.522113013473149,2.1091242609002565,1.8982118348102308,2.3200366869902824
2024-01-06 11:45:00,MEO-02,MEO,9.290861303905245,2.0867602912484524,1.8780842621236071,2.2954363203732977
2024-01-06 12:00:00,MEO-02,MEO,8.68296390308474,2.1460004986001353,1.9314004487401217,2.360600548460149
2024-01-06 12:15:00,MEO-02,MEO,9.307838019636325,2.1173016226882524,1.9055714604194272,2.3290317849570776
2024-01-06 12:30:00,MEO-02,MEO,9.109064257081798,2.1764352645639264,1.958791738107534,2.3940787910203194
2024-01-06 12:45:00,MEO-02,MEO,9.035034228442388,2.0714102930497513,1.8642692637447762,2.2785513223547267
2024-01-06 13:00:00,MEO-02,MEO,8.86565457830779,2.055789952519892,1.850210957267903,2.2613689477718815
2024-01-06 13:15:00,MEO-02,MEO,9.271023490667055,2.2518488685162175,2.026663981664596,2.4770337553678394
2024-01-06 13:30:00,MEO-02,MEO,8.967582034559873,1.9879642855993187,1.789167857039387,2.186760714159251
2024-01-06 13:45:00,MEO-02,MEO,9.225645838219817,2.1480654055667534,1.9332588650100782,2.362871946123429
2024-01-06 14:00:00,MEO-02,MEO,9.551810265873534,1.8776245214433267,1.689862069298994,2.0653869735876595
2024-01-06 14:15:00,MEO-02,MEO,9.02907238280071,2.02419464364001,1.8217751792760088,2.226614108004011
2024-01-06 14:30:00,MEO-02,MEO,9.322154199839952,1.8955113582226242,1.7059602224003618,2.085062494044887
2024-01-06 14:45:00,MEO-02,MEO,8.397393770283223,1.9508706622176117,1.7557835959958505,2.145957728439373
2024-01-06 15:00:00,MEO-02,MEO,8.12230829935644,1.7476024979556595,1.5728422481600937,1.9223627477512255
2024-01-06 15:15:00,MEO-02,MEO,7.9681320051148825,1.5396109126299815,1.3856498213669834,1.6935720038929798
2024-01-06 15:30:00,MEO-02,MEO,7.977309872830121,1.6100722411746784,1.4490650170572106,1.7710794652921464
2024-01-06 15:45:00,MEO-02,MEO,8.43320141040407,1.5624967416581974,1.4062470674923777,1.7187464158240173
2024-01-06 16:00:00,MEO-02,MEO,7.089981748816129,1.4649831867855558,1.3184848681070003,1.6114815054641116
2024-01-06 16:15:00,MEO-02,MEO,7.411722519727895,1.4498966168874248,1.3049069551986823,1.5948862785761673
2024-01-06 16:30:00,MEO-02,MEO,6.8354726359595315,1.2908896962059384,1.1618007265853445,1.4199786658265323
2024-01-06 16:45:00,MEO-02,MEO,6.714600601395512,1.1721393478845077,1.054925413096057,1.2893532826729586
2024-01-06 17:00:00,MEO-02,MEO,6.226523192358257,1.1365547337291142,1.0228992603562028,1.2502102071020258
2024-01-06 17:15:00,MEO-02,MEO,6.545461643060747,1.1257454414673873,1.0131708973206486,1.238319985614126
2024-01-06 17:30:00,MEO-02,MEO,6.117059300097784,1.0836026218753292,0.9752423596877963,1.1919628840628622
2024-01-06 17:45:00,MEO-02,MEO,6.223225076285951,1.2854078674920077,1.156867080742807,1.4139486542412087
2024-01-06 18:00:00,MEO-02,MEO,5.84234069451481,1.170127374199316,1.0531146367793844,1.2871401116192476
2024-01-06 18:15:00,MEO-02,MEO,5.189124481442013,1.1113378361174837,1.0002040525057354,1.2224716197292322
2024-01-06 18:30:00,MEO-02,MEO,5.8480436954892445,1.0889244872032946,0.9800320384829652,1.1978169359236241
2024-01-06 18:45:00,MEO-02,MEO,5.002477276205919,1.0843329659370262,0.9758996693433236,1.192766262530729
2024-01-06 19:00:00,MEO-02,MEO,5.0010752482619285,1.1020536897363538,0.9918483207627184,1.2122590587099893
2024-01-06 19:15:00,MEO-02,MEO,5.233619384943427,1.117968756661216,1.0061718809950944,1.2297656323273376
2024-01-06 19:30:00,MEO-02,MEO,5.2628837198264815,1.1449021582706143,1.030411942443553,1.2593923740976758
2024-01-06 19:45:00,MEO-02,MEO,5.894823519282099,1.020086423536776,0.9180777811830984,1.1220950658904536
2024-01-06 20:00:00,MEO-02,MEO,5.590008801354312,1.2118728336595872,1.0906855502936286,1.333060117025546
2024-01-06 20:15:00,MEO-02,MEO,6.060099220623112,1.2834986210476704,1.1551487589429035,1.4118484831524376
2024-01-06 20:30:00,MEO-02,MEO,5.748196932719495,1.3104785754765425,1.1794307179288883,1.4415264330241968
2024-01-06 20:45:00,MEO-02,MEO,6.1355348431096095,1.3988296164352827,1.2589466547917545,1.5387125780788111
2024-01-06 21:00:00,MEO-02,MEO,6.361763922095028,1.5443488122700375,1.3899139310430337,1.6987836934970415
2024-01-06 21:15:00,MEO-02,MEO,6.62239615124078,1.6614522429086505,1.4953070186177855,1.8275974671995157
2024-01-06 21:30:00,MEO-02,MEO,6.551792902341477,1.7052111349389207,1.5346900214450288,1.875732248432813
2024-01-06 21:45:00,MEO-02,MEO,6.804013951660151,1.8220272129431718,1.6398244916488547,2.004229934237489
2024-01-06 22:00:00,MEO-02,MEO,7.074398998589949,1.9035910228175599,1.713231920535804,2.093950125099316
2024-01-06 22:15:00,MEO-02,MEO,6.976166113839053,1.8964275480447335,1.7067847932402602,2.086070302849207
2024-01-06 22:30:00,MEO-02,MEO,7.607573259342174,2.0362440478676866,1.832619643080918,2.2398684526544557
2024-01-06 22:45:00,MEO-02,MEO,7.766874011176663,1.9233070039465803,1.7309763035519223,2.1156377043412387
2024-01-06 23:00:00,MEO-02,MEO,8.233155392608227,2.0949239488163895,1.8854315539347506,2.3044163436980285
2024-01-06 23:15:00,MEO-02,MEO,8.323699422393275,2.1410098634870023,1.926908877138302,2.3551108498357025
2024-01-06 23:30:00,MEO-02,MEO,8.831633950018418,2.3510886609187107,2.1159797948268397,2.586197527010582
2024-01-06 23:45:00,MEO-02,MEO,8.692477496571374,2.2941501407104274,2.064735126639385,2.5235651547814704
2024-01-07 00:00:00,MEO-02,MEO,8.689745055086874,2.189594177013293,1.9706347593119637,2.4085535947146224
2024-01-07 00:15:00,MEO-02,MEO,8.975552487453239,2.363203257225353,2.1268829315028177,2.5995235829478887
2024-01-07 00:30:00,MEO-02,MEO,9.246494565923744,2.3975450421107025,2.1577905378996323,2.6372995463217728
2024-01-07 00:45:00,MEO-02,MEO,8.698440206212315,2.316449768270308,2.0848047914432772,2.548094745097339
2024-01-07 01:00:00,MEO-02,MEO,9.010150998770895,2.3675091055272954,2.130758194974566,2.6042600160800253
2024-01-07 01:15:00,MEO-02,MEO,9.03305105795555,2.09134802243436,1.882213220190924,2.3004828246777964
2024-01-07 01:30:00,MEO-02,MEO,9.297385686925665,2.0442402741562047,1.8398162467405843,2.2486643015718255
2024-01-07 01:45:00,MEO-02,MEO,9.28543290667663,2.1261178120165383,1.9135060308148846,2.338729593218192
2024-01-07 02:00:00,MEO-02,MEO,9.109851073882297,2.184335270800517,1.9659017437204653,2.4027687978805687
2024-01-07 02:15:00,MEO-02,MEO,8.369298272432943,2.239633734599758,2.015670361139782,2.463597108059734
2024-01-07 02:30:00,MEO-02,MEO,8.455858392471086,1.965240888356558,1.768716799520902,2.161764977192214
2024-01-07 02:45:00,MEO-02,MEO,8.666866981966926,1.9201081709634151,1.7280973538670736,2.112118988059757
2024-01-07 03:00:00,MEO-02,MEO,8.439679209053732,1.9244875635571643,1.7320388072014479,2.116936319912881
2024-01-07 03:15:00,MEO-02,MEO,8.38866156965315,1.8042256110784867,1.623803049970638,1.9846481721863356
2024-01-07 03:30:00,MEO-02,MEO,8.079492355872837,1.7244168801349853,1.5519751921214868,1.896858568148484
2024-01-07 03:45:00,MEO-02,MEO,8.380174555270617,1.6592429070529788,1.493318616347681,1.8251671977582768
2024-01-07 04:00:00,MEO-02,MEO,7.21890864496164,1.723961475102731,1.551565327592458,1.8963576226130043
2024-01-07 04:15:00,MEO-02,MEO,7.661792068379946,1.6364157319404036,1.4727741587463632,1.8000573051344442
2024-01-07 04:30:00,MEO-02,MEO,7.589418935616653,1.4811552875189167,1.333039758767025,1.6292708162708085
2024-01-07 04:45:00,MEO-02,MEO,7.360508901833823,1.5488070204348459,1.3939263183913613,1.7036877224783307
2024-01-07 05:00:00,MEO-02,MEO,7.19485400664804,1.4004859104328018,1.2604373193895217,1.540534501476082
2024-01-07 05:15:00,MEO-02,MEO,7.057530690659432,1.4025553574259417,1.2622998216833476,1.542810893168536
2024-01-07 05:30:00,MEO-02,MEO,6.517639583266616,1.1999437830044242,1.0799494047039817,1.3199381613048666
2024-01-07 05:45:00,MEO-02,MEO,6.257378506951399,1.1838609121850174,1.0654748209665157,1.3022470034035192
2024-01-07 06:00:00,MEO-02,MEO,5.911140302093521,1.1598053551861054,1.0438248196674949,1.275785890704716
2024-01-07 06:15:00,MEO-02,MEO,6.241483608552986,1.1927003174713928,1.0734302857242535,1.3119703492185322
2024-01-07 06:30:00,MEO-02,MEO,6.0772137800405766,1.201273542945427,1.0811461886508844,1.32140089723997
2024-01-07 06:45:00,MEO-02,MEO,6.530005686153318,1.2295223694097301,1.1065701324687571,1.3524746063507032
2024-01-07 07:00:00,MEO-02,MEO,6.165171226234778,1.378739033199241,1.240865129879317,1.5166129365191654
2024-01-07 07:15:00,MEO-02,MEO,6.006760736990678,1.3058451203878425,1.1752606083490582,1.4364296324266268
2024-01-07 07:30:00,MEO-02,MEO,6.024245613813679,1.2437462933488281,1.1193716640139453,1.368120922683711
2024-01-07 07:45:00,MEO-02,MEO,6.90466916206193,1.3304105984094963,1.1973695385685468,1.463451658250446
2024-01-07 08:00:00,MEO-02,MEO,6.87802014648479,1.5050353882677205,1.3545318494409486,1.6555389270944927
2024-01-07 08:15:00,MEO-02,MEO,6.828418374541224,1.5085100705009777,1.35765906345088,1.6593610775510756
2024-01-07 08:30:00,MEO-02,MEO,7.219203919607863,1.6329759939651889,1.46967839456867,1.796273593361708
2024-01-07 08:45:00,MEO-02,MEO,7.84841984094256,1.5479397078749095,1.3931457370874185,1.7027336786624006
2024-01-07 09:00:00,MEO-02,MEO,7.481460295874298,1.60659296544258,1.445933668898322,1.767252261986838
2024-01-07 09:15:00,MEO-02,MEO,7.970732909363792,1.6875184582770189,1.518766612449317,1.8562703041047208
2024-01-07 09:30:00,MEO-02,MEO,8.327569856649394,1.7923502963276732,1.6131152666949058,1.9715853259604406
2024-01-07 09:45:00,MEO-02,MEO,7.798185164411288,1.8208060307028862,1.6387254276325975,2.002886633773175
2024-01-07 10:00:00,MEO-02,MEO,8.35571823602239,2.0096348229221768,1.808671340629959,2.2105983052143947
2024-01-07 10:15:00,MEO-02,MEO,9.025059038588743,2.088631972633012,1.8797687753697108,2.297495169896313
2024-01-07 10:30:00,MEO-02,MEO,8.825584645840255,2.2445586861343174,2.0201028175208857,2.4690145547477496
2024-01-07 10:45:00,MEO-02,MEO,9.336866199462804,2.0654327999031854,1.858889519912867,2.2719760798935043
2024-01-07 11:00:00,MEO-02,MEO,9.26470011847511,2.1933767600812093,1.9740390840730884,2.4127144360893302
2024-01-07 11:15:00,MEO-02,MEO,9.548671777222426,2.388841426239882,2.1499572836158936,2.62772556886387
2024-01-07 11:30:00,MEO-02,MEO,9.705149110703001,2.38649736386361,2.1478476274772493,2.6251471002499716
2024-01-07 11:45:00,MEO-02,MEO,10.171145766535112,2.4140043514358847,2.1726039162922963,2.6554047865794734
2024-01-07 12:00:00,MEO-02,MEO,9.833099851547509,2.5406958083314515,2.2866262274983065,2.794765389164597
2024-01-07 12:15:00,MEO-02,MEO,9.920604346218774,2.3780772142623308,2.1402694928360977,2.615884935688564
2024-01-07 12:30:00,MEO-02,MEO,10.60693949699607,2.4097010207234026,2.1687309186510624,2.650671122795743
2024-01-07 12:45:00,MEO-02,MEO,10.468715918532165,2.399138932071105,2.1592250388639944,2.6390528252782155
2024-01-07 13:00:00,MEO-02,MEO,9.560819876730333,2.2944929853191187,2.065043686787207,2.5239422838510306
2024-01-07 13:15:00,MEO-02,MEO,9.935816737775802,2.4448670134433717,2.2003803120990346,2.689353714787709
2024-01-07 13:30:00,MEO-02,MEO,10.612138365281735,2.3615948527809985,2.1254353675028987,2.5977543380590986
2024-01-07 13:45:00,MEO-02,MEO,9.789687600650003,2.3050162838741155,2.074514655486704,2.5355179122615272
2024-01-07 14:00:00,MEO-02,MEO,10.353206564912803,2.242575082278245,2.0183175740504207,2.46683259050607
2024-01-07 14:15:00,MEO-02,MEO,9.59440798089456,2.258877895270721,2.0329901057436492,2.4847656847977935
2024-01-07 14:30:00,MEO-02,MEO,9.486128815052785,2.134708939935596,1.9212380459420364,2.3481798339291555
2024-01-07 14:45:00,MEO-02,MEO,9.580649056857352,2.149364763468228,1.9344282871214054,2.364301239815051
2024-01-07 15:00:00,MEO-02,MEO,9.141785839024955,2.097370463319084,1.8876334169871758,2.3071075096509928
2024-01-07 15:15:00,MEO-02,MEO,9.070336195486137,1.9632819010699203,1.7669537109629283,2.1596100911769125
2024-01-07 15:30:00,MEO-02,MEO,9.10911631576652,1.882591728131096,1.6943325553179864,2.0708509009442055
2024-01-07 15:45:00,MEO-02,MEO,8.663958605387572,1.8510371717060723,1.6659334545354652,2.03614088887668
2024-01-07 16:00:00,MEO-02,MEO,8.262687593662053,1.759707415803587,1.5837366742232284,1.9356781573839459
2024-01-07 16:15:00,MEO-02,MEO,8.396982584037325,1.7967747349028511,1.617097261412566,1.9764522083931364
2024-01-07 16:30:00,MEO-02,MEO,7.951429972359076,1.6479759823734421,1.483178384136098,1.8127735806107865
2024-01-07 16:45:00,MEO-02,MEO,7.308959706804552,1.6473324761763304,1.4825992285586973,1.8120657237939635
2024-01-07 17:00:00,MEO-02,MEO,7.757841111956459,1.5518415199291966,1.396657367936277,1.7070256719221164
2024-01-07 17:15:00,MEO-02,MEO,7.208062593484044,1.3480073730858686,1.2132066357772817,1.4828081103944555
2024-01-07 17:30:00,MEO-02,MEO,6.7964155245397375,1.3673633163769752,1.2306269847392777,1.5040996480146729
2024-01-07 17:45:00,MEO-02,MEO,6.167951425886579,1.3755442802745659,1.2379898522471093,1.5130987083020226
2024-01-07 18:00:00,MEO-02,MEO,6.17592943441114,1.4256684809865734,1.2831016328879161,1.568235329085231
2024-01-07 18:15:00,MEO-02,MEO,6.818858336756853,1.4971001348309136,1.3473901213478223,1.6468101483140052
2024-01-07 18:30:00,MEO-02,MEO,6.73061844290868,1.3009857111402636,1.1708871400262373,1.4310842822542902
2024-01-07 18:45:00,MEO-02,MEO,6.24884258488728,1.3512456702180198,1.2161211031962178,1.486370237239822
2024-01-07 19:00:00,MEO-02,MEO,5.747784008417797,1.4281205439208755,1.285308489528788,1.5709325983129632
2024-01-07 19:15:00,MEO-02,MEO,5.912970374984322,1.3867536670165634,1.2480783003149072,1.52542903371822
2024-01-07 19:30:00,MEO-02,MEO,5.804699650722805,1.5596943691701095,1.4037249322530987,1.7156638060871205
2024-01-07 19:45:00,MEO-02,MEO,5.852584496378924,1.3660865883500735,1.2294779295150662,1.502695247185081
2024-01-07 20:00:00,MEO-02,MEO,6.861292623696766,1.5821186040089754,1.423906743608078,1.7403304644098732
2024-01-07 20:15:00,MEO-02,MEO,6.985026508153702,1.6426537410806503,1.4783883669725852,1.8069191151887154
2024-01-07 20:30:00,MEO-02,MEO,6.331758647395243,1.7490335143894806,1.5741301629505327,1.9239368658284288
2024-01-07 20:45:00,MEO-02,MEO,6.775733640303187,1.7347554745056555,1.5612799270550899,1.908231021956221
2024-01-07 21:00:00,MEO-02,MEO,6.643848437654661,1.8780845836342694,1.6902761252708425,2.0658930419976964
2024-01-07 21:15:00,MEO-02,MEO,7.166364418767131,1.8665878923197181,1.6799291030877463,2.05324668155169
2024-01-07 21:30:00,MEO-02,MEO,7.799644550208345,1.903634911630667,1.7132714204676003,2.093998402793734
2024-01-07 21:45:00,MEO-02,MEO,7.8899515699777645,1.973329428224884,1.7759964854023957,2.1706623710473725
2024-01-07 22:00:00,MEO-02,MEO,8.059822045337931,2.01394420062858,1.812549780565722,2.2153386206914383
2024-01-07 22:15:00,MEO-02,MEO,8.049448987654737,2.171569287472003,1.9544123587248028,2.3887262162192036
2024-01-07 22:30:00,MEO-02,MEO,8.652765214715561,2.3056125162983157,2.075051264668484,2.5361737679281475
2024-01-07 22:45:00,MEO-02,MEO,8.733186972148763,2.332840229895963,2.099556206906367,2.56612425288556
2024-01-07 23:00:00,MEO-02,MEO,8.897840774974966,2.4279812502292053,2.1851831252062848,2.670779375252126
2024-01-07 23:15:00,MEO-02,MEO,8.980746505635608,2.5664223073014423,2.309780076571298,2.823064538031587
2024-01-07 23:30:00,MEO-02,MEO,9.285856444590967,2.473657588133741,2.226291829320367,2.7210233469471152
2024-01-07 23:45:00,MEO-02,MEO,9.45574298279376,2.740880872401587,2.4667927851614286,3.014968959641746
2024-01-08 00:00:00,MEO-02,MEO,9.403663278430573,2.643243938691001,2.3789195448219007,2.907568332560101
2024-01-08 00:15:00,MEO-02,MEO,9.476123759037185,2.58635649030352,2.327720841273168,2.844992139333872
2024-01-08 00:30:00,MEO-02,MEO,9.524950726179055,2.593668202230793,2.334301382007714,2.8530350224538727
2024-01-08 00:45:00,MEO-02,MEO,9.617250990768378,2.52944648071756,2.276501832645804,2.782391128789316
2024-01-08 01:00:00,MEO-02,MEO,9.850662120146227,2.5967052692727326,2.3370347423454594,2.8563757962000063
2024-01-08 01:15:00,MEO-02,MEO,9.82714872773519,2.404550917744104,2.1640958259696936,2.6450060095185144
2024-01-08 01:30:00,MEO-02,MEO,9.74817941011285,2.6471213513985026,2.3824092162586523,2.9118334865383533
2024-01-08 01:45:00,MEO-02,MEO,9.68864061362705,2.2815564821851884,2.0534008339666694,2.5097121304037073
2024-01-08 02:00:00,MEO-02,MEO,9.866238859009842,2.462226167886169,2.216003551097552,2.7084487846747862
2024-01-08 02:15:00,MEO-02,MEO,10.04208437456571,2.312015508191441,2.080813957372297,2.5432170590105856
2024-01-08 02:30:00,MEO-02,MEO,9.574833728557868,2.285734806579516,2.0571613259215646,2.5143082872374682
2024-01-08 02:45:00,MEO-02,MEO,9.416241947878211,2.2291042042588765,2.006193783832989,2.4520146246847645
2024-01-08 03:00:00,MEO-02,MEO,9.040049602272209,2.357923137762369,2.122130823986132,2.593715451538606
2024-01-08 03:15:00,MEO-02,MEO,9.040276232553673,2.041825053505412,1.8376425481548708,2.246007558855953
2024-01-08 03:30:00,MEO-02,MEO,9.20315069219127,2.1279669005284987,1.915170210475649,2.3407635905813486
2024-01-08 03:45:00,MEO-02,MEO,8.96535392516778,2.072267035655091,1.8650403320895819,2.2794937392206003
2024-01-08 04:00:00,MEO-02,MEO,8.98861527315185,1.7181781350279997,1.5463603215251998,1.8899959485307998
2024-01-08 04:15:00,MEO-02,MEO,8.774330163712424,1.784370762766669,1.605933686490002,1.9628078390433361
2024-01-08 04:30:00,MEO-02,MEO,8.445827268876965,1.884508464427793,1.6960576179850138,2.0729593108705724
2024-01-08 04:45:00,MEO-02,MEO,8.239653874024942,1.5977407177299479,1.4379666459569531,1.7575147895029428
2024-01-08 05:00:00,MEO-02,MEO,8.013451137228909,1.742099720305164,1.5678897482746477,1.9163096923356806
2024-01-08 05:15:00,MEO-02,MEO,7.674758189458558,1.5952884954170103,1.4357596458753092,1.7548173449587114
2024-01-08 05:30:00,MEO-02,MEO,7.643787200482254,1.550373717709125,1.3953363459382127,1.7054110894800376
2024-01-08 05:45:00,MEO-02,MEO,7.540877163032077,1.5281884007686624,1.3753695606917962,1.6810072408455288
2024-01-08 06:00:00,MEO-02,MEO,7.532330667006175,1.5268356802945289,1.374152112265076,1.6795192483239818
2024-01-08 06:15:00,MEO-02,MEO,7.3114262346441805,1.409661037893404,1.2686949341040636,1.5506271416827446
2024-01-08 06:30:00,MEO-02,MEO,7.752115202182367,1.4621209165921525,1.3159088249329374,1.6083330082513678
2024-01-08 06:45:00,MEO-02,MEO,6.891378229384528,1.519710053106617,1.3677390477959552,1.6716810584172788
2024-01-08 07:00:00,MEO-02,MEO,7.379907474625208,1.5215155061733185,1.3693639555559867,1.6736670567906506
2024-01-08 07:15:00,MEO-02,MEO,7.208279040547779,1.562554910317708,1.4062994192859373,1.7188104013494792
2024-01-08 07:30:00,MEO-02,MEO,7.276143843745554,1.5139086610431147,1.3625177949388032,1.6652995271474262
2024-01-08 07:45:00,MEO-02,MEO,7.158547998948251,1.6677304807828557,1.50095743270457,1.8345035288611413
2024-01-08 08:00:00,MEO-02,MEO,7.730521252114581,1.6812320624437975,1.5131088561994177,1.8493552686881773
2024-01-08 08:15:00,MEO-02,MEO,7.7791485840097385,1.6059776742249634,1.445379906802467,1.76657544164746
2024-01-08 08:30:00,MEO-02,MEO,7.988746526935519,1.757597694800135,1.5818379253201216,1.9333574642801488
2024-01-08 08:45:00,MEO-02,MEO,8.008652613175773,1.8013880026082385,1.6212492023474148,1.9815268028690625
2024-01-08 09:00:00,MEO-02,MEO,8.089800462858872,1.8773296363572585,1.6895966727215326,2.0650625999929844
2024-01-08 09:15:00,MEO-02,MEO,8.374483554935345,1.9916376192158787,1.7924738572942909,2.190801381137467
2024-01-08 09:30:00,MEO-02,MEO,8.731464719900462,2.160060965820135,1.9440548692381217,2.3760670624021487
2024-01-08 09:45:00,MEO-02,MEO,8.36179080421357,2.14219928678595,1.927979358107355,2.356419215464545
2024-01-08 10:00:00,MEO-02,MEO,9.32569826765338,2.2904980040723677,2.061448203665131,2.5195478044796045
2024-01-08 10:15:00,MEO-02,MEO,9.958479295289534,2.3550079938543824,2.119507194468944,2.5905087932398208
2024-01-08 10:30:00,MEO-02,MEO,9.71263797742399,2.3616062514223266,2.125445626280094,2.5977668765645596
2024-01-08 10:45:00,MEO-02,MEO,9.755121903663778,2.465142584762431,2.218628326286188,2.7116568432386745
2024-01-08 11:00:00,MEO-02,MEO,10.006155414656234,2.624568897728345,2.3621120079555107,2.8870257875011798
2024-01-08 11:15:00,MEO-02,MEO,10.429089050903688,2.6228534880989396,2.360568139289046,2.8851388369088338
2024-01-08 11:30:00,MEO-02,MEO,10.374561606345718,2.702199738544994,2.4319797646904946,2.9724197123994935
2024-01-08 11:45:00,MEO-02,MEO,10.821290756015689,2.798693873703701,2.518824486333331,3.078563261074071
2024-01-08 12:00:00,MEO-02,MEO,10.700857717233395,2.760856460739117,2.484770814665205,3.036942106813029
2024-01-08 12:15:00,MEO-02,MEO,11.286123425140449,2.5916924363918272,2.3325231927526446,2.8508616800310103
2024-01-08 12:30:00,MEO-02,MEO,11.363402795055254,2.776121184691206,2.4985090662220855,3.053733303160327
2024-01-08 12:45:00,MEO-02,MEO,10.91293722328526,2.7038849603589368,2.433496464323043,2.9742734563948305
2024-01-08 13:00:00,MEO-02,MEO,10.997562896202425,2.886823832897147,2.598141449607432,3.1755062161868617
2024-01-08 13:15:00,MEO-02,MEO,11.002765014129203,2.7526571586454374,2.4773914427808936,3.0279228745099815
2024-01-08 13:30:00,MEO-02,MEO,10.964968938707397,2.642101991212327,2.3778917920910945,2.9063121903335603
2024-01-08 13:45:00,MEO-02,MEO,10.658165920575179,2.6954432981749767,2.425898968357479,2.9649876279924747
2024-01-08 14:00:00,MEO-02,MEO,10.299856686034921,2.6093863598872273,2.348447723898505,2.8703249958759502
2024-01-08 14:15:00,MEO-02,MEO,10.753830866158111,2.4093350408328376,2.168401536749554,2.6502685449161216
2024-01-08 14:30:00,MEO-02,MEO,10.557476749899964,2.5541109588667434,2.2986998629800692,2.809522054753418
2024-01-08 14:45:00,MEO-02,MEO,10.373288184277211,2.385670163400432,2.1471031470603887,2.6242371797404753
2024-01-08 15:00:00,MEO-02,MEO,9.887394829701352,2.4607595086204532,2.214683557758408,2.7068354594824986
2024-01-08 15:15:00,MEO-02,MEO,10.160084766749485,2.263367644844645,2.0370308803601804,2.4897044093291094
2024-01-08 15:30:00,MEO-02,MEO,9.45016368543044,2.3132066132849087,2.081885951956418,2.5445272746134
2024-01-08 15:45:00,MEO-02,MEO,9.43037920402806,2.156663738939288,1.9409973650453591,2.372330112833217
2024-01-08 16:00:00,MEO-02,MEO,8.31621714127572,2.126419258224233,1.9137773324018097,2.3390611840466566
2024-01-08 16:15:00,MEO-02,MEO,8.357235125018303,1.937490422502076,1.7437413802518684,2.1312394647522837
2024-01-08 16:30:00,MEO-02,MEO,8.129370923781686,1.937229229078575,1.7435063061707177,2.130952151986433
2024-01-08 16:45:00,MEO-02,MEO,7.912041697358351,1.7080608086996565,1.5372547278296909,1.8788668895696223
2024-01-08 17:00:00,MEO-02,MEO,7.367515645881371,1.7793116827767017,1.6013805144990316,1.957242851054372
2024-01-08 17:15:00,MEO-02,MEO,7.659509511712379,1.6211922962077194,1.4590730665869476,1.7833115258284915
2024-01-08 17:30:00,MEO-02,MEO,7.543055378867885,1.6070603304394087,1.4463542973954677,1.7677663634833496
2024-01-08 17:45:00,MEO-02,MEO,6.923259059037156,1.594601728124635,1.4351415553121716,1.7540619009370986
2024-01-08 18:00:00,MEO-02,MEO,6.669556234631813,1.6955006062804332,1.5259505456523899,1.8650506669084768
2024-01-08 18:15:00,MEO-02,MEO,6.637657287218226,1.6175602795215542,1.4558042515693987,1.7793163074737097
2024-01-08 18:30:00,MEO-02,MEO,6.855644881485961,1.628705637625778,1.4658350738632002,1.791576201388356
2024-01-08 18:45:00,MEO-02,MEO,6.514438813261724,1.619332159683093,1.4573989437147836,1.7812653756514023
2024-01-08 19:00:00,MEO-02,MEO,6.592896824287415,1.7370592765629904,1.5633533489066913,1.9107652042192895
2024-01-08 19:15:00,MEO-02,MEO,6.3524170865061365,1.6781772195731166,1.510359497615805,1.8459949415304284
2024-01-08 19:30:00,MEO-02,MEO,7.141531424395405,1.7345475885082566,1.561092829657431,1.9080023473590824
2024-01-08 19:45:00,MEO-02,MEO,6.721980052682897,1.7147632862070563,1.5432869575863508,1.886239614827762
2024-01-08 20:00:00,MEO-02,MEO,6.847359372359241,1.906303749531145,1.7156733745780306,2.09693412448426
2024-01-08 20:15:00,MEO-02,MEO,6.798677998199837,1.973621818936221,1.776259637042599,2.170984000829843
2024-01-08 20:30:00,MEO-02,MEO,6.806838930635397,1.940393297545092,1.7463539677905828,2.1344326272996015
2024-01-08 20:45:00,MEO-02,MEO,6.959840311645294,1.9695217594915984,1.7725695835424387,2.1664739354407585
2024-01-08 21:00:00,MEO-02,MEO,6.98907506706821,1.9639587747306675,1.7675628972576007,2.1603546522037345
2024-01-08 21:15:00,MEO-02,MEO,7.262896651261288,2.1035053128342636,1.8931547815508372,2.31385584411769
2024-01-08 21:30:00,MEO-02,MEO,7.343206505056489,2.080853003595843,1.8727677032362589,2.2889383039554274
2024-01-08 21:45:00,MEO-02,MEO,7.546393822883816,2.262728262776834,2.0364554364991507,2.4890010890545176
2024-01-08 22:00:00,MEO-02,MEO,8.58458871694149,2.444287978676464,2.1998591808088177,2.6887167765441107
2024-01-08 22:15:00,MEO-02,MEO,8.37306052183098,2.489319990011498,2.2403879910103486,2.738251989012648
2024-01-08 22:30:00,MEO-02,MEO,8.909041254732506,2.7530288001563505,2.4777259201407156,3.028331680171986
2024-01-08 22:45:00,MEO-02,MEO,8.578342729833945,2.6062802556648954,2.345652230098406,2.8669082812313853
2024-01-08 23:00:00,MEO-02,MEO,8.689299490119918,2.6626874182212004,2.3964186763990805,2.9289561600433207
2024-01-08 23:15:00,MEO-02,MEO,8.970492796035886,2.839127549139069,2.555214794225162,3.123040304052976
2024-01-08 23:30:00,MEO-02,MEO,9.306083747029941,2.647375604206386,2.3826380437857475,2.912113164627025
2024-01-08 23:45:00,MEO-02,MEO,9.598143579873014,2.7215897700178324,2.4494307930160493,2.993748747019616
2024-01-01 00:00:00,MEO-03,MEO,-0.43128722138654696,-0.42673135418633246,-0.38405821876769924,-0.4694044896049657
2024-01-01 00:15:00,MEO-03,MEO,-0.48395993019045525,-0.4942537630240839,-0.4448283867216755,-0.5436791393264924
2024-01-01 00:30:00,MEO-03,MEO,-0.23709738333269978,-0.5187543663635795,-0.46687892972722156,-0.5706298029999375
2024-01-01 00:45:00,MEO-03,MEO,-0.05859749273188955,-0.3233821822437976,-0.29104396401941784,-0.3557204004681774
2024-01-01 01:00:00,MEO-03,MEO,-0.21459191026448632,-0.2679380838493084,-0.24114427546437756,-0.29473189223423923
2024-01-01 01:15:00,MEO-03,MEO,-0.2550793078729282,0.005905070304204257,0.005314563273783832,0.006495577334624684
2024-01-01 01:30:00,MEO-03,MEO,-0.2600960909363006,-0.20612143771896377,-0.1855092939470674,-0.22673358149086018
2024-01-01 01:45:00,MEO-03,MEO,0.2696952935660637,-0.06935919994283334,-0.06242327994855,-0.07629511993711667
2024-01-01 02:00:00,MEO-03,MEO,0.891774067564062,-0.025014827943514124,-0.022513345149162714,-0.027516310737865538
2024-01-01 02:15:00,MEO-03,MEO,0.21879992112322866,0.10474627680242399,0.0942716491221816,0.11522090448266639
2024-01-01 02:30:00,MEO-03,MEO,0.918825663523282,0.18289602726166235,0.16460642453549612,0.2011856299878286
2024-01-01 02:45:00,MEO-03,MEO,0.6209126728358099,0.20647826748074227,0.18583044073266805,0.22712609422881652
2024-01-01 03:00:00,MEO-03,MEO,0.8128450798361198,0.388557496152058,0.3497017465368522,0.4274132457672638
2024-01-01 03:15:00,MEO-03,MEO,1.2947430240968778,0.4036915936271143,0.3633224342644029,0.4440607529898258
2024-01-01 03:30:00,MEO-03,MEO,1.1274535400410046,0.5919563790812359,0.5327607411731123,0.6511520169893595
2024-01-01 03:45:00,MEO-03,MEO,1.3668079261020405,0.4886860692797904,0.4398174623518114,0.5375546762077695
2024-01-01 04:00:00,MEO-03,MEO,1.4615087040522254,0.7376037867668956,0.6638434080902061,0.8113641654435853
2024-01-01 04:15:00,MEO-03,MEO,1.3192709628109143,0.6500088127405015,0.5850079314664514,0.7150096940145517
2024-01-01 04:30:00,MEO-03,MEO,1.7773511596512388,0.7594153236840153,0.6834737913156138,0.8353568560524169
2024-01-01 04:45:00,MEO-03,MEO,1.5848446593468395,0.6868047662500479,0.6181242896250432,0.7554852428750528
2024-01-01 05:00:00,MEO-03,MEO,1.2794794738118758,0.6248009021766208,0.5623208119589587,0.6872809923942829
2024-01-01 05:15:00,MEO-03,MEO,1.4087472364268754,0.6655902092444504,0.5990311883200055,0.7321492301688955
2024-01-01 05:30:00,MEO-03,MEO,0.8363998943721312,0.5649675134961439,0.5084707621465295,0.6214642648457583
2024-01-01 05:45:00,MEO-03,MEO,1.5905874969112594,0.6463006316667955,0.581670568500116,0.7109306948334752
2024-01-01 06:00:00,MEO-03,MEO,1.84422461471689,0.6388109498039023,0.5749298548235121,0.7026920447842926
2024-01-01 06:15:00,MEO-03,MEO,1.1762525474795773,0.5896184229004537,0.5306565806104084,0.6485802651904992
2024-01-01 06:30:00,MEO-03,MEO,1.4844440539825208,0.6451305050374754,0.5806174545337278,0.7096435555412229
2024-01-01 06:45:00,MEO-03,MEO,1.327220736521655,0.4722677796532868,0.42504100168795816,0.5194945576186155
2024-01-01 07:00:00,MEO-03,MEO,0.8962597642482889,0.2718902797652917,0.2447012517887625,0.29907930774182084
2024-01-01 07:15:00,MEO-03,MEO,1.3180678233227272,0.6409917307637626,0.5768925576873863,0.705090903840139
2024-01-01 07:30:00,MEO-03,MEO,0.702715873590554,0.23232304583823613,0.20909074125441252,0.25555535042205973
2024-01-01 07:45:00,MEO-03,MEO,1.1000506967993686,0.292495540987153,0.26324598688843776,0.32174509508586835
2024-01-01 08:00:00,MEO-03,MEO,0.007425532068659424,0.020715845452986173,0.018644260907687556,0.022787429998284793
2024-01-01 08:15:00,MEO-03,MEO,0.16293184255265802,0.08670743139744388,0.0780366882576995,0.09537817453718828
2024-01-01 08:30:00,MEO-03,MEO,0.004383535005509399,-0.0691228856113506,-0.062210597050215546,-0.07603517417248568
2024-01-01 08:45:00,MEO-03,MEO,-0.15570870255542082,-0.3013865489762263,-0.27124789407860367,-0.33152520387384893
2024-01-01 09:00:00,MEO-03,MEO,-0.15029295652005656,-0.1643112860104036,-0.14788015740936325,-0.18074241461144397
2024-01-01 09:15:00,MEO-03,MEO,0.34289200913995654,-0.20669083104301694,-0.18602174793871526,-0.22735991414731865
2024-01-01 09:30:00,MEO-03,MEO,-0.5607942070005195,-0.27496561449293333,-0.24746905304364,-0.3024621759422267
2024-01-01 09:45:00,MEO-03,MEO,-0.82442454710195,-0.28553307018971574,-0.25697976317074417,-0.3140863772086873
2024-01-01 10:00:00,MEO-03,MEO,-1.2104583903973425,-0.3659405868686481,-0.3293465281817833,-0.40253464555551294
2024-01-01 10:15:00,MEO-03,MEO,-1.533651439827858,-0.3693674057683198,-0.3324306651914878,-0.4063041463451518
2024-01-01 10:30:00,MEO-03,MEO,-0.8745378511322511,-0.38233468717323005,-0.3441012184559071,-0.4205681558905531
2024-01-01 10:45:00,MEO-03,MEO,-1.3893223960045478,-0.40989223484983184,-0.36890301136484865,-0.4508814583348151
2024-01-01 11:00:00,MEO-03,MEO,-0.6652541651207039,-0.4216993194488556,-0.37952938750397003,-0.4638692513937412
2024-01-01 11:15:00,MEO-03,MEO,-1.1399901878985708,-0.4702226623480322,-0.423200396113229,-0.5172449285828354
2024-01-01 11:30:00,MEO-03,MEO,-1.2887784149633188,-0.33168632066964465,-0.2985176886026802,-0.3648549527366092
2024-01-01 11:45:00,MEO-03,MEO,-1.2687983960810623,-0.37247060733269227,-0.33522354659942305,-0.40971766806596155
2024-01-01 12:00:00,MEO-03,MEO,-0.9918329674807932,-0.34003157630322745,-0.3060284186729047,-0.37403473393355025
2024-01-01 12:15:00,MEO-03,MEO,-1.2121786908137673,-0.22213355291092907,-0.19992019761983618,-0.24434690820202198
2024-01-01 12:30:00,MEO-03,MEO,-1.3993686296396346,-0.19019228333166507,-0.17117305499849858,-0.2092115116648316
2024-01-01 12:45:00,MEO-03,MEO,-1.0004872472132047,-0.19976161026092196,-0.17978544923482975,-0.21973777128701416
2024-01-01 13:00:00,MEO-03,MEO,-0.7485477721875552,0.025662925857904348,0.023096633272113913,0.028229218443694786
2024-01-01 13:15:00,MEO-03,MEO,-0.7686355268603379,-0.09485894702407208,-0.08537305232166487,-0.10434484172647929
2024-01-01 13:30:00,MEO-03,MEO,-0.7745418345589931,-0.003618690973475322,-0.0032568218761277897,-0.003980560070822855
2024-01-01 13:45:00,MEO-03,MEO,-0.4723112571187412,0.21366888688029934,0.1923019981922694,0.23503577556832927
2024-01-01 14:00:00,MEO-03,MEO,0.15305312601369303,0.38295727043364647,0.3446615433902818,0.42125299747701117
2024-01-01 14:15:00,MEO-03,MEO,0.26951527748196735,0.27936486891912,0.251428382027208,0.307301355811032
2024-01-01 14:30:00,MEO-03,MEO,0.3198650834045595,0.4399579326421313,0.3959621393779182,0.48395372590634445
2024-01-01 14:45:00,MEO-03,MEO,0.6216930834655756,0.39028516955342185,0.3512566525980797,0.42931368650876406
2024-01-01 15:00:00,MEO-03,MEO,0.39033519359866803,0.4861916630584694,0.43757249675262244,0.5348108293643163
2024-01-01 15:15:00,MEO-03,MEO,0.670512884794294,0.7208109597012333,0.64872986373111,0.7928920556713567
2024-01-01 15:30:00,MEO-03,MEO,1.1380498458587236,0.7229907850804005,0.6506917065723604,0.7952898635884406
2024-01-01 15:45:00,MEO-03,MEO,0.9923133605040678,0.8430410205234513,0.7587369184711062,0.9273451225757965
2024-01-01 16:00:00,MEO-03,MEO,1.4434019493935075,0.8850106423856527,0.7965095781470874,0.9735117066242182
2024-01-01 16:15:00,MEO-03,MEO,1.2609498904729302,0.6701869177504066,0.603168225975366,0.7372056095254473
2024-01-01 16:30:00,MEO-03,MEO,1.3098098145872177,0.7714443022820675,0.6942998720538608,0.8485887325102743
2024-01-01 16:45:00,MEO-03,MEO,2.0354248421449253,0.9089385540957504,0.8180446986861754,0.9998324095053256
2024-01-01 17:00:00,MEO-03,MEO,2.21942427149471,0.7608980566591608,0.6848082509932447,0.8369878623250769
2024-01-01 17:15:00,MEO-03,MEO,1.8971082297516677,0.8117394804181617,0.7305655323763456,0.8929134284599779
2024-01-01 17:30:00,MEO-03,MEO,1.7469087273993398,0.9994783636852984,0.8995305273167686,1.0994262000538284
2024-01-01 17:45:00,MEO-03,MEO,1.626721264079154,0.8213100518027124,0.7391790466224412,0.9034410569829837
2024-01-01 18:00:00,MEO-03,MEO,3.169258040851356,0.8912794069723459,0.8021514662751112,0.9804073476695805
2024-01-01 18:15:00,MEO-03,MEO,2.747539489824176,0.7931191386027389,0.7138072247424649,0.8724310524630128
2024-01-01 18:30:00,MEO-03,MEO,2.558899659963452,0.6937350276522625,0.6243615248870362,0.7631085304174888
2024-01-01 18:45:00,MEO-03,MEO,2.592320697093707,0.5604737452915839,0.5044263707624255,0.6165211198207423
2024-01-01 19:00:00,MEO-03,MEO,2.159802295929402,0.6514859366871263,0.5863373430184137,0.716634530355839
2024-01-01 19:15:00,MEO-03,MEO,2.731920750869469,0.6832469739817963,0.6149222765836168,0.751571671379976
2024-01-01 19:30:00,MEO-03,MEO,3.001562946241914,0.4448615317449477,0.4003753785704529,0.4893476849194425
2024-01-01 19:45:00,MEO-03,MEO,2.2182548351581057,0.42989580159146934,0.3869062214323224,0.4728853817506163
2024-01-01 20:00:00,MEO-03,MEO,2.4558309678868424,0.2288844758377196,0.20599602825394764,0.25177292342149155
2024-01-01 20:15:00,MEO-03,MEO,1.7257730414868366,0.22272844318927892,0.20045559887035103,0.24500128750820685
2024-01-01 20:30:00,MEO-03,MEO,2.061420280431782,0.2311233127605907,0.20801098148453162,0.2542356440366498
2024-01-01 20:45:00,MEO-03,MEO,1.6089174609370949,0.19333351428462897,0.17400016285616607,0.21266686571309187
2024-01-01 21:00:00,MEO-03,MEO,1.4961415429346014,0.11220141455896221,0.100981273103066,0.12342155601485844
2024-01-01 21:15:00,MEO-03,MEO,1.7707720867089811,-0.15579770627504888,-0.140217935647544,-0.17137747690255378
2024-01-01 21:30:00,MEO-03,MEO,1.4008321413706872,-0.08459752676191237,-0.07613777408572114,-0.09305727943810362
2024-01-01 21:45:00,MEO-03,MEO,1.2018001501335087,-0.17295262590667584,-0.15565736331600827,-0.19024788849734345
2024-01-01 22:00:00,MEO-03,MEO,1.0065498071509515,-0.15969020102663578,-0.1437211809239722,-0.17565922112929938
2024-01-01 22:15:00,MEO-03,MEO,1.0396241726984528,-0.17438270492892413,-0.15694443443603173,-0.19182097542181656
2024-01-01 22:30:00,MEO-03,MEO,1.469219894800114,-0.10122349504064773,-0.09110114553658297,-0.11134584454471251
2024-01-01 22:45:00,MEO-03,MEO,1.6748222342195467,-0.1740470238434079,-0.15664232145906712,-0.1914517262277487
2024-01-01 23:00:00,MEO-03,MEO,1.3096595860940246,-0.08519869407241554,-0.07667882466517399,-0.0937185634796571
2024-01-01 23:15:00,MEO-03,MEO,1.1166856238804057,-0.24527920570925116,-0.22075128513832604,-0.2698071262801763
2024-01-01 23:30:00,MEO-03,MEO,0.8095661175239186,-0.2831960926544126,-0.25487648338897134,-0.3115157019198539
2024-01-01 23:45:00,MEO-03,MEO,1.096435966430781,-0.023999407313759213,-0.021599466582383292,-0.026399348045135138
2024-01-02 00:00:00,MEO-03,MEO,1.3660746466397748,-0.06683709825803799,-0.060153388432234195,-0.0735208080838418
2024-01-02 00:15:00,MEO-03,MEO,1.1777867186841067,-0.11316683817067529,-0.10185015435360775,-0.12448352198774282
2024-01-02 00:30:00,MEO-03,MEO,1.2261471207789318,0.03728890575833977,0.033560015182505794,0.04101779633417375
2024-01-02 00:45:00,MEO-03,MEO,1.545509879707434,0.1323287817820657,0.11909590360385913,0.1455616599602723
2024-01-02 01:00:00,MEO-03,MEO,2.025675338308961,0.1445575004327569,0.1301017503894812,0.1590132504760326
2024-01-02 01:15:00,MEO-03,MEO,1.952586340807303,0.15136805849610313,0.13623125264649283,0.16650486434571346
2024-01-02 01:30:00,MEO-03,MEO,1.9813050956490859,0.25301024912023706,0.22770922420821335,0.2783112740322608
2024-01-02 01:45:00,MEO-03,MEO,2.0938132937069085,0.3928622902501126,0.3535760612251013,0.4321485192751239
2024-01-02 02:00:00,MEO-03,MEO,2.3274110734062043,0.4681894600382528,0.42137051403442755,0.5150084060420781
2024-01-02 02:15:00,MEO-03,MEO,2.3085871682014734,0.631949849889615,0.5687548649006535,0.6951448348785766
2024-01-02 02:30:00,MEO-03,MEO,2.3808423123812497,0.594271406800622,0.5348442661205598,0.6536985474806842
2024-01-02 02:45:00,MEO-03,MEO,2.814004526023183,0.6179854073141569,0.5561868665827412,0.6797839480455726
2024-01-02 03:00:00,MEO-03,MEO,2.7146584668099165,0.9760868356805233,0.878478152112471,1.0736955192485758
2024-01-02 03:15:00,MEO-03,MEO,2.6085171269866168,0.8536061612919047,0.7682455451627143,0.9389667774210952
2024-01-02 03:30:00,MEO-03,MEO,3.3917474052751073,0.9698827642202994,0.8728944877982695,1.0668710406423294
2024-01-02 03:45:00,MEO-03,MEO,2.676915476753509,1.0011425108435676,0.9010282597592109,1.1012567619279245
2024-01-02 04:00:00,MEO-03,MEO,3.6234700446770702,1.0224438980849238,0.9201995082764314,1.1246882878934161
2024-01-02 04:15:00,MEO-03,MEO,3.454026013414813,1.02854339570965,0.9256890561386849,1.131397735280615
2024-01-02 04:30:00,MEO-03,MEO,3.150943411022464,0.8522273941871878,0.7670046547684691,0.9374501336059067
2024-01-02 04:45:00,MEO-03,MEO,3.4459581681628917,1.0113347916750068,0.9102013125075061,1.1124682708425075
2024-01-02 05:00:00,MEO-03,MEO,3.3590455094029767,1.1324067931770962,1.0191661138593866,1.245647472494806
2024-01-02 05:15:00,MEO-03,MEO,3.673453996834895,0.8879780257552433,0.799180223179719,0.9767758283307677
2024-01-02 05:30:00,MEO-03,MEO,3.652200242897224,1.1004624437185953,0.9904161993467357,1.210508688090455
2024-01-02 05:45:00,MEO-03,MEO,3.532584692673728,1.1269457637700362,1.0142511873930327,1.23964034014704
2024-01-02 06:00:00,MEO-03,MEO,4.016500186838304,1.1105298110202448,0.9994768299182204,1.2215827921222695
2024-01-02 06:15:00,MEO-03,MEO,3.721028315865741,1.0526370209814082,0.9473733188832674,1.157900723079549
2024-01-02 06:30:00,MEO-03,MEO,4.090174680909122,1.0342132850945094,0.9307919565850584,1.1376346136039603
2024-01-02 06:45:00,MEO-03,MEO,3.8371770290833127,1.0314713987362822,0.928324258862654,1.1346185386099106
2024-01-02 07:00:00,MEO-03,MEO,3.2766741337775582,0.9299232039640181,0.8369308835676162,1.02291552436042
2024-01-02 07:15:00,MEO-03,MEO,3.4483461309642225,0.7920370437377489,0.712833339363974,0.8712407481115239
2024-01-02 07:30:00,MEO-03,MEO,3.2634729728370315,0.6956261427136972,0.6260635284423275,0.7651887569850669
2024-01-02 07:45:00,MEO-03,MEO,2.8442396057310386,0.6429909641866809,0.5786918677680128,0.707290060605349
2024-01-02 08:00:00,MEO-03,MEO,2.244602719151336,0.5378397289412087,0.48405575604708784,0.5916237018353296
2024-01-02 08:15:00,MEO-03,MEO,2.4466643392893097,0.5753209180382398,0.5177888262344158,0.6328530098420638
2024-01-02 08:30:00,MEO-03,MEO,1.9510947086476738,0.459032797637052,0.41312951787334684,0.5049360774007573
2024-01-02 08:45:00,MEO-03,MEO,1.83230913125325,0.31276213326621105,0.28148591993958993,0.34403834659283217
2024-01-02 09:00:00,MEO-03,MEO,1.9337219196682787,0.3830645382205802,0.3447580843985222,0.4213709920426382
2024-01-02 09:15:00,MEO-03,MEO,2.0395165357930827,0.19278809123126825,0.17350928210814143,0.2120669003543951
2024-01-02 09:30:00,MEO-03,MEO,1.10660462376504,0.08570752965231199,0.07713677668708079,0.09427828261754319
2024-01-02 09:45:00,MEO-03,MEO,1.0271119354057936,0.1129824601541376,0.10168421413872385,0.12428070616955136
2024-01-02 10:00:00,MEO-03,MEO,1.0325161399516074,0.008513383314295894,0.007662044982866305,0.009364721645725485
2024-01-02 10:15:00,MEO-03,MEO,0.913482932991439,0.11882106988235079,0.10693896289411571,0.13070317687058589
2024-01-02 10:30:00,MEO-03,MEO,0.877409309650054,-0.044754220071357736,-0.040278798064221966,-0.049229642078493514
2024-01-02 10:45:00,MEO-03,MEO,0.575252662411484,0.002516443933550893,0.002264799540195804,0.0027680883269059825
2024-01-02 11:00:00,MEO-03,MEO,0.31758213813603886,0.085963348421572,0.07736701357941479,0.0945596832637292
2024-01-02 11:15:00,MEO-03,MEO,1.0318368651888308,-0.036882536272597015,-0.03319428264533732,-0.04057078989985672
2024-01-02 11:30:00,MEO-03,MEO,0.7292759883469903,0.07247351561421161,0.06522616405279046,0.07972086717563279
2024-01-02 11:45:00,MEO-03,MEO,0.4784590930823924,-0.008880046290445767,-0.00799204166140119,-0.009768050919490345
2024-01-02 12:00:00,MEO-03,MEO,0.7231379247544321,0.12744913385499285,0.11470422046949356,0.14019404724049214
2024-01-02 12:15:00,MEO-03,MEO,1.1263875085345227,0.20108665209594645,0.1809779868863518,0.22119531730554112
2024-01-02 12:30:00,MEO-03,MEO,0.548188473140447,0.20830303391230634,0.18747273052107571,0.229133337303537
2024-01-02 12:45:00,MEO-03,MEO,0.896655919203903,0.27760212037368365,0.24984190833631528,0.30536233241105204
2024-01-02 13:00:00,MEO-03,MEO,0.6152619301544078,0.37995310208630056,0.3419577918776705,0.4179484122949307
2024-01-02 13:15:00,MEO-03,MEO,1.0704202239971385,0.3966622869375755,0.35699605824381797,0.43632851563133307
2024-01-02 13:30:00,MEO-03,MEO,1.4078147309785445,0.5688875649643702,0.5119988084679332,0.6257763214608073
2024-01-02 13:45:00,MEO-03,MEO,1.1427473391520304,0.6887158551788026,0.6198442696609224,0.7575874406966829
2024-01-02 14:00:00,MEO-03,MEO,1.5540064985122504,0.5876276518380171,0.5288648866542154,0.6463904170218189
2024-01-02 14:15:00,MEO-03,MEO,1.989134987784817,0.8857458121927049,0.7971712309734345,0.9743203934119754
2024-01-02 14:30:00,MEO-03,MEO,2.1309994990057377,0.8014772040022184,0.7213294836019967,0.8816249244024403
2024-01-02 14:45:00,MEO-03,MEO,1.892197513177191,1.0640458521310912,0.957641266917982,1.1704504373442004
2024-01-02 15:00:00,MEO-03,MEO,2.473449110741723,0.9561411234151206,0.8605270110736085,1.0517552357566327
2024-01-02 15:15:00,MEO-03,MEO,2.7157356235487473,1.1056493923135502,0.9950844530821952,1.2162143315449052
2024-01-02 15:30:00,MEO-03,MEO,2.79397928795459,1.168714593480796,1.0518431341327166,1.2855860528288758
2024-01-02 15:45:00,MEO-03,MEO,3.2224622270853582,1.137821718992936,1.0240395470936425,1.2516038908922298
2024-01-02 16:00:00,MEO-03,MEO,2.9756273892304432,1.2227401350237117,1.1004661215213405,1.345014148526083
2024-01-02 16:15:00,MEO-03,MEO,3.386388986202912,1.3713669396469559,1.2342302456822603,1.5085036336116515
2024-01-02 16:30:00,MEO-03,MEO,3.137599806701219,1.2601700554441682,1.1341530498997514,1.3861870609885851
2024-01-02 16:45:00,MEO-03,MEO,3.1579355238567683,1.2724008066077728,1.1451607259469956,1.3996408872685502
2024-01-02 17:00:00,MEO-03,MEO,3.8646193852729946,1.2232118809781305,1.1008906928803175,1.3455330690759437
2024-01-02 17:15:00,MEO-03,MEO,3.7666409273548935,1.4403120633734963,1.2962808570361466,1.584343269710846
2024-01-02 17:30:00,MEO-03,MEO,3.717856811756944,1.2656828483507117,1.1391145635156406,1.392251133185783
2024-01-02 17:45:00,MEO-03,MEO,3.619212139327447,1.3794577413060327,1.2415119671754296,1.517403515436636
2024-01-02 18:00:00,MEO-03,MEO,4.1235219485862045,1.2051711372555993,1.0846540235300395,1.3256882509811594
2024-01-02 18:15:00,MEO-03,MEO,3.550676532967349,1.307683371369172,1.1769150342322547,1.4384517085060893
2024-01-02 18:30:00,MEO-03,MEO,4.167105700980308,1.231485379272266,1.1083368413450394,1.3546339171994928
2024-01-02 18:45:00,MEO-03,MEO,4.004036280336351,1.0941599353609321,0.9847439418248389,1.2035759288970254
2024-01-02 19:00:00,MEO-03,MEO,3.4816758611405425,0.9929036923974368,0.8936133231576932,1.0921940616371806
2024-01-02 19:15:00,MEO-03,MEO,3.8164248358251913,0.9334600867582572,0.8401140780824315,1.026806095434083
2024-01-02 19:30:00,MEO-03,MEO,4.37295559178979,0.8625437424566808,0.7762893682110127,0.9487981167023489
2024-01-02 19:45:00,MEO-03,MEO,3.9192870081714393,0.928446589601666,0.8356019306414995,1.0212912485618326
2024-01-02 20:00:00,MEO-03,MEO,3.283354331219549,0.7821100112135658,0.7038990100922092,0.8603210123349225
2024-01-02 20:15:00,MEO-03,MEO,3.564445104203127,0.6061166658272006,0.5455049992444806,0.6667283324099207
2024-01-02 20:30:00,MEO-03,MEO,2.9211481332029825,0.6025061090621938,0.5422554981559744,0.6627567199684132
2024-01-02 20:45:00,MEO-03,MEO,2.819678073127979,0.5421786424360358,0.48796077819243217,0.5963965066796394
2024-01-02 21:00:00,MEO-03,MEO,3.0331767454827583,0.3154304050118206,0.28388736451063856,0.34697344551300274
2024-01-02 21:15:00,MEO-03,MEO,3.078098135516263,0.409829367369249,0.36884643063232414,0.45081230410617396
2024-01-02 21:30:00,MEO-03,MEO,3.0383831537419166,0.4286367003897801,0.38577303035080207,0.47150037042875814
2024-01-02 21:45:00,MEO-03,MEO,2.944778478979986,0.3122436342749143,0.2810192708474229,0.34346799770240577
2024-01-02 22:00:00,MEO-03,MEO,2.774893503466231,0.3042086132770728,0.27378775194936555,0.33462947460478015
2024-01-02 22:15:00,MEO-03,MEO,2.1722504910520026,0.2920976623104986,0.26288789607944874,0.3213074285415485
2024-01-02 22:30:00,MEO-03,MEO,2.4986702011720805,0.2048841763406615,0.18439575870659536,0.22537259397472767
2024-01-02 22:45:00,MEO-03,MEO,2.7093688394480617,0.27961838805255573,0.2516565492473002,0.30758022685781133
2024-01-02 23:00:00,MEO-03,MEO,2.547691509597826,0.3367974938617677,0.303117744475591,0.3704772432479445
2024-01-02 23:15:00,MEO-03,MEO,2.469360250277992,0.10759693038774497,0.09683723734897047,0.11835662342651948
2024-01-02 23:30:00,MEO-03,MEO,2.5109871402079165,0.22140605372542393,0.19926544835288154,0.24354665909796636
2024-01-02 23:45:00,MEO-03,MEO,2.5297841594095507,0.4647745820355153,0.41829712383196377,0.5112520402390669
2024-01-03 00:00:00,MEO-03,MEO,2.001427002259823,0.33095571530516527,0.29786014377464876,0.36405128683568183
2024-01-03 00:15:00,MEO-03,MEO,2.839945626067915,0.3623307491173712,0.32609767420563407,0.39856382402910834
2024-01-03 00:30:00,MEO-03,MEO,2.5989474201701195,0.40044368299836547,0.3603993146985289,0.44048805129820207
2024-01-03 00:45:00,MEO-03,MEO,2.894507768611505,0.5862868298865522,0.527658146897897,0.6449155128752075
2024-01-03 01:00:00,MEO-03,MEO,2.2464830031408267,0.4787267816324299,0.4308541034691869,0.5265994597956729
2024-01-03 01:15:00,MEO-03,MEO,3.3559764285338725,0.7026089368116509,0.6323480431304859,0.7728698304928161
2024-01-03 01:30:00,MEO-03,MEO,2.780056197026859,0.6849951929850465,0.6164956736865419,0.7534947122835512
2024-01-03 01:45:00,MEO-03,MEO,3.8413489151879565,0.7284491385440894,0.6556042246896805,0.8012940523984985
2024-01-03 02:00:00,MEO-03,MEO,3.8787489532876753,0.8526142134948793,0.7673527921453914,0.9378756348443673
2024-01-03 02:15:00,MEO-03,MEO,3.164213015955048,0.9500826083332299,0.855074347499907,1.045090869166553
2024-01-03 02:30:00,MEO-03,MEO,3.8471938470291906,0.9953487356975735,0.8958138621278162,1.094883609267331
2024-01-03 02:45:00,MEO-03,MEO,3.5344750303970933,1.2029320585480163,1.0826388526932147,1.323225264402818
2024-01-03 03:00:00,MEO-03,MEO,3.7704777370453844,1.1293797636597125,1.0164417872937412,1.2423177400256837
2024-01-03 03:15:00,MEO-03,MEO,3.910780286022753,1.2696770951082856,1.142709385597457,1.3966448046191142
2024-01-03 03:30:00,MEO-03,MEO,4.302227029751027,1.3649603528387912,1.2284643175549121,1.5014563881226706
2024-01-03 03:45:00,MEO-03,MEO,4.384878456786393,1.3885964869147784,1.2497368382233007,1.5274561356062564
2024-01-03 04:00:00,MEO-03,MEO,4.102813591780392,1.4881203396173266,1.339308305655594,1.6369323735790593
2024-01-03 04:15:00,MEO-03,MEO,4.596722011302168,1.4309017734866325,1.2878115961379693,1.573991950835296
2024-01-03 04:30:00,MEO-03,MEO,4.501525771247452,1.54516681557942,1.390650134021478,1.6996834971373622
2024-01-03 04:45:00,MEO-03,MEO,4.144078267939352,1.567394748886782,1.410655273998104,1.7241342237754604
2024-01-03 05:00:00,MEO-03,MEO,4.517075252298559,1.602350864221576,1.4421157777994185,1.7625859506437338
2024-01-03 05:15:00,MEO-03,MEO,5.045951236782988,1.37346725087353,1.236120525786177,1.510813975960883
2024-01-03 05:30:00,MEO-03,MEO,4.514469070635995,1.5542806653343126,1.3988525988008813,1.709708731867744
2024-01-03 05:45:00,MEO-03,MEO,4.117681568310748,1.564972906404435,1.4084756157639917,1.7214701970448787
2024-01-03 06:00:00,MEO-03,MEO,4.8667174906719515,1.4297748331273483,1.2867973498146135,1.5727523164400832
2024-01-03 06:15:00,MEO-03,MEO,4.351055266852243,1.3797828891833908,1.2418046002650518,1.51776117810173
2024-01-03 06:30:00,MEO-03,MEO,4.536559530606146,1.3202557224859583,1.1882301502373624,1.4522812947345543
2024-01-03 06:45:00,MEO-03,MEO,4.321475075259274,1.2392860375089598,1.1153574337580638,1.3632146412598558
2024-01-03 07:00:00,MEO-03,MEO,4.669539512284522,1.3143185753905218,1.1828867178514697,1.445750432929574
2024-01-03 07:15:00,MEO-03,MEO,4.036006261732279,1.3776667670853446,1.2399000903768103,1.5154334437938792
2024-01-03 07:30:00,MEO-03,MEO,3.629626473416982,1.0807381312614828,0.9726643181353345,1.188811944387631
2024-01-03 07:45:00,MEO-03,MEO,3.6251645094299194,1.0153200604646868,0.9137880544182182,1.1168520665111557
2024-01-03 08:00:00,MEO-03,MEO,3.2540440456614466,0.9799353059640343,0.881941775367631,1.0779288365604378
2024-01-03 08:15:00,MEO-03,MEO,3.322792361139512,0.7765804604076341,0.6989224143668706,0.8542385064483975
2024-01-03 08:30:00,MEO-03,MEO,3.6292870328240916,0.7764449161522395,0.6988004245370156,0.8540894077674636
2024-01-03 08:45:00,MEO-03,MEO,3.311454371235582,0.7575149971395061,0.6817634974255555,0.8332664968534568
2024-01-03 09:00:00,MEO-03,MEO,3.32581473181153,0.6244472516301554,0.5620025264671399,0.6868919767931709
2024-01-03 09:15:00,MEO-03,MEO,2.7580655123035536,0.7307577116166266,0.657681940454964,0.8038334827782894
2024-01-03 09:30:00,MEO-03,MEO,2.5061071151317105,0.47668787407136026,0.4290190866642242,0.5243566614784964
2024-01-03 09:45:00,MEO-03,MEO,2.0648349362665535,0.6047462917609858,0.5442716625848872,0.6652209209370844
2024-01-03 10:00:00,MEO-03,MEO,2.626906034356068,0.6107482456974819,0.5496734211277337,0.6718230702672301
2024-01-03 10:15:00,MEO-03,MEO,2.402182454705455,0.4932865924057325,0.4439579331651593,0.5426152516463059
2024-01-03 10:30:00,MEO-03,MEO,2.523451378800974,0.4307083120151768,0.3876374808136591,0.4737791432166945
2024-01-03 10:45:00,MEO-03,MEO,1.9627074948908643,0.45027256116683156,0.40524530505014844,0.49529981728351474
2024-01-03 11:00:00,MEO-03,MEO,2.192774456760119,0.39436566828934727,0.35492910146041257,0.43380223511828203
2024-01-03 11:15:00,MEO-03,MEO,1.7454802231161404,0.27603216647478057,0.24842894982730251,0.30363538312225863
2024-01-03 11:30:00,MEO-03,MEO,2.2061324614281936,0.3800658482469047,0.34205926342221427,0.4180724330715952
2024-01-03 11:45:00,MEO-03,MEO,2.2975049469379187,0.48692285509029304,0.4382305695812637,0.5356151405993224
2024-01-03 12:00:00,MEO-03,MEO,1.753956100020393,0.451467534820189,0.40632078133817007,0.49661428830220794
2024-01-03 12:15:00,MEO-03,MEO,1.878685763767933,0.5414810752644097,0.48733296773796875,0.5956291827908508
2024-01-03 12:30:00,MEO-03,MEO,1.966672822815772,0.6688334111383556,0.6019500700245201,0.7357167522521912
2024-01-03 12:45:00,MEO-03,MEO,2.3449385764171833,0.7053459531118281,0.6348113578006453,0.775880548423011
2024-01-03 13:00:00,MEO-03,MEO,2.15883091231553,0.8479362200695852,0.7631425980626267,0.9327298420765439
2024-01-03 13:15:00,MEO-03,MEO,2.990102135647126,0.861460378686271,0.7753143408176439,0.9476064165548982
2024-01-03 13:30:00,MEO-03,MEO,2.9081780799702677,0.944784936394441,0.850306442754997,1.0392634300338852
2024-01-03 13:45:00,MEO-03,MEO,3.1166619982177206,0.9408654304655446,0.8467788874189902,1.034951973512099
2024-01-03 14:00:00,MEO-03,MEO,3.203908529538637,0.9740259386184026,0.8766233447565623,1.0714285324802428
2024-01-03 14:15:00,MEO-03,MEO,4.112811344437005,1.130171276573858,1.0171541489164724,1.243188404231244
2024-01-03 14:30:00,MEO-03,MEO,4.146465486124837,1.1864054360884737,1.0677648924796264,1.3050459796973213
2024-01-03 14:45:00,MEO-03,MEO,4.011382683592196,1.3099808476221537,1.1789827628599383,1.4409789323843691
2024-01-03 15:00:00,MEO-03,MEO,3.99492707099256,1.3128754231920043,1.181587880872804,1.444162965511205
2024-01-03 15:15:00,MEO-03,MEO,4.557387768637282,1.5352822072196142,1.3817539864976527,1.6888104279415757
2024-01-03 15:30:00,MEO-03,MEO,4.650738715845376,1.4729077523759748,1.3256169771383775,1.6201985276135724
2024-01-03 15:45:00,MEO-03,MEO,4.844259351019553,1.5585291222795634,1.402676210051607,1.7143820345075198
2024-01-03 16:00:00,MEO-03,MEO,4.946994880023411,1.6341385776700692,1.4707247199030624,1.7975524354370762
2024-01-03 16:15:00,MEO-03,MEO,5.463990507493663,1.7648530528051585,1.5883677475246427,1.9413383580856745
2024-01-03 16:30:00,MEO-03,MEO,4.779119783734804,1.8454640803201305,1.6609176722881176,2.030010488352144
2024-01-03 16:45:00,MEO-03,MEO,5.915937592388242,1.8708238491358562,1.6837414642222706,2.057906234049442
2024-01-03 17:00:00,MEO-03,MEO,5.919242422300816,1.631769609383521,1.468592648445169,1.7949465703218732
2024-01-03 17:15:00,MEO-03,MEO,5.814535266973915,1.7038806496073169,1.5334925846465852,1.8742687145680488
2024-01-03 17:30:00,MEO-03,MEO,5.798053472075456,1.6778980591735104,1.5101082532561594,1.8456878650908617
2024-01-03 17:45:00,MEO-03,MEO,6.156627466892294,1.7319080560268618,1.5587172504241757,1.9050988616295481
2024-01-03 18:00:00,MEO-03,MEO,5.9065452242745575,1.69684613281698,1.527161519535282,1.866530746098678
2024-01-03 18:15:00,MEO-03,MEO,5.858436415147301,1.5863804562228758,1.4277424106005883,1.7450185018451636
2024-01-03 18:30:00,MEO-03,MEO,6.203929511049774,1.5328230191719947,1.3795407172547953,1.6861053210891943
2024-01-03 18:45:00,MEO-03,MEO,6.414999529143291,1.4514637918847169,1.3063174126962451,1.5966101710731886
2024-01-03 19:00:00,MEO-03,MEO,5.60373566244421,1.2581367843824198,1.1323231059441778,1.383950462820662
2024-01-03 19:15:00,MEO-03,MEO,5.891497970627346,1.300673372050903,1.1706060348458127,1.4307407092559934
2024-01-03 19:30:00,MEO-03,MEO,5.438290063631431,1.40397370721821,1.263576336496389,1.544371077940031
2024-01-03 19:45:00,MEO-03,MEO,5.747706017773395,1.379232295829689,1.24130906624672,1.517155525412658
2024-01-03 20:00:00,MEO-03,MEO,5.074664878645727,1.295944190964109,1.166349771867698,1.42553861006052
2024-01-03 20:15:00,MEO-03,MEO,5.467004870094532,1.1868891777411532,1.068200259967038,1.3055780955152687
2024-01-03 20:30:00,MEO-03,MEO,5.028945687320036,0.9605454281597067,0.864490885343736,1.0565999709756775
2024-01-03 20:45:00,MEO-03,MEO,4.952975406678846,0.876986456721204,0.7892878110490836,0.9646851023933245
2024-01-03 21:00:00,MEO-03,MEO,5.236631059561727,0.7604916670089802,0.6844425003080822,0.8365408337098783
2024-01-03 21:15:00,MEO-03,MEO,4.535783460816551,0.7977186298312661,0.7179467668481395,0.8774904928143927
2024-01-03 21:30:00,MEO-03,MEO,4.785610244761101,0.7965737617905764,0.7169163856115187,0.876231137969634
2024-01-03 21:45:00,MEO-03,MEO,4.358968309593854,0.6614551250407089,0.595309612536638,0.7276006375447799
2024-01-03 22:00:00,MEO-03,MEO,4.729129483516356,0.7371671108069252,0.6634503997262327,0.8108838218876178
2024-01-03 22:15:00,MEO-03,MEO,4.80128625725675,0.7243092353485415,0.6518783118136874,0.7967401588833958
2024-01-03 22:30:00,MEO-03,MEO,4.2270254327132974,0.6131571219610922,0.551841409764983,0.6744728341572015
2024-01-03 22:45:00,MEO-03,MEO,3.697524888823082,0.5327805988644545,0.47950253897800904,0.5860586587509
2024-01-03 23:00:00,MEO-03,MEO,4.043683634631211,0.7494968770779498,0.6745471893701548,0.8244465647857449
2024-01-03 23:15:00,MEO-03,MEO,4.810841945492236,0.6511410012918203,0.5860269011626382,0.7162551014210023
2024-01-03 23:30:00,MEO-03,MEO,4.05950124740605,0.8231145165178336,0.7408030648660503,0.9054259681696171
2024-01-03 23:45:00,MEO-03,MEO,4.673258599287897,0.704619517249196,0.6341575655242765,0.7750814689741157
2024-01-04 00:00:00,MEO-03,MEO,4.119928947694858,0.749111519966835,0.6742003679701515,0.8240226719635185
2024-01-04 00:15:00,MEO-03,MEO,4.172322123658711,0.706783161496096,0.6361048453464864,0.7774614776457056
2024-01-04 00:30:00,MEO-03,MEO,4.600226663515154,0.8060276126834806,0.7254248514151325,0.8866303739518286
2024-01-04 00:45:00,MEO-03,MEO,4.661295525230524,0.7784517987299021,0.7006066188569119,0.8562969786028924
2024-01-04 01:00:00,MEO-03,MEO,4.814787046995487,0.8651802902065893,0.7786622611859304,0.9516983192272482
2024-01-04 01:15:00,MEO-03,MEO,4.720805214362738,1.1066321804015729,0.9959689623614156,1.2172953984417303
2024-01-04 01:30:00,MEO-03,MEO,5.106598254696848,1.1033526067365558,0.9930173460629003,1.2136878674102114
2024-01-04 01:45:00,MEO-03,MEO,5.225237802979449,1.1734479320099842,1.0561031388089859,1.2907927252109828
2024-01-04 02:00:00,MEO-03,MEO,5.415044994453151,1.2306923490320552,1.1076231141288497,1.3537615839352608
2024-01-04 02:15:00,MEO-03,MEO,5.118401379209015,1.3417751527885184,1.2075976375096666,1.4759526680673705
2024-01-04 02:30:00,MEO-03,MEO,5.680191098382252,1.5446373029985838,1.3901735726987254,1.6991010332984424
2024-01-04 02:45:00,MEO-03,MEO,5.437293081478474,1.5442719996112333,1.38984479965011,1.6986991995723568
2024-01-04 03:00:00,MEO-03,MEO,5.669903060739774,1.5131693027846034,1.361852372506143,1.6644862330630639
2024-01-04 03:15:00,MEO-03,MEO,5.799430799084352,1.7597258847212294,1.5837532962491065,1.9356984731933524
2024-01-04 03:30:00,MEO-03,MEO,5.719567505892365,1.878792834650201,1.690913551185181,2.0666721181152212
2024-01-04 03:45:00,MEO-03,MEO,5.648688978812249,1.8366190184027402,1.6529571165624661,2.0202809202430143
2024-01-04 04:00:00,MEO-03,MEO,6.109130003896977,1.9164691638203857,1.7248222474383472,2.1081160802024246
2024-01-04 04:15:00,MEO-03,MEO,5.7111594709326425,1.982073531435845,1.7838661782922607,2.18028088457943
2024-01-04 04:30:00,MEO-03,MEO,5.885105817799078,1.7816522608542968,1.6034870347688672,1.9598174869397267
2024-01-04 04:45:00,MEO-03,MEO,5.816524989402037,2.083182124246914,1.8748639118222226,2.2915003366716054
2024-01-04 05:00:00,MEO-03,MEO,5.961407380137274,2.0316303856351166,1.8284673470716049,2.2347934241986285
2024-01-04 05:15:00,MEO-03,MEO,5.904356484383598,1.9822522647460579,1.784027038271452,2.180477491220664
2024-01-04 05:30:00,MEO-03,MEO,6.334298051869375,1.9223441330468292,1.7301097197421462,2.1145785463515123
2024-01-04 05:45:00,MEO-03,MEO,5.828927429990072,1.8047159335046123,1.624244340154151,1.9851875268550738
2024-01-04 06:00:00,MEO-03,MEO,6.35367255170759,1.8550034372334985,1.6695030935101487,2.0405037809568487
2024-01-04 06:15:00,MEO-03,MEO,6.129683870111501,1.8783043663838317,1.6904739297454485,2.066134803022215
2024-01-04 06:30:00,MEO-03,MEO,5.62627375741194,1.7068412625192027,1.5361571362672823,1.877525388771123
2024-01-04 06:45:00,MEO-03,MEO,5.70635781509288,1.735090710563705,1.5615816395073345,1.9085997816200757
2024-01-04 07:00:00,MEO-03,MEO,5.620891743932112,1.5851984633436418,1.4266786170092776,1.743718309678006
2024-01-04 07:15:00,MEO-03,MEO,5.55116210107045,1.5831686016176945,1.424851741455925,1.741485461779464
2024-01-04 07:30:00,MEO-03,MEO,5.412823751464801,1.4358335456721572,1.2922501911049415,1.579416900239373
2024-01-04 07:45:00,MEO-03,MEO,5.0509677818560785,1.3548458510759245,1.2193612659683322,1.490330436183517
2024-01-04 08:00:00,MEO-03,MEO,4.584565515295896,1.4247347378695292,1.2822612640825763,1.5672082116564823
2024-01-04 08:15:00,MEO-03,MEO,4.797263827466537,1.2771818586637869,1.1494636727974081,1.4049000445301656
2024-01-04 08:30:00,MEO-03,MEO,4.389645963032951,1.2120495371375253,1.0908445834237728,1.333254490851278
2024-01-04 08:45:00,MEO-03,MEO,3.563969320658943,1.1302207627175114,1.0171986864457603,1.2432428389892627
2024-01-04 09:00:00,MEO-03,MEO,4.175019932560424,1.3326349584189612,1.199371462577065,1.4658984542608575
2024-01-04 09:15:00,MEO-03,MEO,3.7166586828022057,1.1023757702877304,0.9921381932589574,1.2126133473165035
2024-01-04 09:30:00,MEO-03,MEO,3.617668251290033,1.0561967483488224,0.9505770735139402,1.1618164231837047
2024-01-04 09:45:00,MEO-03,MEO,3.577846692083521,0.8894566248589085,0.8005109623730177,0.9784022873447995
2024-01-04 10:00:00,MEO-03,MEO,3.046479862844113,0.9524721209709704,0.8572249088738734,1.0477193330680676
2024-01-04 10:15:00,MEO-03,MEO,3.3449356808059822,0.863354934510352,0.7770194410593168,0.9496904279613873
2024-01-04 10:30:00,MEO-03,MEO,3.125020213149218,0.7978523792382374,0.7180671413144136,0.8776376171620612
2024-01-04 10:45:00,MEO-03,MEO,2.8993687796947167,1.0037213301651313,0.9033491971486182,1.1040934631816446
2024-01-04 11:00:00,MEO-03,MEO,3.066566836014503,0.894258061919923,0.8048322557279307,0.9836838681119153
2024-01-04 11:15:00,MEO-03,MEO,2.591707986288897,0.8995287147292328,0.8095758432563095,0.9894815862021562
2024-01-04 11:30:00,MEO-03,MEO,3.016038544464349,0.7994913471641291,0.7195422124477162,0.879440481880542
2024-01-04 11:45:00,MEO-03,MEO,3.1216192415138067,0.8050244467961801,0.7245220021165621,0.8855268914757982
2024-01-04 12:00:00,MEO-03,MEO,3.111048324399344,0.9409423699373912,0.8468481329436521,1.0350366069311305
2024-01-04 12:15:00,MEO-03,MEO,3.2862474156539485,0.9474737864229368,0.8527264077806431,1.0422211650652304
2024-01-04 12:30:00,MEO-03,MEO,3.457408460193093,1.0983343557310665,0.9885009201579599,1.2081677913041733
2024-01-04 12:45:00,MEO-03,MEO,3.2444104208964255,1.1669088917237396,1.0502180025513657,1.2835997808961137
2024-01-04 13:00:00,MEO-03,MEO,3.657466973227727,1.1873225016882296,1.0685902515194068,1.3060547518570527
2024-01-04 13:15:00,MEO-03,MEO,3.4996108252735376,1.3229680314713768,1.190671228324239,1.4552648346185146
2024-01-04 13:30:00,MEO-03,MEO,3.499677152783281,1.3508356302037008,1.2157520671833308,1.485919193224071
2024-01-04 13:45:00,MEO-03,MEO,3.7441169852622074,1.3469374060231516,1.2122436654208364,1.4816311466254668
2024-01-04 14:00:00,MEO-03,MEO,4.0884277249779775,1.483476451119182,1.335128806007264,1.6318240962311004
2024-01-04 14:15:00,MEO-03,MEO,4.48132411166612,1.5928876935202825,1.4335989241682543,1.7521764628723109
2024-01-04 14:30:00,MEO-03,MEO,4.404941666371736,1.7377182334906647,1.5639464101415983,1.9114900568397313
2024-01-04 14:45:00,MEO-03,MEO,4.434067702229316,1.760142327585863,1.5841280948272767,1.9361565603444495
2024-01-04 15:00:00,MEO-03,MEO,5.161946890441955,1.771266445789113,1.5941398012102017,1.9483930903680244
2024-01-04 15:15:00,MEO-03,MEO,4.638228273135937,1.9640008146552292,1.7676007331897063,2.1604008961207524
2024-01-04 15:30:00,MEO-03,MEO,5.0210580493846955,1.9806622160955012,1.782595994485951,2.1787284377050513
2024-01-04 15:45:00,MEO-03,MEO,5.594199981033622,2.1301085439749596,1.9170976895774636,2.3431193983724556
2024-01-04 16:00:00,MEO-03,MEO,5.985480017245451,2.061560145362762,1.8554041308264857,2.267716159899038
2024-01-04 16:15:00,MEO-03,MEO,5.824314673280832,2.0108366019140598,1.8097529417226539,2.211920262105466
2024-01-04 16:30:00,MEO-03,MEO,5.912248254726186,2.217751004386234,1.9959759039476106,2.4395261048248575
2024-01-04 16:45:00,MEO-03,MEO,5.906252178825648,2.097309298708307,1.8875783688374763,2.307040228579138
2024-01-04 17:00:00,MEO-03,MEO,6.227243916202193,2.1767711911103085,1.9590940719992778,2.3944483102213394
2024-01-04 17:15:00,MEO-03,MEO,6.21471871422084,2.167413224791848,1.9506719023126633,2.384154547271033
2024-01-04 17:30:00,MEO-03,MEO,6.065954852753034,2.1454433235473385,1.9308989911926047,2.3599876559020725
2024-01-04 17:45:00,MEO-03,MEO,6.229129187479367,2.1075217299732527,1.8967695569759275,2.3182739029705783
2024-01-04 18:00:00,MEO-03,MEO,6.437621821236947,1.9587559959474015,1.7628803963526614,2.1546315955421416
2024-01-04 18:15:00,MEO-03,MEO,6.6688209969824905,1.971676292060335,1.7745086628543016,2.168843921266369
2024-01-04 18:30:00,MEO-03,MEO,6.697083169455513,2.094372519590114,1.8849352676311026,2.3038097715491257
2024-01-04 18:45:00,MEO-03,MEO,7.037619704651865,1.984386550345412,1.7859478953108707,2.1828252053799533
2024-01-04 19:00:00,MEO-03,MEO,6.434511393983328,2.0420375380279396,1.8378337842251458,2.2462412918307337
2024-01-04 19:15:00,MEO-03,MEO,6.477477260666392,1.7403341509093782,1.5663007358184404,1.914367566000316
2024-01-04 19:30:00,MEO-03,MEO,6.762056670588238,1.7510032475138642,1.5759029227624777,1.9261035722652506
2024-01-04 19:45:00,MEO-03,MEO,6.810941741931768,1.773935420585914,1.5965418785273227,1.9513289626445054
2024-01-04 20:00:00,MEO-03,MEO,6.380809089441722,1.5616737050934297,1.4055063345840868,1.7178410756027729
2024-01-04 20:15:00,MEO-03,MEO,6.093648109856993,1.494145100776256,1.3447305906986304,1.6435596108538817
2024-01-04 20:30:00,MEO-03,MEO,5.928642217845054,1.4368575966484118,1.2931718369835707,1.5805433563132532
2024-01-04 20:45:00,MEO-03,MEO,5.473510132515029,1.3546804308687648,1.2192123877818883,1.4901484739556414
2024-01-04 21:00:00,MEO-03,MEO,5.589831307276358,1.3667413122566034,1.2300671810309431,1.503415443482264
2024-01-04 21:15:00,MEO-03,MEO,5.737345893322996,1.1207815908153038,1.0087034317337735,1.2328597498968343
2024-01-04 21:30:00,MEO-03,MEO,5.562074326583582,1.3398473387765533,1.205862604898898,1.4738320726542087
2024-01-04 21:45:00,MEO-03,MEO,5.666104760415989,1.0841288026083025,0.9757159223474723,1.1925416828691329
2024-01-04 22:00:00,MEO-03,MEO,5.100506337437807,0.9521303318149618,0.8569172986334656,1.047343364996458
2024-01-04 22:15:00,MEO-03,MEO,4.892335007479395,1.0901654639005296,0.9811489175104766,1.1991820102905826
2024-01-04 22:30:00,MEO-03,MEO,5.097340233607898,1.0397482823552977,0.935773454119768,1.1437231105908277
2024-01-04 22:45:00,MEO-03,MEO,5.5916157367212875,1.0445676391303438,0.9401108752173094,1.1490244030433783
2024-01-04 23:00:00,MEO-03,MEO,4.855632544909504,1.0828528799393051,0.9745675919453747,1.1911381679332358
2024-01-04 23:15:00,MEO-03,MEO,4.956656681412669,1.1187409284251024,1.0068668355825923,1.2306150212676128
2024-01-04 23:30:00,MEO-03,MEO,5.138513127596173,1.2215741460886067,1.099416731479746,1.3437315606974676
2024-01-04 23:45:00,MEO-03,MEO,4.806850650385593,1.060841920232533,0.9547577282092797,1.1669261122557864
2024-01-05 00:00:00,MEO-03,MEO,5.308941765975543,1.2169017731788998,1.0952115958610098,1.3385919504967898
2024-01-05 00:15:00,MEO-03,MEO,4.654563871442245,1.2594818251193727,1.1335336426074354,1.38543000763131
2024-01-05 00:30:00,MEO-03,MEO,5.0227499515373255,1.0474722304473245,0.9427250074025921,1.1522194534920571
2024-01-05 00:45:00,MEO-03,MEO,5.137906988675635,1.2553244700190795,1.1297920230171716,1.3808569170209877
2024-01-05 01:00:00,MEO-03,MEO,5.358784874567942,1.2885357960655244,1.159682216458972,1.417389375672077
2024-01-05 01:15:00,MEO-03,MEO,4.945959186313905,1.5019944072387013,1.3517949665148312,1.6521938479625715
2024-01-05 01:30:00,MEO-03,MEO,5.905445140448016,1.5718093525990913,1.414628417339182,1.7289902878590004
2024-01-05 01:45:00,MEO-03,MEO,5.807669112230691,1.6547187922367583,1.4892469130130825,1.8201906714604343
2024-01-05 02:00:00,MEO-03,MEO,6.127747776667878,1.6843030480244816,1.5158727432220336,1.8527333528269299
2024-01-05 02:15:00,MEO-03,MEO,6.396802013989285,1.7750605263562045,1.597554473720584,1.9525665789918252
2024-01-05 02:30:00,MEO-03,MEO,5.9558947896927865,1.8705297694797378,1.683476792531764,2.0575827464277117
2024-01-05 02:45:00,MEO-03,MEO,5.663290553504089,1.9194691992989994,1.7275222793690994,2.1114161192288994
2024-01-05 03:00:00,MEO-03,MEO,6.7150218236508845,2.088569076899146,1.8797121692092313,2.2974259845890606
2024-01-05 03:15:00,MEO-03,MEO,6.491493827536363,2.0105460210677295,1.8094914189609566,2.2116006231745025
2024-01-05 03:30:00,MEO-03,MEO,6.405053296250825,2.097068640336271,1.8873617763026438,2.3067755043698983
2024-01-05 03:45:00,MEO-03,MEO,6.945895231251836,2.2255721854778607,2.0030149669300745,2.448129404025647
2024-01-05 04:00:00,MEO-03,MEO,7.189419911251517,2.2345556113642946,2.0111000502278653,2.4580111725007243
2024-01-05 04:15:00,MEO-03,MEO,6.629826917686501,2.214532373632102,1.9930791362688918,2.435985610995312
2024-01-05 04:30:00,MEO-03,MEO,6.960651510716088,2.375558681981171,2.138002813783054,2.6131145501792883
2024-01-05 04:45:00,MEO-03,MEO,6.522660171006989,2.3070815069471293,2.0763733562524163,2.5377896576418424
2024-01-05 05:00:00,MEO-03,MEO,6.37421325789812,2.2949715842581218,2.0654744258323094,2.524468742683934
2024-01-05 05:15:00,MEO-03,MEO,7.029649021760096,2.3480175140193253,2.113215762617393,2.582819265421258
2024-01-05 05:30:00,MEO-03,MEO,6.921377062408493,2.2797450183161434,2.0517705164845292,2.507719520147758
2024-01-05 05:45:00,MEO-03,MEO,6.630459443422154,2.3277848224102953,2.095006340169266,2.560563304651325
2024-01-05 06:00:00,MEO-03,MEO,7.114058489105357,2.271563620589949,2.0444072585309545,2.4987199826489443
2024-01-05 06:15:00,MEO-03,MEO,6.166213425229671,2.2202501987003385,1.9982251788303047,2.4422752185703724
2024-01-05 06:30:00,MEO-03,MEO,6.199847633636719,2.173507249778488,1.9561565248006392,2.390857974756337
2024-01-05 06:45:00,MEO-03,MEO,6.253157655037368,2.2391437070147977,2.015229336313318,2.4630580777162776
2024-01-05 07:00:00,MEO-03,MEO,6.164425557034343,2.128243167849344,1.9154188510644097,2.3410674846342787
2024-01-05 07:15:00,MEO-03,MEO,6.469568624344663,1.896026815546771,1.706424133992094,2.0856294971014484
2024-01-05 07:30:00,MEO-03,MEO,5.9524761313188,2.0335066333483054,1.8301559700134749,2.236857296683136
2024-01-05 07:45:00,MEO-03,MEO,5.718540767659618,1.9316165036223016,1.7384548532600714,2.124778153984532
2024-01-05 08:00:00,MEO-03,MEO,5.268139245590329,1.8529527790386382,1.6676575011347745,2.038248056942502
2024-01-05 08:15:00,MEO-03,MEO,5.671169779130191,1.8134193361745814,1.6320774025571232,1.9947612697920396
2024-01-05 08:30:00,MEO-03,MEO,4.927081983362188,1.6709391897416817,1.5038452707675136,1.83803310871585
2024-01-05 08:45:00,MEO-03,MEO,4.705087393154034,1.6493269499667527,1.4843942549700775,1.814259644963428
2024-01-05 09:00:00,MEO-03,MEO,4.73985542539041,1.4964517661589534,1.346806589543058,1.6460969427748489
2024-01-05 09:15:00,MEO-03,MEO,4.703454349107348,1.540416830826616,1.3863751477439543,1.6944585139092776
2024-01-05 09:30:00,MEO-03,MEO,4.314699267795044,1.4352903515572644,1.291761316401538,1.578819386712991
2024-01-05 09:45:00,MEO-03,MEO,4.5155654312004145,1.2601569373471762,1.1341412436124585,1.3861726310818938
2024-01-05 10:00:00,MEO-03,MEO,4.126617201773084,1.4138268652583241,1.2724441787324918,1.5552095517841567
2024-01-05 10:15:00,MEO-03,MEO,4.335837193762198,1.2900842447935823,1.1610758203142242,1.4190926692729406
2024-01-05 10:30:00,MEO-03,MEO,4.0929443745702185,1.2579025437274554,1.1321122893547098,1.383692798100201
2024-01-05 10:45:00,MEO-03,MEO,4.329013258589139,1.2328046231548009,1.109524160839321,1.356085085470281
2024-01-05 11:00:00,MEO-03,MEO,3.706918795622242,1.2377096653675075,1.1139386988307567,1.3614806319042583
2024-01-05 11:15:00,MEO-03,MEO,3.9877194441301618,1.294936451435978,1.1654428062923803,1.424430096579576
2024-01-05 11:30:00,MEO-03,MEO,3.3128986917449925,1.2170476391512566,1.095342875236131,1.3387524030663824
2024-01-05 11:45:00,MEO-03,MEO,4.489353833738606,1.1999761742471542,1.0799785568224387,1.3199737916718697
2024-01-05 12:00:00,MEO-03,MEO,3.740501401606561,1.279213246367086,1.1512919217303774,1.4071345710037948
2024-01-05 12:15:00,MEO-03,MEO,3.5222281669549056,1.4427163380703876,1.298444704263349,1.5869879718774265
2024-01-05 12:30:00,MEO-03,MEO,3.60856767064065,1.4551920305376027,1.3096728274838425,1.6007112335913631
2024-01-05 12:45:00,MEO-03,MEO,3.710270192989843,1.6204474731574146,1.4584027258416732,1.7824922204731561
2024-01-05 13:00:00,MEO-03,MEO,4.350892366619706,1.5957132235576943,1.436141901201925,1.7552845459134638
2024-01-05 13:15:00,MEO-03,MEO,4.252798100515395,1.742976028182266,1.5686784253640393,1.9172736310004928
2024-01-05 13:30:00,MEO-03,MEO,4.070991404318061,1.6987701116498277,1.528893100484845,1.8686471228148107
2024-01-05 13:45:00,MEO-03,MEO,4.039879494074204,1.8006852004550926,1.6206166804095834,1.980753720500602
2024-01-05 14:00:00,MEO-03,MEO,4.464683169619885,1.9189243630296344,1.727031926726671,2.110816799332598
2024-01-05 14:15:00,MEO-03,MEO,4.563640564434281,1.989094893488157,1.7901854041393412,2.1880043828369726
2024-01-05 14:30:00,MEO-03,MEO,4.725142310213772,2.0629990280473143,1.8566991252425828,2.2692989308520457
2024-01-05 14:45:00,MEO-03,MEO,4.725519494517463,2.091201097768685,1.8820809879918166,2.300321207545554
2024-01-05 15:00:00,MEO-03,MEO,4.869951199742006,2.108961532430791,1.8980653791877118,2.31985768567387
2024-01-05 15:15:00,MEO-03,MEO,5.56221196207537,2.3560124378771103,2.1204111940893995,2.5916136816648216
2024-01-05 15:30:00,MEO-03,MEO,5.77640038856273,2.410566578722897,2.1695099208506075,2.651623236595187
2024-01-05 15:45:00,MEO-03,MEO,5.675008788620132,2.3761691100207485,2.1385521990186738,2.6137860210228236
2024-01-05 16:00:00,MEO-03,MEO,5.9302996050538805,2.503712652809427,2.2533413875284847,2.75408391809037
2024-01-05 16:15:00,MEO-03,MEO,5.907142581501245,2.499331220196658,2.249398098176992,2.749264342216324
2024-01-05 16:30:00,MEO-03,MEO,5.651253605301336,2.6309103973843557,2.3678193576459203,2.8940014371227916
2024-01-05 16:45:00,MEO-03,MEO,5.878006465603734,2.4572957302579517,2.2115661572321565,2.7030253032837472
2024-01-05 17:00:00,MEO-03,MEO,6.520745285685075,2.5618231555638413,2.3056408400074573,2.818005471120226
2024-01-05 17:15:00,MEO-03,MEO,6.64477681665377,2.554856152825029,2.299370537542526,2.8103417681075324
2024-01-05 17:30:00,MEO-03,MEO,6.662093126566912,2.573506255795417,2.3161556302158752,2.830856881374959
2024-01-05 17:45:00,MEO-03,MEO,6.536864390326586,2.6629023545565835,2.3966121191009253,2.929192590012242
2024-01-05 18:00:00,MEO-03,MEO,6.754421262172724,2.4998541548260396,2.2498687393434356,2.7498395703086436
2024-01-05 18:15:00,MEO-03,MEO,6.477995972454289,2.5301191823580402,2.277107264122236,2.7831311005938444
2024-01-05 18:30:00,MEO-03,MEO,6.639084088021248,2.4116006345442282,2.1704405710898054,2.652760697998651
2024-01-05 18:45:00,MEO-03,MEO,6.40496651565171,2.454579530332056,2.20912157729885,2.7000374833652616
2024-01-05 19:00:00,MEO-03,MEO,6.146777469810326,2.368345642412459,2.131511078171213,2.605180206653705
2024-01-05 19:15:00,MEO-03,MEO,6.565927645183388,2.2155093390501057,1.9939584051450951,2.4370602729551165
2024-01-05 19:30:00,MEO-03,MEO,6.593155644067023,2.1398556530163977,1.9258700877147579,2.3538412183180375
2024-01-05 19:45:00,MEO-03,MEO,6.80527230211328,2.138660792161988,1.924794712945789,2.3525268713781866
2024-01-05 20:00:00,MEO-03,MEO,6.155251798132867,1.9733311046919695,1.7759979942227726,2.1706642151611666
2024-01-05 20:15:00,MEO-03,MEO,5.7221996508162905,1.9670490738942368,1.7703441665048132,2.163753981283661
2024-01-05 20:30:00,MEO-03,MEO,5.791899653022409,1.850685061523739,1.665616555371365,2.035753567676113
2024-01-05 20:45:00,MEO-03,MEO,5.727417192540617,1.838580468259648,1.6547224214336833,2.022438515085613
2024-01-05 21:00:00,MEO-03,MEO,5.686011036399067,1.7301401162637708,1.5571261046373939,1.903154127890148
2024-01-05 21:15:00,MEO-03,MEO,5.6567875543235004,1.6266159121479482,1.4639543209331534,1.7892775033627433
2024-01-05 21:30:00,MEO-03,MEO,5.525176318878138,1.715677820715616,1.5441100386440545,1.8872456027871778
2024-01-05 21:45:00,MEO-03,MEO,5.531636534225361,1.5988903696508228,1.4390013326857405,1.7587794066159053
2024-01-05 22:00:00,MEO-03,MEO,5.299445159022976,1.5360412387676745,1.3824371148909071,1.689645362644442
2024-01-05 22:15:00,MEO-03,MEO,4.618307718899243,1.543407717282186,1.3890669455539675,1.6977484890104049
2024-01-05 22:30:00,MEO-03,MEO,5.169569988899666,1.35506937478646,1.219562437307814,1.4905763122651061
2024-01-05 22:45:00,MEO-03,MEO,5.08776447863446,1.644844806956852,1.4803603262611669,1.8093292876525373
2024-01-05 23:00:00,MEO-03,MEO,5.173318915668603,1.4786457769619263,1.3307811992657337,1.626510354658119
2024-01-05 23:15:00,MEO-03,MEO,4.9323466126366835,1.3289237944088728,1.1960314149679856,1.4618161738497601
2024-01-05 23:30:00,MEO-03,MEO,5.083445526366837,1.6012336018345055,1.441110241651055,1.761356962017956
2024-01-05 23:45:00,MEO-03,MEO,5.189598158114868,1.4747661089604298,1.3272894980643868,1.6222427198564728
2024-01-06 00:00:00,MEO-03,MEO,4.88183519973561,1.657279558726455,1.4915516028538096,1.8230075145991007
2024-01-06 00:15:00,MEO-03,MEO,5.149384918130884,1.6313163099895036,1.4681846789905533,1.7944479409884542
2024-01-06 00:30:00,MEO-03,MEO,5.07330630732227,1.5519258972448486,1.3967333075203638,1.7071184869693337
2024-01-06 00:45:00,MEO-03,MEO,5.185970289483141,1.7617049608489845,1.585534464764086,1.9378754569338832
2024-01-06 01:00:00,MEO-03,MEO,4.521411606841878,1.8253349989968368,1.6428014990971531,2.0078684988965207
2024-01-06 01:15:00,MEO-03,MEO,5.083951058456586,1.9771286980436311,1.779415828239268,2.174841567847994
2024-01-06 01:30:00,MEO-03,MEO,5.213062081219406,2.0053803908942154,1.8048423518047938,2.205918429983637
2024-01-06 01:45:00,MEO-03,MEO,5.689291138819485,1.9457556464121744,1.7511800817709569,2.140331211053392
2024-01-06 02:00:00,MEO-03,MEO,6.096049591968814,2.2077559731737333,1.98698037585636,2.428531570491107
2024-01-06 02:15:00,MEO-03,MEO,5.89503267179587,2.1771398983972046,1.959425908557484,2.3948538882369252
2024-01-06 02:30:00,MEO-03,MEO,6.284203647454851,2.429261456255632,2.186335310630069,2.672187601881195
2024-01-06 02:45:00,MEO-03,MEO,6.380035586117845,2.3419998719506223,2.1077998847555603,2.5761998591456847
2024-01-06 03:00:00,MEO-03,MEO,6.394497029045846,2.428315188445917,2.1854836696013256,2.671146707290509
2024-01-06 03:15:00,MEO-03,MEO,6.637677038639205,2.4491894864814374,2.2042705378332936,2.694108435129581
2024-01-06 03:30:00,MEO-03,MEO,6.680924718278383,2.538549908489656,2.2846949176406905,2.792404899338622
2024-01-06 03:45:00,MEO-03,MEO,6.697343562145089,2.5736553941693785,2.3162898547524406,2.831020933586317
2024-01-06 04:00:00,MEO-03,MEO,6.930175811779634,2.7769298567838065,2.499236871105426,3.0546228424621873
2024-01-06 04:15:00,MEO-03,MEO,7.277586440066068,2.6155382379592025,2.3539844141632824,2.877092061755123
2024-01-06 04:30:00,MEO-03,MEO,7.099934723403985,2.8161950290692888,2.53457552616236,3.097814531976218
2024-01-06 04:45:00,MEO-03,MEO,7.082903695528571,2.8379813084147063,2.5541831775732358,3.1217794392561773
2024-01-06 05:00:00,MEO-03,MEO,6.835415100112686,2.891577065693895,2.6024193591245055,3.1807347722632846
2024-01-06 05:15:00,MEO-03,MEO,7.414007737890048,2.784292814825446,2.5058635333429016,3.062722096307991
2024-01-06 05:30:00,MEO-03,MEO,6.69197168285124,2.6878934794102882,2.4191041314692594,2.9566828273513175
2024-01-06 05:45:00,MEO-03,MEO,6.579244428081945,2.7356026868665513,2.4620424181798963,3.0091629555532067
2024-01-06 06:00:00,MEO-03,MEO,6.913580034019678,2.766739411804897,2.4900654706244074,3.0434133529853873
2024-01-06 06:15:00,MEO-03,MEO,6.520356819706493,2.6868590040186993,2.4181731036168292,2.9555449044205693
2024-01-06 06:30:00,MEO-03,MEO,6.912841103170374,2.6621761568944655,2.395958541205019,2.928393772583912
2024-01-06 06:45:00,MEO-03,MEO,6.101159347225294,2.6875413867027014,2.4187872480324315,2.9562955253729717
2024-01-06 07:00:00,MEO-03,MEO,6.62718762683343,2.5640900452400297,2.3076810407160266,2.8204990497640328
2024-01-06 07:15:00,MEO-03,MEO,6.441686630988282,2.467461861862526,2.2207156756762734,2.714208048048779
2024-01-06 07:30:00,MEO-03,MEO,6.102891837734375,2.234142805872322,2.01072852528509,2.4575570864595546
2024-01-06 07:45:00,MEO-03,MEO,5.375097554255783,2.2464078952045563,2.0217671056841007,2.471048684725012
2024-01-06 08:00:00,MEO-03,MEO,4.8763390785180984,2.202801579374115,1.9825214214367035,2.4230817373115268
2024-01-06 08:15:00,MEO-03,MEO,5.181019134160896,2.003041412856695,1.8027372715710257,2.203345554142365
2024-01-06 08:30:00,MEO-03,MEO,4.874568125192503,1.9998193018100592,1.7998373716290532,2.1998012319910654
2024-01-06 08:45:00,MEO-03,MEO,4.927096708279706,1.9970680524806732,1.797361247232606,2.1967748577287405
2024-01-06 09:00:00,MEO-03,MEO,4.544389808754261,1.9439760813099871,1.7495784731789885,2.138373689440986
2024-01-06 09:15:00,MEO-03,MEO,4.34538460594034,1.9318992285599885,1.7387093057039897,2.1250891514159878
2024-01-06 09:30:00,MEO-03,MEO,3.609679445530314,1.8202418615685256,1.638217675411673,2.0022660477253784
2024-01-06 09:45:00,MEO-03,MEO,4.265943054464036,1.8089811230723263,1.6280830107650937,1.9898792353795591
2024-01-06 10:00:00,MEO-03,MEO,3.7565986458884044,1.7163169138361671,1.5446852224525505,1.887948605219784
2024-01-06 10:15:00,MEO-03,MEO,3.6946173989893634,1.7225816769981053,1.5503235092982948,1.894839844697916
2024-01-06 10:30:00,MEO-03,MEO,3.420745881832037,1.734254187247635,1.5608287685228714,1.9076796059723986
2024-01-06 10:45:00,MEO-03,MEO,3.2175645785703866,1.8048524419979184,1.6243671977981267,1.9853376861977103
2024-01-06 11:00:00,MEO-03,MEO,3.9070344051927615,1.644911332172284,1.4804201989550556,1.8094024653895124
2024-01-06 11:15:00,MEO-03,MEO,3.697122532827355,1.7069241874894,1.5362317687404599,1.87761660623834
2024-01-06 11:30:00,MEO-03,MEO,3.684124312096814,1.7844082436805506,1.6059674193124955,1.962849068048606
2024-01-06 11:45:00,MEO-03,MEO,3.4338354270046594,1.6291217015179482,1.4662095313661534,1.7920338716697433
2024-01-06 12:00:00,MEO-03,MEO,3.0842491163950374,1.9430205814358446,1.7487185232922602,2.137322639579429
2024-01-06 12:15:00,MEO-03,MEO,4.098531121117769,1.9253253721491521,1.732792834934237,2.1178579093640675
2024-01-06 12:30:00,MEO-03,MEO,3.7556368407624454,1.750052005372082,1.5750468048348738,1.9250572059092905
2024-01-06 12:45:00,MEO-03,MEO,3.782938221066151,1.9799265724581483,1.7819339152123335,2.177919229703963
2024-01-06 13:00:00,MEO-03,MEO,3.777814914917748,1.9745739694067765,1.7771165724660989,2.172031366347454
2024-01-06 13:15:00,MEO-03,MEO,3.493736621843423,2.0626111389085353,1.8563500250176819,2.268872252799389
2024-01-06 13:30:00,MEO-03,MEO,4.443925622631322,2.2010594019782213,1.9809534617803992,2.4211653421760437
2024-01-06 13:45:00,MEO-03,MEO,4.0618723315274625,2.3383525420158477,2.104517287814263,2.572187796217433
2024-01-06 14:00:00,MEO-03,MEO,4.207091386142362,2.2997165969596924,2.069744937263723,2.5296882566556618
2024-01-06 14:15:00,MEO-03,MEO,4.451503907820666,2.383481197527853,2.1451330777750677,2.6218293172806386
2024-01-06 14:30:00,MEO-03,MEO,4.536881126053302,2.530825573505829,2.277743016155246,2.783908130856412
2024-01-06 14:45:00,MEO-03,MEO,4.768741073129811,2.6255507696657543,2.362995692699179,2.88810584663233
2024-01-06 15:00:00,MEO-03,MEO,5.186177584628171,2.5740599882943545,2.316653989464919,2.83146598712379
2024-01-06 15:15:00,MEO-03,MEO,4.847594315931083,2.8622489461919973,2.5760240515727975,3.148473840811197
2024-01-06 15:30:00,MEO-03,MEO,5.277750810931408,2.7363846061401147,2.4627461455261033,3.0100230667541266
2024-01-06 15:45:00,MEO-03,MEO,5.363493303223661,2.92127658898017,2.6291489300821533,3.2134042478781875
2024-01-06 16:00:00,MEO-03,MEO,5.132740211572281,2.928362323715068,2.635526091343561,3.2211985560865752
2024-01-06 16:15:00,MEO-03,MEO,5.824493457609215,2.9799768166535268,2.681979134988174,3.27797449831888
2024-01-06 16:30:00,MEO-03,MEO,6.211354782233136,2.9113245458802814,2.620192091292253,3.2024570004683097
2024-01-06 16:45:00,MEO-03,MEO,6.371817778959352,2.843192482157792,2.558873233942013,3.1275117303735716
2024-01-06 17:00:00,MEO-03,MEO,6.603361196930543,2.98907314499474,2.6901658304952663,3.2879804594942144
2024-01-06 17:15:00,MEO-03,MEO,5.787712783237564,2.988821482634655,2.6899393343711897,3.287703630898121
2024-01-06 17:30:00,MEO-03,MEO,6.7105103836437205,2.902799228410714,2.6125193055696423,3.1930791512517853
2024-01-06 17:45:00,MEO-03,MEO,6.401353338578825,3.0321907869496227,2.7289717082546607,3.335409865644585
2024-01-06 18:00:00,MEO-03,MEO,6.679964724062162,2.9244531753208216,2.6320078577887394,3.216898492852904
2024-01-06 18:15:00,MEO-03,MEO,6.192062267901004,2.8247667969526025,2.5422901172573424,3.107243476647863
2024-01-06 18:30:00,MEO-03,MEO,6.149263958308721,2.889055645239637,2.6001500807156734,3.177961209763601
2024-01-06 18:45:00,MEO-03,MEO,5.95054653774578,2.83666009688972,2.552994087200748,3.120326106578692
2024-01-06 19:00:00,MEO-03,MEO,6.403195843820101,2.6696339427241793,2.4026705484517614,2.9365973369965976
2024-01-06 19:15:00,MEO-03,MEO,6.276631243812773,2.7596698951421113,2.4837029056279003,3.0356368846563226
2024-01-06 19:30:00,MEO-03,MEO,5.793349726464922,2.7705632568777077,2.493506931189937,3.0476195825654786
2024-01-06 19:45:00,MEO-03,MEO,5.443975989376627,2.4313255033083445,2.18819295297751,2.6744580536391793
2024-01-06 20:00:00,MEO-03,MEO,5.717553015243914,2.4298920724888253,2.1869028652399427,2.672881279737708
2024-01-06 20:15:00,MEO-03,MEO,5.640941856026244,2.397583252254282,2.157824927028854,2.6373415774797104
2024-01-06 20:30:00,MEO-03,MEO,5.1517691183023695,2.4803936081206577,2.2323542473085918,2.7284329689327236
2024-01-06 20:45:00,MEO-03,MEO,4.988930094458372,2.169254075721127,1.9523286681490144,2.38617948329324
2024-01-06 21:00:00,MEO-03,MEO,5.337350788407852,2.086678765167799,1.8780108886510192,2.295346641684579
2024-01-06 21:15:00,MEO-03,MEO,5.527664073599327,2.0251328764950265,1.8226195888455239,2.2276461641445295
2024-01-06 21:30:00,MEO-03,MEO,4.835183604931151,2.1437911575332973,1.9294120417799676,2.3581702732866274
2024-01-06 21:45:00,MEO-03,MEO,4.641953395307508,1.9419233703512517,1.7477310333161267,2.1361157073863772
2024-01-06 22:00:00,MEO-03,MEO,4.849301171916684,1.8911413345143924,1.7020272010629531,2.0802554679658316
2024-01-06 22:15:00,MEO-03,MEO,4.85794211968465,1.9471100058987483,1.7523990053088734,2.141821006488623
2024-01-06 22:30:00,MEO-03,MEO,4.546211166632406,1.9322460682835254,1.739021461455173,2.125470675111878
2024-01-06 22:45:00,MEO-03,MEO,5.096851718059842,1.982135660683207,1.7839220946148864,2.180349226751528
2024-01-06 23:00:00,MEO-03,MEO,4.78567063912799,1.9028488407502657,1.712563956675239,2.0931337248252926
2024-01-06 23:15:00,MEO-03,MEO,4.451896646402342,1.9247161976148142,1.7322445778533329,2.117187817376296
2024-01-06 23:30:00,MEO-03,MEO,4.153940511057385,1.9158683924260589,1.724281553183453,2.107455231668665
2024-01-06 23:45:00,MEO-03,MEO,4.904890217065559,1.8493566372315577,1.664420973508402,2.034292300954714
2024-01-07 00:00:00,MEO-03,MEO,4.9140147127043985,1.9766381186138844,1.778974306752496,2.174301930475273
2024-01-07 00:15:00,MEO-03,MEO,4.598915203565216,2.045441598744648,1.840897438870183,2.249985758619113
2024-01-07 00:30:00,MEO-03,MEO,4.837605092091553,2.060877206795281,1.854789486115753,2.266964927474809
2024-01-07 00:45:00,MEO-03,MEO,4.803374260516078,2.034471707169259,1.8310245364523332,2.237918877886185
2024-01-07 01:00:00,MEO-03,MEO,5.076424680365718,2.138343007664327,1.924508706897894,2.35217730843076
2024-01-07 01:15:00,MEO-03,MEO,4.807871650362381,2.3006604785996756,2.070594430739708,2.5307265264596435
2024-01-07 01:30:00,MEO-03,MEO,4.900659908597454,2.4570515308741765,2.211346377786759,2.7027566839615944
2024-01-07 01:45:00,MEO-03,MEO,5.532110171017046,2.5983153078050525,2.3384837770245475,2.858146838585558
2024-01-07 02:00:00,MEO-03,MEO,5.54263699311111,2.5316919868772483,2.2785227881895236,2.7848611855649734
2024-01-07 02:15:00,MEO-03,MEO,5.332038440158554,2.5717391133028547,2.3145652019725693,2.8289130246331404
2024-01-07 02:30:00,MEO-03,MEO,5.414948832227417,2.6806634736031465,2.412597126242832,2.9487298209634614
2024-01-07 02:45:00,MEO-03,MEO,6.034964033661591,2.7054930459817683,2.4349437413835915,2.9760423505799456
2024-01-07 03:00:00,MEO-03,MEO,5.710808041938497,2.927062142312898,2.6343559280816082,3.219768356544188
2024-01-07 03:15:00,MEO-03,MEO,6.038135676016765,3.1047760453762887,2.7942984408386597,3.4152536499139177
2024-01-07 03:30:00,MEO-03,MEO,6.131685042566296,2.941858962533804,2.6476730662804235,3.2360448587871846
2024-01-07 03:45:00,MEO-03,MEO,5.896287198594342,2.9581513272416067,2.662336194517446,3.2539664599657674
2024-01-07 04:00:00,MEO-03,MEO,5.984706920006636,3.182156619092346,2.8639409571831114,3.5003722810015807
2024-01-07 04:15:00,MEO-03,MEO,6.043802954840637,3.166327027716489,2.8496943249448403,3.482959730488138
2024-01-07 04:30:00,MEO-03,MEO,6.176067928434423,3.1974469822205305,2.8777022839984774,3.517191680442584
2024-01-07 04:45:00,MEO-03,MEO,6.172241261806189,3.317566414885578,2.9858097733970204,3.6493230563741363
2024-01-07 05:00:00,MEO-03,MEO,6.692972226632362,3.0908783601459535,2.7817905241313583,3.399966196160549
2024-01-07 05:15:00,MEO-03,MEO,6.4547311372786655,3.0880625692681534,2.7792563123413383,3.396868826194969
2024-01-07 05:30:00,MEO-03,MEO,6.157708694588639,3.1759158367003963,2.8583242530303568,3.4935074203704364
2024-01-07 05:45:00,MEO-03,MEO,6.142592598067818,3.173239613462802,2.855915652116522,3.4905635748090824
2024-01-07 06:00:00,MEO-03,MEO,6.491556139055211,3.1095916700057895,2.798632503005211,3.4205508370063686
2024-01-07 06:15:00,MEO-03,MEO,6.186255289163708,3.295764845173973,2.966188360656576,3.625341329691371
2024-01-07 06:30:00,MEO-03,MEO,5.5632521125121235,3.0268425740033402,2.724158316603006,3.3295268314036743
2024-01-07 06:45:00,MEO-03,MEO,5.989259284445787,2.9530844751882297,2.657776027669407,3.248392922707053
2024-01-07 07:00:00,MEO-03,MEO,5.927372754397998,2.9463012656148524,2.6516711390533674,3.240931392176338
2024-01-07 07:15:00,MEO-03,MEO,5.870806891424975,2.94808149447974,2.6532733450317663,3.242889643927714
2024-01-07 07:30:00,MEO-03,MEO,5.202951401482749,2.7424815213339193,2.4682333692005276,3.0167296734673115
2024-01-07 07:45:00,MEO-03,MEO,5.011314316210819,2.7161810119023406,2.4445629107121065,2.9877991130925747
2024-01-07 08:00:00,MEO-03,MEO,4.713334857194709,2.7339423619870167,2.460548125788315,3.0073365981857187
2024-01-07 08:15:00,MEO-03,MEO,4.839690934772344,2.664418983799236,2.397977085419312,2.9308608821791595
2024-01-07 08:30:00,MEO-03,MEO,4.7576067748614355,2.524795038675875,2.2723155348082877,2.777274542543463
2024-01-07 08:45:00,MEO-03,MEO,4.258555594343222,2.630839556935389,2.36775560124185,2.8939235126289278
2024-01-07 09:00:00,MEO-03,MEO,4.167613811228424,2.529709608960339,2.2767386480643053,2.7826805698563732
2024-01-07 09:15:00,MEO-03,MEO,3.5123740690573015,2.197769114762331,1.9779922032860977,2.417546026238564
2024-01-07 09:30:00,MEO-03,MEO,4.235244855454286,2.120132373456239,1.9081191361106153,2.3321456108018634
2024-01-07 09:45:00,MEO-03,MEO,3.3107146376045016,2.271619029408505,2.0444571264676545,2.4987809323493555
2024-01-07 10:00:00,MEO-03,MEO,3.6542038840849775,2.277793323272399,2.050013990945159,2.505572655599639
2024-01-07 10:15:00,MEO-03,MEO,3.4953563422209006,2.1200639017837686,1.9080575116053917,2.3320702919621454
2024-01-07 10:30:00,MEO-03,MEO,3.341266388700868,2.076824700988206,1.8691422308893855,2.284507171087027
2024-01-07 10:45:00,MEO-03,MEO,3.26149031810154,2.0402427763710325,1.8362184987339292,2.244267054008136
2024-01-07 11:00:00,MEO-03,MEO,2.9276784081794247,2.0114658048514986,1.8103192243663488,2.212612385336649
2024-01-07 11:15:00,MEO-03,MEO,3.05785806199865,2.2051210537802484,1.9846089484022236,2.4256331591582736
2024-01-07 11:30:00,MEO-03,MEO,3.364986835279968,2.103198445777343,1.8928786011996086,2.3135182903550775
2024-01-07 11:45:00,MEO-03,MEO,3.445875710597303,2.1872572526438576,1.968531527379472,2.4059829779082436
2024-01-07 12:00:00,MEO-03,MEO,3.0551282472013943,2.0559540340208486,1.8503586306187638,2.261549437422934
2024-01-07 12:15:00,MEO-03,MEO,2.824538803497733,2.330008596734459,2.097007737061013,2.5630094564079053
2024-01-07 12:30:00,MEO-03,MEO,3.097019224080979,2.3528173443710627,2.1175356099339564,2.588099078808169
2024-01-07 12:45:00,MEO-03,MEO,3.8535389487187555,2.2614648910484836,2.0353184019436354,2.487611380153332
2024-01-07 13:00:00,MEO-03,MEO,3.3294358019538537,2.459276551773217,2.213348896595895,2.7052042069505386
2024-01-07 13:15:00,MEO-03,MEO,3.6221985214715255,2.5136024521628046,2.2622422069465244,2.7649626973790853
2024-01-07 13:30:00,MEO-03,MEO,4.154137784025741,2.5558308905836484,2.3002478015252836,2.8114139796420137
2024-01-07 13:45:00,MEO-03,MEO,3.836197960877376,2.440910395332374,2.196819355799137,2.6850014348656117
2024-01-07 14:00:00,MEO-03,MEO,4.105916802448321,2.7029840933320592,2.4326856839988533,2.9732825026652656
2024-01-07 14:15:00,MEO-03,MEO,4.534271544662294,2.8626955475912452,2.576425992832121,3.14896510235037
2024-01-07 14:30:00,MEO-03,MEO,4.958144991900831,2.875991038410584,2.588391934569526,3.1635901422516426
2024-01-07 14:45:00,MEO-03,MEO,4.5667112763065365,2.9808826629058514,2.6827943966152663,3.278970929196437
2024-01-07 15:00:00,MEO-03,MEO,5.274523012117334,3.1931950428565323,2.873875538570879,3.5125145471421857
2024-01-07 15:15:00,MEO-03,MEO,5.052167545856707,3.1369784751035588,2.8232806275932028,3.4506763226139148
2024-01-07 15:30:00,MEO-03,MEO,5.091994541487719,3.0389297957852706,2.7350368162067435,3.342822775363798
2024-01-07 15:45:00,MEO-03,MEO,5.559010316403951,3.2481386228918288,2.923324760602646,3.5729524851810117
2024-01-07 16:00:00,MEO-03,MEO,5.380091013519098,3.319001480827342,2.987101332744608,3.6509016289100766
2024-01-07 16:15:00,MEO-03,MEO,5.947764537441625,3.2842665322745246,2.955839879047072,3.6126931855019775
2024-01-07 16:30:00,MEO-03,MEO,6.762805690319043,3.4388445487774777,3.09496009389973,3.7827290036552257
2024-01-07 16:45:00,MEO-03,MEO,6.380985997536918,3.2829461837995253,2.9546515654195726,3.611240802179478
2024-01-07 17:00:00,MEO-03,MEO,6.18961853959253,3.3985899788414837,3.0587309809573355,3.7384489767256324
2024-01-07 17:15:00,MEO-03,MEO,6.5710445957369235,3.291127183350701,2.9620144650156313,3.6202399016857716
2024-01-07 17:30:00,MEO-03,MEO,6.147324581452536,3.374609965567548,3.0371489690107936,3.712070962124303
2024-01-07 17:45:00,MEO-03,MEO,6.241076292921626,3.4342297224028937,3.090806750162604,3.777652694643183
2024-01-07 18:00:00,MEO-03,MEO,6.130756866603935,3.3344651381371913,3.001018624323472,3.6679116519509107
2024-01-07 18:15:00,MEO-03,MEO,6.1829271333493985,3.290712331256877,2.9616410981311896,3.619783564382565
2024-01-07 18:30:00,MEO-03,MEO,5.828862336392078,3.2632955459103443,2.93696599131931,3.589625100501379
2024-01-07 18:45:00,MEO-03,MEO,6.0479692719619695,3.212775896257113,2.891498306631402,3.5340534858828248
2024-01-07 19:00:00,MEO-03,MEO,6.043278236159127,3.201265933450207,2.8811393401051864,3.521392526795228
2024-01-07 19:15:00,MEO-03,MEO,6.403729276326574,3.1358078003363756,2.822227020302738,3.4493885803700133
2024-01-07 19:30:00,MEO-03,MEO,5.619489701125888,3.12366341242069,2.8112970711786214,3.4360297536627593
2024-01-07 19:45:00,MEO-03,MEO,5.508722009170565,2.9507613037272007,2.6556851733544806,3.245837434099921
2024-01-07 20:00:00,MEO-03,MEO,5.801623320742854,2.730553632128766,2.4574982689158893,3.0036089953416427
2024-01-07 20:15:00,MEO-03,MEO,5.940322793400554,2.8580823580909245,2.572274122281832,3.143890593900017
2024-01-07 20:30:00,MEO-03,MEO,5.680359628172573,2.824782748371717,2.5423044735345455,3.107261023208889
2024-01-07 20:45:00,MEO-03,MEO,5.505510799585501,2.8437158616591174,2.559344275493206,3.1280874478250293
2024-01-07 21:00:00,MEO-03,MEO,5.245186114549552,2.696805996656139,2.427125396990525,2.966486596321753
2024-01-07 21:15:00,MEO-03,MEO,5.3765462597704605,2.4804465373955744,2.232401883656017,2.728491191135132
2024-01-07 21:30:00,MEO-03,MEO,5.309607838040991,2.4798759941996424,2.2318883947796784,2.727863593619607
2024-01-07 21:45:00,MEO-03,MEO,4.941489790370719,2.39572373482536,2.156151361342824,2.6352961083078963
2024-01-07 22:00:00,MEO-03,MEO,4.681384806861077,2.345453918662163,2.1109085267959466,2.5799993105283794
2024-01-07 22:15:00,MEO-03,MEO,4.607552708063077,2.3383777902748197,2.104540011247338,2.572215569302302
2024-01-07 22:30:00,MEO-03,MEO,5.000921638546064,2.429271813466064,2.1863446321194573,2.6721989948126703
2024-01-07 22:45:00,MEO-03,MEO,4.348464995341109,2.1881443220918877,1.969329889882699,2.4069587543010766
2024-01-07 23:00:00,MEO-03,MEO,5.123468530845495,2.23411510913714,2.010703598223426,2.457526620050854
2024-01-07 23:15:00,MEO-03,MEO,4.577137277965255,2.4211850728819373,2.1790665655937436,2.663303580170131
2024-01-07 23:30:00,MEO-03,MEO,4.773398615131642,2.459407497536931,2.213466747783238,2.7053482472906243
2024-01-07 23:45:00,MEO-03,MEO,4.894416663034761,2.3197655363868757,2.0877889827481884,2.5517420900255634
2024-01-08 00:00:00,MEO-03,MEO,4.589064853322004,2.5434903618860103,2.2891413256974094,2.7978393980746117
2024-01-08 00:15:00,MEO-03,MEO,4.703583338820497,2.5373094815143395,2.2835785333629057,2.791040429665774
2024-01-08 00:30:00,MEO-03,MEO,4.926908106603456,2.493786196225554,2.244407576602999,2.7431648158481097
2024-01-08 00:45:00,MEO-03,MEO,4.77151590851145,2.3836307822784892,2.1452677040506405,2.6219938605063384
2024-01-08 01:00:00,MEO-03,MEO,4.823318897683979,2.514525035530414,2.2630725319773726,2.7659775390834556
2024-01-08 01:15:00,MEO-03,MEO,4.963617850404011,2.6699808493611297,2.402982764425017,2.936978934297243
2024-01-08 01:30:00,MEO-03,MEO,5.638780638567866,2.8620502436971558,2.5758452193274404,3.1482552680668716
2024-01-08 01:45:00,MEO-03,MEO,5.5728298279343935,2.943604584017642,2.6492441256158776,3.237965042419406
2024-01-08 02:00:00,MEO-03,MEO,5.417982050836592,2.927906499888931,2.6351158499000378,3.2206971498778243
2024-01-08 02:15:00,MEO-03,MEO,5.980966843944419,3.029411115669452,2.7264700041025067,3.3323522272363975
2024-01-08 02:30:00,MEO-03,MEO,5.725830822831407,3.1266897274291137,2.814020754686202,3.439358700172025
2024-01-08 02:45:00,MEO-03,MEO,5.56850990353302,3.190531225779813,2.8714781032018317,3.509584348357795
2024-01-08 03:00:00,MEO-03,MEO,6.371866452879335,3.295957202040101,2.966361481836091,3.6255529222441116
2024-01-08 03:15:00,MEO-03,MEO,6.743881133294755,3.350187824424712,3.015169041982241,3.6852066068671836
2024-01-08 03:30:00,MEO-03,MEO,6.597089238361159,3.2821475832934546,2.953932824964109,3.6103623416228
2024-01-08 03:45:00,MEO-03,MEO,6.099219980395517,3.455733727415639,3.110160354674075,3.801307100157203
2024-01-08 04:00:00,MEO-03,MEO,6.664657406218806,3.5186541279881407,3.166788715189327,3.870519540786955
2024-01-08 04:15:00,MEO-03,MEO,6.685424619588387,3.638890853474987,3.2750017681274883,4.002779938822486
2024-01-08 04:30:00,MEO-03,MEO,6.914441052607026,3.5229721715562823,3.170674954400654,3.875269388711911
2024-01-08 04:45:00,MEO-03,MEO,6.654734128212702,3.625648930678108,3.263084037610297,3.988213823745919
2024-01-08 05:00:00,MEO-03,MEO,6.809548964792667,3.664048467441125,3.297643620697013,4.030453314185238
2024-01-08 05:15:00,MEO-03,MEO,6.543158736729216,3.606572122122855,3.2459149099105695,3.9672293343351406
2024-01-08 05:30:00,MEO-03,MEO,6.937317043122313,3.4672931531037574,3.1205638377933815,3.8140224684141333
2024-01-08 05:45:00,MEO-03,MEO,6.4981767503243315,3.6677968561800656,3.301017170562059,4.034576541798073
2024-01-08 06:00:00,MEO-03,MEO,7.257832389700304,3.6165828318457844,3.254924548661206,3.978241115030363
2024-01-08 06:15:00,MEO-03,MEO,6.880671476563701,3.5360304832178966,3.182427434896107,3.8896335315396864
2024-01-08 06:30:00,MEO-03,MEO,6.182974123463657,3.4737123726679604,3.1263411354011645,3.8210836099347567
2024-01-08 06:45:00,MEO-03,MEO,7.0482866956708525,3.2734525077444903,2.9461072569700413,3.6007977585189397
2024-01-08 07:00:00,MEO-03,MEO,6.83800741983817,3.4171503116341824,3.075435280470764,3.758865342797601
2024-01-08 07:15:00,MEO-03,MEO,6.902438065575741,3.4081462269235483,3.0673316042311933,3.7489608496159033
2024-01-08 07:30:00,MEO-03,MEO,5.878619626244222,3.1302401010934635,2.8172160909841173,3.44326411120281
2024-01-08 07:45:00,MEO-03,MEO,6.064114486271023,3.25436543835588,2.928928894520292,3.5798019821914684
2024-01-08 08:00:00,MEO-03,MEO,6.079511783849085,3.163340216414507,2.8470061947730563,3.479674238055958
2024-01-08 08:15:00,MEO-03,MEO,6.003410473099446,2.907402845222277,2.6166625607000493,3.198143129744505
2024-01-08 08:30:00,MEO-03,MEO,5.30649382596471,2.894677304656429,2.6052095741907864,3.1841450351220724
2024-01-08 08:45:00,MEO-03,MEO,5.592577811596461,2.7445572498048696,2.4701015248243827,3.019012974785357
2024-01-08 09:00:00,MEO-03,MEO,5.157948339645427,2.7848704603049925,2.5063834142744934,3.063357506335492
2024-01-08 09:15:00,MEO-03,MEO,4.659858783242461,2.7649478161801433,2.488453034562129,3.041442597798158
2024-01-08 09:30:00,MEO-03,MEO,4.768037277242766,2.568675822488238,2.3118082402394142,2.825543404737062
2024-01-08 09:45:00,MEO-03,MEO,4.928377945785046,2.657650097527866,2.3918850877750795,2.923415107280653
2024-01-08 10:00:00,MEO-03,MEO,4.205009359097258,2.6385181347180002,2.3746663212462003,2.9023699481898007
2024-01-08 10:15:00,MEO-03,MEO,4.69288052493206,2.609146915008554,2.3482322235076984,2.8700616065094096
2024-01-08 10:30:00,MEO-03,MEO,4.498483828320465,2.5721845720315772,2.3149661148284197,2.829403029234735
2024-01-08 10:45:00,MEO-03,MEO,4.278651260382406,2.4264107717116294,2.1837696945404668,2.6690518488827926
2024-01-08 11:00:00,MEO-03,MEO,3.8696492557661273,2.5140128392136054,2.262611555292245,2.765414123134966
2024-01-08 11:15:00,MEO-03,MEO,3.8489620883407927,2.5612258008710387,2.305103220783935,2.8173483809581428
2024-01-08 11:30:00,MEO-03,MEO,4.120953692085895,2.6694080943674483,2.4024672849307036,2.9363489038041934
2024-01-08 11:45:00,MEO-03,MEO,3.946176761168955,2.582134460380595,2.3239210143425355,2.8403479064186548
2024-01-08 12:00:00,MEO-03,MEO,4.191078580462854,2.6548857988529644,2.389397218967668,2.920374378738261
2024-01-08 12:15:00,MEO-03,MEO,4.555353975444419,2.594088770727408,2.334679893654667,2.853497647800149
2024-01-08 12:30:00,MEO-03,MEO,4.337597132541642,2.6322275651852354,2.3690048086667117,2.895450321703759
2024-01-08 12:45:00,MEO-03,MEO,4.429418190563126,2.685218269828663,2.4166964428457964,2.9537400968115293
2024-01-08 13:00:00,MEO-03,MEO,4.5484734805248515,2.8237567860642723,2.541381107457845,3.1061324646707
2024-01-08 13:15:00,MEO-03,MEO,5.0140146717680985,3.0970110775797526,2.7873099698217776,3.406712185337728
2024-01-08 13:30:00,MEO-03,MEO,5.237666915382585,2.9785011853544923,2.6806510668190433,3.2763513038899417
2024-01-08 13:45:00,MEO-03,MEO,5.18757014024543,3.121138691338484,2.8090248222046355,3.4332525604723325
2024-01-08 14:00:00,MEO-03,MEO,5.29561327920022,3.2192022728964624,2.8972820456068162,3.541122500186109
2024-01-08 14:15:00,MEO-03,MEO,5.50720237567759,3.1700027291448762,2.8530024562303886,3.4870030020593643
2024-01-08 14:30:00,MEO-03,MEO,6.001346000572109,3.303891688344797,2.9735025195103173,3.634280857179277
2024-01-08 14:45:00,MEO-03,MEO,5.961327182492468,3.4673954788997836,3.1206559310098054,3.8141350267897622
2024-01-08 15:00:00,MEO-03,MEO,6.4212736785165365,3.526544695049455,3.1738902255445094,3.8791991645544006
2024-01-08 15:15:00,MEO-03,MEO,6.131943260316401,3.402483547799536,3.0622351930195824,3.74273190257949
2024-01-08 15:30:00,MEO-03,MEO,6.093749212918995,3.6730505845067083,3.3057455260560373,4.04035564295738
2024-01-08 15:45:00,MEO-03,MEO,6.443521087826014,3.637671422414982,3.273904280173484,4.001438564656481
2024-01-08 16:00:00,MEO-03,MEO,6.642948545263623,3.687888579897612,3.319099721907851,4.056677437887374
2024-01-08 16:15:00,MEO-03,MEO,7.345058411500359,3.80150816220718,3.4213573459864617,4.181658978427898
2024-01-08 16:30:00,MEO-03,MEO,7.2736618736597904,3.9207235370155145,3.528651183313963,4.312795890717066
2024-01-08 16:45:00,MEO-03,MEO,7.059386412634463,3.802713733404273,3.422442360063846,4.182985106744701
2024-01-08 17:00:00,MEO-03,MEO,7.5321109932636165,3.9227572859478452,3.5304815573530606,4.31503301454263
2024-01-08 17:15:00,MEO-03,MEO,7.389763591035711,3.7125780759662383,3.3413202683696146,4.0838358835628625
2024-01-08 17:30:00,MEO-03,MEO,7.9030076866164745,3.8275484525757357,3.444793607318162,4.21030329783331
2024-01-08 17:45:00,MEO-03,MEO,7.4627343907402945,3.7531189030276355,3.377807012724872,4.128430793330399
2024-01-08 18:00:00,MEO-03,MEO,7.192682597936988,3.7887840931934504,3.4099056838741055,4.167662502512796
2024-01-08 18:15:00,MEO-03,MEO,7.541650918561654,3.7034360215624185,3.3330924194061766,4.073779623718661
2024-01-08 18:30:00,MEO-03,MEO,7.496256309975083,3.5726130280490347,3.2153517252441315,3.9298743308539383
2024-01-08 18:45:00,MEO-03,MEO,7.216138834802388,3.55438575165384,3.198947176488456,3.909824326819224
2024-01-08 19:00:00,MEO-03,MEO,7.653260206525111,3.4331336953437606,3.0898203258093844,3.7764470648781368
2024-01-08 19:15:00,MEO-03,MEO,7.801772748746062,3.394094446110692,3.0546850014996227,3.7335038907217615
2024-01-08 19:30:00,MEO-03,MEO,7.089561851078752,3.4671776936865117,3.120459924317861,3.813895463055163
2024-01-08 19:45:00,MEO-03,MEO,7.525768594347385,3.336092976434887,3.0024836787913984,3.669702274078376
2024-01-08 20:00:00,MEO-03,MEO,7.033395230061064,3.3007047464864283,2.9706342718377856,3.6307752211350715
2024-01-08 20:15:00,MEO-03,MEO,7.0737808553627755,3.353516670587197,3.0181650035284773,3.688868337645917
2024-01-08 20:30:00,MEO-03,MEO,6.937375170362728,3.111943050116991,2.800748745105292,3.4231373551286906
2024-01-08 20:45:00,MEO-03,MEO,6.851020711762423,3.116346976877533,2.80471227918978,3.4279816745652867
2024-01-08 21:00:00,MEO-03,MEO,6.862965641848584,3.0017443691087076,2.701569932197837,3.3019188060195788
2024-01-08 21:15:00,MEO-03,MEO,6.378831219134689,3.1595091747735484,2.8435582572961935,3.4754600922509034
2024-01-08 21:30:00,MEO-03,MEO,6.853567412163256,2.6423135225193786,2.3780821702674406,2.9065448747713165
2024-01-08 21:45:00,MEO-03,MEO,6.559060047895963,2.7787848944094256,2.5009064049684833,3.0566633838503683
2024-01-08 22:00:00,MEO-03,MEO,6.554793480292501,2.849121992547549,2.564209793292794,3.134034191802304
2024-01-08 22:15:00,MEO-03,MEO,6.075423595469884,2.706048191846129,2.4354433726615166,2.9766530110307423
2024-01-08 22:30:00,MEO-03,MEO,5.929901455574727,2.7905220918188336,2.51146988263695,3.069574301000717
2024-01-08 22:45:00,MEO-03,MEO,6.45756853538399,2.729295691359674,2.4563661222237068,3.0022252604956416
2024-01-08 23:00:00,MEO-03,MEO,5.842123277355148,2.8023386687078466,2.522104801837062,3.0825725355786315
2024-01-08 23:15:00,MEO-03,MEO,6.15585186344515,2.6518798065810083,2.3866918259229077,2.9170677872391093
2024-01-08 23:30:00,MEO-03,MEO,6.37812144227745,2.775765430398939,2.498188887359045,3.053341973438833
2024-01-08 23:45:00,MEO-03,MEO,6.114645508064157,2.828630653391969,2.545767588052772,3.111493718731166
2024-01-01 00:00:00,MEO-04,MEO,-0.44734953439841885,-0.5947154533217062,-0.5352439079895356,-0.6541869986538769
2024-01-01 00:15:00,MEO-04,MEO,-0.6252446324119404,-0.7048119338651895,-0.6343307404786706,-0.7752931272517085
2024-01-01 00:30:00,MEO-04,MEO,-0.9555760965895812,-0.6070531196499889,-0.54634780768499,-0.6677584316149878
2024-01-01 00:45:00,MEO-04,MEO,-0.6192283599382232,-0.5673560637655941,-0.5106204573890347,-0.6240916701421536
2024-01-01 01:00:00,MEO-04,MEO,-0.6536887083302594,-0.6035551433979941,-0.5431996290581947,-0.6639106577377936
2024-01-01 01:15:00,MEO-04,MEO,-1.104726781027986,-0.6820844988346016,-0.6138760489511415,-0.7502929487180618
2024-01-01 01:30:00,MEO-04,MEO,-0.8898044462549319,-0.5834419300013055,-0.525097737001175,-0.6417861230014361
2024-01-01 01:45:00,MEO-04,MEO,-0.944577366143936,-0.35631275843299626,-0.32068148258969664,-0.3919440342762959
2024-01-01 02:00:00,MEO-04,MEO,-0.8168961907527326,-0.30662781365365716,-0.27596503228829145,-0.3372905950190229
2024-01-01 02:15:00,MEO-04,MEO,-1.1325544406829056,-0.4331480345971901,-0.3898332311374711,-0.47646283805690914
2024-01-01 02:30:00,MEO-04,MEO,-0.49575698536817814,-0.2423998523050601,-0.2181598670745541,-0.26663983753556614
2024-01-01 02:45:00,MEO-04,MEO,-0.5211129593229848,-0.31869920887409897,-0.2868292879866891,-0.3505691297615089
2024-01-01 03:00:00,MEO-04,MEO,-0.7689325471111994,-0.03560499973975388,-0.03204449976577849,-0.03916549971372927
2024-01-01 03:15:00,MEO-04,MEO,-0.6487015774215359,-0.04844637160157708,-0.043601734441419376,-0.053291008761734794
2024-01-01 03:30:00,MEO-04,MEO,-0.5353844543125199,0.08992047585334023,0.08092842826800621,0.09891252343867427
2024-01-01 03:45:00,MEO-04,MEO,-0.5947546918595276,-0.040443663894717985,-0.03639929750524619,-0.04448803028418979
2024-01-01 04:00:00,MEO-04,MEO,-0.4042639789448542,0.2332468999138429,0.2099222099224586,0.2565715899052272
2024-01-01 04:15:00,MEO-04,MEO,-0.2507298985867183,0.2588181246227555,0.23293631216047994,0.28469993708503105
2024-01-01 04:30:00,MEO-04,MEO,0.33153390435376373,0.40480509257963737,0.36432458332167367,0.44528560183760113
2024-01-01 04:45:00,MEO-04,MEO,0.27544491538320215,0.4826344825756629,0.4343710343180966,0.5308979308332292
2024-01-01 05:00:00,MEO-04,MEO,0.379720307138588,0.4819063788263715,0.43371574094373433,0.5300970167090087
2024-01-01 05:15:00,MEO-04,MEO,0.3404739961543548,0.48910445390724133,0.4401940085165172,0.5380148992979655
2024-01-01 05:30:00,MEO-04,MEO,0.06326028051036275,0.6524409888946331,0.5871968900051698,0.7176850877840965
2024-01-01 05:45:00,MEO-04,MEO,0.4176291248167588,0.6296838215692325,0.5667154394123093,0.6926522037261559
2024-01-01 06:00:00,MEO-04,MEO,0.7451779125531981,0.5999546745899919,0.5399592071309927,0.659950142048991
2024-01-01 06:15:00,MEO-04,MEO,0.2502379994156318,0.621767520244496,0.5595907682200464,0.6839442722689456
2024-01-01 06:30:00,MEO-04,MEO,0.7726788895059973,0.5927658596976826,0.5334892737279143,0.6520424456674508
2024-01-01 06:45:00,MEO-04,MEO,1.228476223312399,0.6754401056830803,0.6078960951147723,0.7429841162513884
2024-01-01 07:00:00,MEO-04,MEO,0.9324497064593879,0.7995513261040129,0.7195961934936116,0.8795064587144142
2024-01-01 07:15:00,MEO-04,MEO,1.0241991020517585,0.7105416077173026,0.6394874469455724,0.7815957684890329
2024-01-01 07:30:00,MEO-04,MEO,0.7134358857695607,0.6291509839777659,0.5662358855799894,0.6920660823755426
2024-01-01 07:45:00,MEO-04,MEO,0.8736990888686895,0.7018742176140336,0.6316867958526302,0.772061639375437
2024-01-01 08:00:00,MEO-04,MEO,0.41036607310968537,0.5282338771148649,0.47541048940337843,0.5810572648263514
2024-01-01 08:15:00,MEO-04,MEO,0.732991425302888,0.5520032415531182,0.4968029173978064,0.60720356570843
2024-01-01 08:30:00,MEO-04,MEO,0.6290134842970128,0.47268248965367915,0.42541424068831124,0.5199507386190471
2024-01-01 08:45:00,MEO-04,MEO,0.45785087539860625,0.48625056597529237,0.4376255093777631,0.5348756225728216
2024-01-01 09:00:00,MEO-04,MEO,0.6245031941672124,0.2299529681065608,0.20695767129590473,0.2529482649172169
2024-01-01 09:15:00,MEO-04,MEO,0.06291849470201435,0.21690456089374588,0.1952141048043713,0.2385950169831205
2024-01-01 09:30:00,MEO-04,MEO,0.04693837098538858,0.08052053807925375,0.07246848427132838,0.08857259188717913
2024-01-01 09:45:00,MEO-04,MEO,0.009762057595515919,0.11667201079124045,0.10500480971211641,0.1283392118703645
2024-01-01 10:00:00,MEO-04,MEO,-0.3809712610186385,0.1607560265916419,0.1446804239324777,0.17683162925080612
2024-01-01 10:15:00,MEO-04,MEO,-0.1756588854566393,-0.04831586278386647,-0.04348427650547983,-0.053147449062253126
2024-01-01 10:30:00,MEO-04,MEO,-0.7679807516822896,-0.11727931262105887,-0.10555138135895298,-0.12900724388316476
2024-01-01 10:45:00,MEO-04,MEO,-0.17708954057122323,-0.07080672979710821,-0.06372605681739739,-0.07788740277681903
2024-01-01 11:00:00,MEO-04,MEO,-0.5202204688592524,-0.11358505835093881,-0.10222655251584493,-0.1249435641860327
2024-01-01 11:15:00,MEO-04,MEO,-0.7454711972391854,-0.2580077241303576,-0.23220695171732186,-0.2838084965433934
2024-01-01 11:30:00,MEO-04,MEO,-0.8955065156630506,-0.24036511406518984,-0.21632860265867088,-0.26440162547170887
2024-01-01 11:45:00,MEO-04,MEO,-0.8036722905070717,-0.4170553472157542,-0.3753498124941788,-0.45876088193732967
2024-01-01 12:00:00,MEO-04,MEO,-0.6158839277988478,-0.24726812093701345,-0.2225413088433121,-0.2719949330307148
2024-01-01 12:15:00,MEO-04,MEO,-0.6773353638607629,-0.20253758637995778,-0.182283827741962,-0.22279134501795358
2024-01-01 12:30:00,MEO-04,MEO,-0.999230373268376,-0.3396219351963541,-0.30565974167671867,-0.3735841287159895
2024-01-01 12:45:00,MEO-04,MEO,-1.0243240469974673,-0.5447159079992961,-0.49024431719936656,-0.5991874987992258
2024-01-01 13:00:00,MEO-04,MEO,-0.6193884630225343,-0.4090261576086001,-0.3681235418477401,-0.4499287733694602
2024-01-01 13:15:00,MEO-04,MEO,-0.9155803946385311,-0.291646766561005,-0.2624820899049045,-0.32081144321710553
2024-01-01 13:30:00,MEO-04,MEO,-0.6520475224155013,-0.3409344031335686,-0.3068409628202117,-0.37502784344692547
2024-01-01 13:45:00,MEO-04,MEO,-0.5491586508758848,-0.1627190154832376,-0.14644711393491386,-0.1789909170315614
2024-01-01 14:00:00,MEO-04,MEO,-0.39690107546148623,-0.16611437731645298,-0.14950293958480768,-0.1827258150480983
2024-01-01 14:15:00,MEO-04,MEO,-0.13792787187565353,-0.21055400564131369,-0.18949860507718233,-0.23160940620544507
2024-01-01 14:30:00,MEO-04,MEO,-0.5298791258357397,-0.08545827493854202,-0.07691244744468782,-0.09400410243239624
2024-01-01 14:45:00,MEO-04,MEO,-0.5392117570273777,-0.08773910826284118,-0.07896519743655706,-0.0965130190891253
2024-01-01 15:00:00,MEO-04,MEO,-0.038032212363889706,0.04562384290842618,0.04106145861758356,0.0501862271992688
2024-01-01 15:15:00,MEO-04,MEO,0.7299549028317074,0.09574823681305197,0.08617341313174678,0.10532306049435718
2024-01-01 15:30:00,MEO-04,MEO,0.9691210716323339,0.31611103546343217,0.28449993191708894,0.3477221390097754
2024-01-01 15:45:00,MEO-04,MEO,1.1112569499172547,0.47422570390713525,0.42680313351642174,0.5216482742978488
2024-01-01 16:00:00,MEO-04,MEO,0.5296401847875347,0.2727218005817633,0.245449620523587,0.29999398063993965
2024-01-01 16:15:00,MEO-04,MEO,0.3264480368098238,0.31375568230150713,0.28238011407135644,0.3451312505316579
2024-01-01 16:30:00,MEO-04,MEO,0.3785304664738808,0.5252179086490312,0.47269611778412807,0.5777396995139343
2024-01-01 16:45:00,MEO-04,MEO,0.9987297527822948,0.4961527383023118,0.44653746447208065,0.545768012132543
2024-01-01 17:00:00,MEO-04,MEO,1.2837721486279299,0.6885214674428364,0.6196693206985527,0.7573736141871201
2024-01-01 17:15:00,MEO-04,MEO,1.8301613277789914,0.8052666496201603,0.7247399846581443,0.8857933145821764
2024-01-01 17:30:00,MEO-04,MEO,1.8820289266776045,0.9177775815823909,0.8259998234241518,1.00955533974063
2024-01-01 17:45:00,MEO-04,MEO,1.8682261638249757,0.8587886816996364,0.7729098135296728,0.9446675498696001
2024-01-01 18:00:00,MEO-04,MEO,1.7195086522590017,0.8625059883650082,0.7762553895285075,0.9487565872015091
2024-01-01 18:15:00,MEO-04,MEO,1.8149779825326657,0.7452898409160353,0.6707608568244319,0.8198188250076389
2024-01-01 18:30:00,MEO-04,MEO,2.2130913109364685,0.9212147604183083,0.8290932843764774,1.0133362364601393
2024-01-01 18:45:00,MEO-04,MEO,2.3982554865077783,0.9301473147728535,0.8371325832955682,1.023162046250139
2024-01-01 19:00:00,MEO-04,MEO,2.3756127175561916,0.9706334430358533,0.873570098732268,1.0676967873394387
2024-01-01 19:15:00,MEO-04,MEO,2.0513475861084496,0.8478171110993119,0.7630353999893807,0.9325988222092432
2024-01-01 19:30:00,MEO-04,MEO,2.483539412934203,0.8449091279135114,0.7604182151221602,0.9294000407048626
2024-01-01 19:45:00,MEO-04,MEO,2.416891576058196,0.7274264976160637,0.6546838478544573,0.8001691473776701
2024-01-01 20:00:00,MEO-04,MEO,2.006337501848699,0.6197095177827822,0.557738566004504,0.6816804695610604
2024-01-01 20:15:00,MEO-04,MEO,2.0265290673252245,0.6638763878235254,0.5974887490411729,0.7302640266058781
2024-01-01 20:30:00,MEO-04,MEO,2.32435823426811,0.5696077898122504,0.5126470108310254,0.6265685687934754
2024-01-01 20:45:00,MEO-04,MEO,2.0056303437783027,0.6590380350426445,0.5931342315383801,0.724941838546909
2024-01-01 21:00:00,MEO-04,MEO,2.3576050429008086,0.5228614487275436,0.47057530385478924,0.575147593600298
2024-01-01 21:15:00,MEO-04,MEO,1.9675732489602094,0.4500423456337066,0.40503811107033594,0.4950465801970773
2024-01-01 21:30:00,MEO-04,MEO,1.5905933866763096,0.3410080825935719,0.3069072743342147,0.37510889085292914
2024-01-01 21:45:00,MEO-04,MEO,1.569890532148408,0.08701544941575867,0.07831390447418281,0.09571699435733455
2024-01-01 22:00:00,MEO-04,MEO,1.4410814517719104,0.39268762168162286,0.3534188595134606,0.4319563838497852
2024-01-01 22:15:00,MEO-04,MEO,1.090996808391274,0.12027920764704396,0.10825128688233956,0.13230712841174835
2024-01-01 22:30:00,MEO-04,MEO,0.8903820894937235,0.09876273232737195,0.08888645909463476,0.10863900556010916
2024-01-01 22:45:00,MEO-04,MEO,1.1394050885436964,-0.048755121474211724,-0.04387960932679055,-0.0536306336216329
2024-01-01 23:00:00,MEO-04,MEO,1.0234810489000115,0.0868663399286577,0.07817970593579193,0.09555297392152347
2024-01-01 23:15:00,MEO-04,MEO,0.816196897066833,-0.03126678830509716,-0.028140109474587446,-0.03439346713560688
2024-01-01 23:30:00,MEO-04,MEO,0.9044451986938247,-0.15307058972967943,-0.1377635307567115,-0.1683776487026474
2024-01-01 23:45:00,MEO-04,MEO,0.259950614345127,-0.15409641737226906,-0.13868677563504217,-0.16950605910949598
2024-01-02 00:00:00,MEO-04,MEO,0.6951051178746845,-0.015070738400285277,-0.01356366456025675,-0.016577812240313808
2024-01-02 00:15:00,MEO-04,MEO,-0.05445195821047649,-0.17209070896465295,-0.15488163806818767,-0.18929977986111826
2024-01-02 00:30:00,MEO-04,MEO,-0.17356921139024084,-0.18767694601995333,-0.168909251417958,-0.20644464062194867
2024-01-02 00:45:00,MEO-04,MEO,-0.4357649523067361,-0.2450989617022421,-0.2205890655320179,-0.26960885787246636
2024-01-02 01:00:00,MEO-04,MEO,-0.16587530940127707,-0.3077532931737902,-0.27697796385641116,-0.3385286224911692
2024-01-02 01:15:00,MEO-04,MEO,-0.22165658025907223,-0.14529495070012707,-0.13076545563011438,-0.1598244457701398
2024-01-02 01:30:00,MEO-04,MEO,0.012125964963890512,-0.07299601889351895,-0.06569641700416706,-0.08029562078287085
2024-01-02 01:45:00,MEO-04,MEO,-0.06434847796300436,0.03165279280373924,0.02848751352336532,0.034818072084113166
2024-01-02 02:00:00,MEO-04,MEO,-0.4121661703690159,-0.18486574575052495,-0.16637917117547246,-0.20335232032557746
2024-01-02 02:15:00,MEO-04,MEO,-0.1839557899910053,-0.03586273626112117,-0.03227646263500906,-0.039449009887233294
2024-01-02 02:30:00,MEO-04,MEO,-0.134641704525196,0.07368218843601193,0.06631396959241075,0.08105040727961313
2024-01-02 02:45:00,MEO-04,MEO,-0.4270968167196646,0.19167001698320288,0.1725030152848826,0.2108370186815232
2024-01-02 03:00:00,MEO-04,MEO,-0.15640768943814434,0.2568088733399188,0.23112798600592693,0.28248976067391074
2024-01-02 03:15:00,MEO-04,MEO,-0.020332657422271527,0.3385615366734456,0.304705383006101,0.37241769034079014
2024-01-02 03:30:00,MEO-04,MEO,0.6240949879553152,0.46295871161115687,0.4166628404500412,0.5092545827722726
2024-01-02 03:45:00,MEO-04,MEO,0.4146527751246286,0.44086222597909797,0.3967760033811882,0.4849484485770078
2024-01-02 04:00:00,MEO-04,MEO,0.6391032138439754,0.6701291181000922,0.603116206290083,0.7371420299101015
2024-01-02 04:15:00,MEO-04,MEO,0.20914646878782417,0.7104701160150169,0.6394231044135152,0.7815171276165186
2024-01-02 04:30:00,MEO-04,MEO,0.9938380821736736,0.7274260567476668,0.6546834510729002,0.8001686624224336
2024-01-02 04:45:00,MEO-04,MEO,1.1310335037998105,0.9538795690404916,0.8584916121364425,1.049267525944541
2024-01-02 05:00:00,MEO-04,MEO,0.41343803826146774,1.0175187574756748,0.9157668817281073,1.1192706332232423
2024-01-02 05:15:00,MEO-04,MEO,0.8386310616674884,1.0281643244119618,0.9253478919707656,1.130980756853158
2024-01-02 05:30:00,MEO-04,MEO,1.233501075740242,0.7649426236363928,0.6884483612727536,0.8414368860000321
2024-01-02 05:45:00,MEO-04,MEO,1.3560666640888432,1.1771736599006237,1.0594562939105614,1.2948910258906863
2024-01-02 06:00:00,MEO-04,MEO,1.0998997647712419,1.1497200236315008,1.0347480212683509,1.264692025994651
2024-01-02 06:15:00,MEO-04,MEO,1.2553969407372336,1.2722542607396883,1.1450288346657196,1.3994796868136572
2024-01-02 06:30:00,MEO-04,MEO,1.2311629722695885,1.2262980513028987,1.1036682461726088,1.3489278564331886
2024-01-02 06:45:00,MEO-04,MEO,1.442396078476431,1.2588926836094507,1.1330034152485058,1.3847819519703959
2024-01-02 07:00:00,MEO-04,MEO,1.7332578275706265,1.1979902213940357,1.078191199254632,1.3177892435334393
2024-01-02 07:15:00,MEO-04,MEO,1.244898928619154,1.220572550594051,1.098515295534646,1.3426298056534562
2024-01-02 07:30:00,MEO-04,MEO,1.6760239723443184,1.2474241706719071,1.1226817536047164,1.372166587739098
2024-01-02 07:45:00,MEO-04,MEO,1.2032657333339125,1.0711719925914251,0.9640547933322826,1.1782891918505678
2024-01-02 08:00:00,MEO-04,MEO,1.1448902233171672,0.8854154342880283,0.7968738908592254,0.9739569777168312
2024-01-02 08:15:00,MEO-04,MEO,1.5056417765465804,0.9361402185668288,0.842526196710146,1.0297542404235118
2024-01-02 08:30:00,MEO-04,MEO,1.4628681950269187,0.9346104383839371,0.8411493945455434,1.028071482222331
2024-01-02 08:45:00,MEO-04,MEO,1.3651932158230484,0.8462729936394915,0.7616456942755424,0.9309002930034407
2024-01-02 09:00:00,MEO-04,MEO,0.7335196369262438,0.6727681514489074,0.6054913363040167,0.7400449665937983
2024-01-02 09:15:00,MEO-04,MEO,0.8480946093890431,0.5707968415048628,0.5137171573543765,0.6278765256553491
2024-01-02 09:30:00,MEO-04,MEO,1.0664175478478317,0.568649048277575,0.5117841434498175,0.6255139531053325
2024-01-02 09:45:00,MEO-04,MEO,0.763249657140108,0.6184207839762558,0.5565787055786302,0.6802628623738814
2024-01-02 10:00:00,MEO-04,MEO,0.3710058142010838,0.6066308789284277,0.5459677910355849,0.6672939668212705
2024-01-02 10:15:00,MEO-04,MEO,0.6451851573714008,0.48180719405217654,0.4336264746469589,0.5299879134573943
2024-01-02 10:30:00,MEO-04,MEO,0.24604758080504263,0.4245314563652668,0.3820783107287401,0.4669846020017935
2024-01-02 10:45:00,MEO-04,MEO,0.7728005819165172,0.2693519413766198,0.2424167472389578,0.29628713551428176
2024-01-02 11:00:00,MEO-04,MEO,0.6173280991005564,0.07792625131770112,0.07013362618593101,0.08571887644947124
2024-01-02 11:15:00,MEO-04,MEO,0.29877392932238545,0.12902218574207172,0.11611996716786455,0.1419244043162789
2024-01-02 11:30:00,MEO-04,MEO,0.41633610759991335,0.10051841562257235,0.09046657406031512,0.1105702571848296
2024-01-02 11:45:00,MEO-04,MEO,0.034167848425308456,0.04569868806916942,0.04112881926225248,0.05026855687608637
2024-01-02 12:00:00,MEO-04,MEO,0.16640806209854164,0.06323139254046643,0.05690825328641979,0.06955453179451308
2024-01-02 12:15:00,MEO-04,MEO,0.31815750927710296,0.07724136185805625,0.06951722567225062,0.08496549804386187
2024-01-02 12:30:00,MEO-04,MEO,0.0015263279965552212,0.10328388752957021,0.09295549877661319,0.11361227628252724
2024-01-02 12:45:00,MEO-04,MEO,-0.1136133777223921,0.016142903520363426,0.014528613168327084,0.01775719387239977
2024-01-02 13:00:00,MEO-04,MEO,-0.44677108514998676,-0.10030661810680219,-0.09027595629612198,-0.11033727991748242
2024-01-02 13:15:00,MEO-04,MEO,0.007220619081590551,0.037058861123700805,0.03335297501133073,0.04076474723607089
2024-01-02 13:30:00,MEO-04,MEO,0.3018283742019401,0.11264293936064233,0.1013786454245781,0.12390723329670658
2024-01-02 13:45:00,MEO-04,MEO,0.419308589381691,0.2496916049089695,0.22472244441807254,0.27466076539986645
2024-01-02 14:00:00,MEO-04,MEO,0.41417220203317173,0.15777028511549293,0.14199325660394363,0.17354731362704223
2024-01-02 14:15:00,MEO-04,MEO,0.2751772908350558,0.30332939565344436,0.2729964560880999,0.3336623352187888
2024-01-02 14:30:00,MEO-04,MEO,0.05465376014092882,0.35152944313213363,0.31637649881892027,0.38668238744534705
2024-01-02 14:45:00,MEO-04,MEO,0.5777718437832938,0.40364146299969744,0.3632773166997277,0.4440056092996672
2024-01-02 15:00:00,MEO-04,MEO,0.7907409341764479,0.5510351696889311,0.495931652720038,0.6061386866578242
2024-01-02 15:15:00,MEO-04,MEO,0.96433810307289,0.5036102712689897,0.4532492441420908,0.5539712983958888
2024-01-02 15:30:00,MEO-04,MEO,1.38121417985171,0.592477046434851,0.5332293417913659,0.6517247510783362
2024-01-02 15:45:00,MEO-04,MEO,1.9128793127762305,0.7203545444746595,0.6483190900271936,0.7923899989221256
2024-01-02 16:00:00,MEO-04,MEO,1.6406140036220456,0.7523670177946717,0.6771303160152046,0.827603719574139
2024-01-02 16:15:00,MEO-04,MEO,1.7496400364509754,0.9246158394441975,0.8321542554997777,1.0170774233886173
2024-01-02 16:30:00,MEO-04,MEO,1.9313309650698733,0.9041381890093917,0.8137243701084526,0.9945520079103309
2024-01-02 16:45:00,MEO-04,MEO,2.2151816613306385,1.0520922017897603,0.9468829816107842,1.1573014219687363
2024-01-02 17:00:00,MEO-04,MEO,2.1580632925122285,1.093172588607764,0.9838553297469875,1.2024898474685404
2024-01-02 17:15:00,MEO-04,MEO,2.5669007936355803,1.178907708659366,1.0610169377934295,1.2967984795253027
2024-01-02 17:30:00,MEO-04,MEO,2.8096268223090037,1.177828789157544,1.0600459102417896,1.2956116680732985
2024-01-02 17:45:00,MEO-04,MEO,2.8956425864047506,1.2319119244018097,1.1087207319616288,1.355103116841991
2024-01-02 18:00:00,MEO-04,MEO,3.088201504929545,1.3020010187542812,1.171800916878853,1.4322011206297094
2024-01-02 18:15:00,MEO-04,MEO,3.195455950865083,1.3360884656963294,1.2024796191266964,1.4696973122659625
2024-01-02 18:30:00,MEO-04,MEO,2.73843139504106,1.3351456662136947,1.2016310995923252,1.4686602328350642
2024-01-02 18:45:00,MEO-04,MEO,3.415056457830758,1.4772351934114858,1.3295116740703372,1.6249587127526346
2024-01-02 19:00:00,MEO-04,MEO,3.141734867013242,1.256619815361074,1.1309578338249666,1.3822817968971814
2024-01-02 19:15:00,MEO-04,MEO,3.0678834616931847,1.3157217265869643,1.1841495539282678,1.4472938992456608
2024-01-02 19:30:00,MEO-04,MEO,3.076605725206494,1.1701848851245642,1.0531663966121079,1.2872033736370208
2024-01-02 19:45:00,MEO-04,MEO,3.4506454133350375,1.2917950672953329,1.1626155605657997,1.4209745740248663
2024-01-02 20:00:00,MEO-04,MEO,3.255294943247431,1.1301550903849051,1.0171395813464146,1.2431705994233957
2024-01-02 20:15:00,MEO-04,MEO,2.8390516855613375,1.1466532055786853,1.0319878850208168,1.261318526136554
2024-01-02 20:30:00,MEO-04,MEO,3.308678266083189,1.0818305798875274,0.9736475218987747,1.1900136378762802
2024-01-02 20:45:00,MEO-04,MEO,2.74128976652247,1.0709342124986319,0.9638407912487686,1.1780276337484952
2024-01-02 21:00:00,MEO-04,MEO,3.0322081287786444,0.9364507708188184,0.8428056937369366,1.0300958479007003
2024-01-02 21:15:00,MEO-04,MEO,2.93885023301973,0.8618387311857139,0.7756548580671425,0.9480226043042853
2024-01-02 21:30:00,MEO-04,MEO,2.970580025804791,0.9509915143760046,0.8558923629384042,1.046090665813605
2024-01-02 21:45:00,MEO-04,MEO,3.0547977005202616,0.7847478982162613,0.7062731083946352,0.8632226880378876
2024-01-02 22:00:00,MEO-04,MEO,2.1210010937947468,0.6435005645815801,0.5791505081234222,0.7078506210397382
2024-01-02 22:15:00,MEO-04,MEO,2.2969104943433356,0.5965960266858293,0.5369364240172464,0.6562556293544123
2024-01-02 22:30:00,MEO-04,MEO,2.086379886934477,0.6797466050585668,0.6117719445527101,0.7477212655644235
2024-01-02 22:45:00,MEO-04,MEO,2.109429608238965,0.465184932450388,0.4186664392053492,0.5117034256954268
2024-01-02 23:00:00,MEO-04,MEO,1.9030144890302934,0.37033165356275854,0.3332984882064827,0.4073648189190344
2024-01-02 23:15:00,MEO-04,MEO,1.6140495406518394,0.3188210756833481,0.2869389681150133,0.3507031832516829
2024-01-02 23:30:00,MEO-04,MEO,1.4523246996175652,0.28547038557396776,0.256923347016571,0.3140174241313646
2024-01-02 23:45:00,MEO-04,MEO,1.1532157812094166,0.24608400470265765,0.22147560423239188,0.2706924051729234
2024-01-03 00:00:00,MEO-04,MEO,1.5604373936159304,0.1646649109233281,0.1481984198309953,0.18113140201566094
2024-01-03 00:15:00,MEO-04,MEO,1.3225139384853417,0.16017270879163317,0.14415543791246985,0.1761899796707965
2024-01-03 00:30:00,MEO-04,MEO,1.3459788005580675,0.17687797800195204,0.15919018020175685,0.19456577580214726
2024-01-03 00:45:00,MEO-04,MEO,0.9635603057690963,0.2938991096266895,0.26450919866402056,0.3232890205893585
2024-01-03 01:00:00,MEO-04,MEO,0.81829922353922,0.22967608684370652,0.20670847815933588,0.2526436955280772
2024-01-03 01:15:00,MEO-04,MEO,0.6716298089483845,0.2672970790202396,0.24056737111821563,0.2940267869222636
2024-01-03 01:30:00,MEO-04,MEO,1.0073056124927922,0.41893408510244645,0.3770406765922018,0.46082749361269115
2024-01-03 01:45:00,MEO-04,MEO,0.6516650521572246,0.4636484786141415,0.41728363075272734,0.5100133264755556
2024-01-03 02:00:00,MEO-04,MEO,1.3731351510755547,0.3888058525199709,0.34992526726797385,0.427686437771968
2024-01-03 02:15:00,MEO-04,MEO,0.6122073357902381,0.42003776000759063,0.3780339840068316,0.46204153600834974
2024-01-03 02:30:00,MEO-04,MEO,1.051531041998,0.4673489215481871,0.4206140293933684,0.5140838137030058
2024-01-03 02:45:00,MEO-04,MEO,1.433504633272404,0.6637324174072603,0.5973591756665343,0.7301056591479864
2024-01-03 03:00:00,MEO-04,MEO,1.2634936435792996,0.6683968609419518,0.6015571748477566,0.735236547036147
2024-01-03 03:15:00,MEO-04,MEO,1.241181389802342,0.733738911264144,0.6603650201377297,0.8071128023905585
2024-01-03 03:30:00,MEO-04,MEO,1.0484600327077538,0.7815797318760992,0.7034217586884893,0.8597377050637092
2024-01-03 03:45:00,MEO-04,MEO,1.0462400104415126,0.8679142330820578,0.7811228097738521,0.9547056563902637
2024-01-03 04:00:00,MEO-04,MEO,1.6909657640346403,1.0373643290023942,0.9336278961021548,1.1411007619026337
2024-01-03 04:15:00,MEO-04,MEO,1.9852343647170128,0.9869207303696197,0.8882286573326578,1.0856128034065817
2024-01-03 04:30:00,MEO-04,MEO,1.6104641752487785,1.2489640043424886,1.1240676039082398,1.3738604047767375
2024-01-03 04:45:00,MEO-04,MEO,1.5458848225878485,1.1994612291457272,1.0795151062311545,1.3194073520603
2024-01-03 05:00:00,MEO-04,MEO,1.3233741338585179,1.2973964700513307,1.1676568230461977,1.427136117056464
2024-01-03 05:15:00,MEO-04,MEO,1.7946612431789672,1.2629363303067551,1.1366426972760797,1.3892299633374308
2024-01-03 05:30:00,MEO-04,MEO,2.1060376833097534,1.421799761183968,1.279619785065571,1.5639797373023647
2024-01-03 05:45:00,MEO-04,MEO,2.6196425723616277,1.440954248029481,1.296858823226533,1.5850496728324293
2024-01-03 06:00:00,MEO-04,MEO,2.574230676514209,1.498494764886769,1.3486452883980922,1.648344241375446
2024-01-03 06:15:00,MEO-04,MEO,2.5444669637402577,1.6458401525531463,1.4812561372978317,1.8104241678084612
2024-01-03 06:30:00,MEO-04,MEO,2.4169021282685157,1.5578785985889771,1.4020907387300794,1.713666458447875
2024-01-03 06:45:00,MEO-04,MEO,2.405423943488835,1.4854144056395462,1.3368729650755915,1.6339558462035009
2024-01-03 07:00:00,MEO-04,MEO,2.9217989001450624,1.487154111497422,1.3384387003476799,1.6358695226471645
2024-01-03 07:15:00,MEO-04,MEO,2.6242679091569765,1.576649460537055,1.4189845144833495,1.7343144065907605
2024-01-03 07:30:00,MEO-04,MEO,2.0365924809848823,1.6081516056541694,1.4473364450887525,1.7689667662195865
2024-01-03 07:45:00,MEO-04,MEO,2.36672264550925,1.4927629261427988,1.343486633528519,1.642039218757079
2024-01-03 08:00:00,MEO-04,MEO,2.6460709377859724,1.4826527683402042,1.3343874915061837,1.6309180451742247
2024-01-03 08:15:00,MEO-04,MEO,2.6682550389539013,1.425877979396521,1.283290181456869,1.5684657773361732
2024-01-03 08:30:00,MEO-04,MEO,2.876939684883777,1.4333018144634084,1.2899716330170676,1.5766319959097495
2024-01-03 08:45:00,MEO-04,MEO,2.629307430471313,1.100676644033229,0.9906089796299061,1.210744308436552
2024-01-03 09:00:00,MEO-04,MEO,2.547080556517354,1.2422324948475685,1.1180092453628117,1.3664557443323255
2024-01-03 09:15:00,MEO-04,MEO,2.7967785635258555,1.196343005994291,1.0767087053948619,1.3159773065937201
2024-01-03 09:30:00,MEO-04,MEO,2.1903830466878205,0.9372060362390603,0.8434854326151543,1.0309266398629664
2024-01-03 09:45:00,MEO-04,MEO,2.7227419977584626,0.8993100357385554,0.8093790321646999,0.989241039312411
2024-01-03 10:00:00,MEO-04,MEO,1.9794001529416256,0.8285029483338828,0.7456526535004946,0.9113532431672712
2024-01-03 10:15:00,MEO-04,MEO,2.06070324677713,0.7665404402013144,0.689886396181183,0.8431944842214459
2024-01-03 10:30:00,MEO-04,MEO,1.8622465217361657,0.7177617802828383,0.6459856022545545,0.7895379583111222
2024-01-03 10:45:00,MEO-04,MEO,1.8628221782276513,0.7115872832356441,0.6404285549120797,0.7827460115592086
2024-01-03 11:00:00,MEO-04,MEO,1.8500637572982206,0.702908690989112,0.6326178218902009,0.7731995600880233
2024-01-03 11:15:00,MEO-04,MEO,1.7640064077896596,0.6683070597957151,0.6014763538161436,0.7351377657752867
2024-01-03 11:30:00,MEO-04,MEO,1.3956031237862674,0.47055559464048147,0.4235000351764333,0.5176111541045296
2024-01-03 11:45:00,MEO-04,MEO,1.245039366566517,0.434248518081329,0.39082366627319615,0.47767336988946196
2024-01-03 12:00:00,MEO-04,MEO,2.1086396612651614,0.5804834214733374,0.5224350793260037,0.6385317636206712
2024-01-03 12:15:00,MEO-04,MEO,1.3355293755853936,0.5100291668616557,0.4590262501754901,0.5610320835478213
2024-01-03 12:30:00,MEO-04,MEO,1.6227527922499205,0.4580337307811525,0.4122303577030373,0.5038371038592678
2024-01-03 12:45:00,MEO-04,MEO,1.056071112559326,0.49262129767560975,0.4433591679080488,0.5418834274431708
2024-01-03 13:00:00,MEO-04,MEO,1.4172792494520694,0.46597170275819205,0.41937453248237283,0.5125688730340113
2024-01-03 13:15:00,MEO-04,MEO,1.504002179550299,0.5340177242723424,0.4806159518451082,0.5874194966995767
2024-01-03 13:30:00,MEO-04,MEO,1.721974370577266,0.4986226428423658,0.4487603785581292,0.5484849071266024
2024-01-03 13:45:00,MEO-04,MEO,1.010084722275745,0.5897332368549764,0.5307599131694788,0.648706560540474
2024-01-03 14:00:00,MEO-04,MEO,1.8374141139070925,0.49871309942219977,0.4488417894799798,0.5485844093644198
2024-01-03 14:15:00,MEO-04,MEO,1.630864725767589,0.6236650327569986,0.5612985294812988,0.6860315360326985
2024-01-03 14:30:00,MEO-04,MEO,2.137743605210503,0.6905233879796122,0.621471049181651,0.7595757267775735
2024-01-03 14:45:00,MEO-04,MEO,1.9502913441088823,0.7865400886548133,0.7078860797893319,0.8651940975202946
2024-01-03 15:00:00,MEO-04,MEO,2.1607545029924777,0.8188333147221198,0.7369499832499079,0.9007166461943319
2024-01-03 15:15:00,MEO-04,MEO,2.481961467306022,0.9301559479048898,0.8371403531144008,1.023171542695379
2024-01-03 15:30:00,MEO-04,MEO,2.4712907482403756,0.9337007083760227,0.8403306375384204,1.027070779213625
2024-01-03 15:45:00,MEO-04,MEO,2.8053746233726278,1.18156451939533,1.0634080674557969,1.299720971334863
2024-01-03 16:00:00,MEO-04,MEO,2.60407442496294,1.213339527650792,1.0920055748857127,1.334673480415871
2024-01-03 16:15:00,MEO-04,MEO,2.638217034752416,1.1639201184992884,1.0475281066493596,1.2803121303492173
2024-01-03 16:30:00,MEO-04,MEO,3.5433123453652424,1.310769051476489,1.1796921463288401,1.441845956624138
2024-01-03 16:45:00,MEO-04,MEO,3.152759960334725,1.4772778503366597,1.3295500653029937,1.6250056353703257
2024-01-03 17:00:00,MEO-04,MEO,3.6131531746343395,1.4741065253613816,1.3266958728252436,1.62151717789752
2024-01-03 17:15:00,MEO-04,MEO,4.01776058825951,1.5223201856277198,1.3700881670649478,1.6745522041904919
2024-01-03 17:30:00,MEO-04,MEO,3.8358743765340497,1.625002557563482,1.462502301807134,1.7875028133198305
2024-01-03 17:45:00,MEO-04,MEO,3.929616259511751,1.7028886617397545,1.532599795565779,1.8731775279137302
2024-01-03 18:00:00,MEO-04,MEO,4.323062207532211,1.595773951712926,1.4361965565416333,1.7553513468842186
2024-01-03 18:15:00,MEO-04,MEO,4.659189168146744,1.7802946546623968,1.6022651891961572,1.9583241201286365
2024-01-03 18:30:00,MEO-04,MEO,4.181763413268057,1.6878202278779388,1.519038205090145,1.856602250665733
2024-01-03 18:45:00,MEO-04,MEO,4.510988624164555,1.7557338383919978,1.580160454552798,1.9313072222311978
2024-01-03 19:00:00,MEO-04,MEO,4.16905159362403,1.7494070285665988,1.574466325709939,1.9243477314232589
2024-01-03 19:15:00,MEO-04,MEO,4.536229665460634,1.6950546116855438,1.5255491505169896,1.8645600728540983
2024-01-03 19:30:00,MEO-04,MEO,4.653956517241769,1.6305442981650093,1.4674898683485085,1.7935987279815104
2024-01-03 19:45:00,MEO-04,MEO,4.421290514215144,1.6555354961161024,1.4899819465044921,1.8210890457277127
2024-01-03 20:00:00,MEO-04,MEO,4.489377380534344,1.7657631089826098,1.5891867980843488,1.942339419880871
2024-01-03 20:15:00,MEO-04,MEO,4.200173853417835,1.4763458945732653,1.3287113051159387,1.6239804840305918
2024-01-03 20:30:00,MEO-04,MEO,4.501125129067503,1.6633426384039718,1.4970083745635747,1.829676902244369
2024-01-03 20:45:00,MEO-04,MEO,4.657802025379971,1.4440470996459602,1.2996423896813643,1.5884518096105564
2024-01-03 21:00:00,MEO-04,MEO,4.01565348564349,1.3998656285510729,1.2598790656959655,1.5398521914061802
2024-01-03 21:15:00,MEO-04,MEO,4.016244223900386,1.238888193052003,1.1149993737468027,1.3627770123572034
2024-01-03 21:30:00,MEO-04,MEO,4.167508980931582,1.190783314876479,1.0717049833888312,1.309861646364127
2024-01-03 21:45:00,MEO-04,MEO,4.205085847671231,1.1381116539367984,1.0243004885431186,1.2519228193304783
2024-01-03 22:00:00,MEO-04,MEO,3.381559386154657,1.0210909060346733,0.918981815431206,1.1231999966381407
2024-01-03 22:15:00,MEO-04,MEO,3.560519437942127,1.016311154802607,0.9146800393223462,1.1179422702828676
2024-01-03 22:30:00,MEO-04,MEO,3.5189330802124204,0.9319188084939102,0.8387269276445192,1.0251106893433013
2024-01-03 22:45:00,MEO-04,MEO,3.26816475302852,1.048422485066879,0.9435802365601912,1.153264733573567
2024-01-03 23:00:00,MEO-04,MEO,2.522585943514634,0.7485577195220602,0.6737019475698541,0.8234134914742662
2024-01-03 23:15:00,MEO-04,MEO,3.1201452676002033,0.7981978799948934,0.7183780919954041,0.8780176679943829
2024-01-03 23:30:00,MEO-04,MEO,3.235070998479948,0.7655900775668235,0.6890310698101412,0.842149085323506
2024-01-03 23:45:00,MEO-04,MEO,2.7541805967348125,0.6243800495661919,0.5619420446095726,0.6868180545228111
2024-01-04 00:00:00,MEO-04,MEO,2.3483821486277456,0.7383448093890378,0.664510328450134,0.8121792903279417
2024-01-04 00:15:00,MEO-04,MEO,2.372117745431396,0.6346044264784041,0.5711439838305638,0.6980648691262445
2024-01-04 00:30:00,MEO-04,MEO,2.851701681960189,0.4601943067857588,0.4141748761071829,0.5062137374643347
2024-01-04 00:45:00,MEO-04,MEO,2.5613366390401264,0.7157232680803489,0.6441509412723141,0.7872955948883839
2024-01-04 01:00:00,MEO-04,MEO,2.435201409245921,0.5871816700588885,0.5284635030529997,0.6458998370647775
2024-01-04 01:15:00,MEO-04,MEO,2.3229983854262928,0.6164098894181766,0.554768900476359,0.6780508783599943
2024-01-04 01:30:00,MEO-04,MEO,2.044978602446893,0.7887210806749863,0.7098489726074877,0.8675931887424849
2024-01-04 01:45:00,MEO-04,MEO,2.154157227062349,0.7486368589871331,0.6737731730884198,0.8235005448858465
2024-01-04 02:00:00,MEO-04,MEO,2.1962177240605465,0.9011594909766534,0.8110435418789881,0.9912754400743188
2024-01-04 02:15:00,MEO-04,MEO,2.381240584225967,0.9836819994530295,0.8853137995077266,1.0820501993983325
2024-01-04 02:30:00,MEO-04,MEO,2.665074759907859,0.9012709407778267,0.811143846700044,0.9913980348556094
2024-01-04 02:45:00,MEO-04,MEO,2.6261045148134947,1.0881332264685402,0.9793199038216862,1.1969465491153943
2024-01-04 03:00:00,MEO-04,MEO,2.063604138960595,1.0406984464738445,0.93662860182646,1.144768291121229
2024-01-04 03:15:00,MEO-04,MEO,2.5579907280509184,1.3596696468220815,1.2237026821398733,1.4956366115042898
2024-01-04 03:30:00,MEO-04,MEO,2.779500804886456,1.207598208486142,1.0868383876375278,1.3283580293347563
2024-01-04 03:45:00,MEO-04,MEO,2.851126414265856,1.4279364120413094,1.2851427708371785,1.5707300532454405
2024-01-04 04:00:00,MEO-04,MEO,2.6458738201046526,1.4956247467150048,1.3460622720435043,1.6451872213865053
2024-01-04 04:15:00,MEO-04,MEO,3.6419538826116247,1.5338046883708554,1.38042421953377,1.687185157207941
2024-01-04 04:30:00,MEO-04,MEO,2.7056345564318,1.5320929268876589,1.378883634198893,1.685302219576425
2024-01-04 04:45:00,MEO-04,MEO,2.864582111971682,1.6464188722571482,1.4817769850314335,1.8110607594828632
2024-01-04 05:00:00,MEO-04,MEO,3.301044285957425,1.5534421675174521,1.398097950765707,1.7087863842691975
2024-01-04 05:15:00,MEO-04,MEO,3.873782241981818,1.804210040990119,1.623789036891107,1.984631045089131
2024-01-04 05:30:00,MEO-04,MEO,3.2301322054047246,1.867120133687168,1.680408120318451,2.0538321470558847
2024-01-04 05:45:00,MEO-04,MEO,3.4581336948869543,1.894261747931178,1.7048355731380602,2.083687922724296
2024-01-04 06:00:00,MEO-04,MEO,3.868468101241378,1.6809985900534257,1.512898731048083,1.8490984490587683
2024-01-04 06:15:00,MEO-04,MEO,3.6569275033731206,1.8432143960385525,1.6588929564346973,2.027535835642408
2024-01-04 06:30:00,MEO-04,MEO,3.6264785094927072,1.900177347259407,1.7101596125334664,2.090195081985348
2024-01-04 06:45:00,MEO-04,MEO,3.8858210278059886,1.9886817259878764,1.7898135533890889,2.1875498985866644
2024-01-04 07:00:00,MEO-04,MEO,3.8317139278569545,1.9835686877541296,1.7852118189787167,2.1819255565295426
2024-01-04 07:15:00,MEO-04,MEO,4.024890399908061,1.9317829332678027,1.7386046399410224,2.124961226594583
2024-01-04 07:30:00,MEO-04,MEO,4.078307305762963,1.9714376562645546,1.7742938906380992,2.16858142189101
2024-01-04 07:45:00,MEO-04,MEO,3.8050557520163855,1.8044719654200254,1.624024768878023,1.9849191619620281
2024-01-04 08:00:00,MEO-04,MEO,4.0201589848114505,1.8927364201928851,1.7034627781735967,2.082010062212174
2024-01-04 08:15:00,MEO-04,MEO,3.944949644557796,1.8314402008783182,1.6482961807904863,2.01458422096615
2024-01-04 08:30:00,MEO-04,MEO,3.945095516712821,1.766342910983382,1.5897086198850439,1.9429772020817202
2024-01-04 08:45:00,MEO-04,MEO,3.756562168125736,1.6584424943260017,1.4925982448934014,1.824286743758602
2024-01-04 09:00:00,MEO-04,MEO,3.6527456454256972,1.751676356651254,1.5765087209861288,1.9268439923163796
2024-01-04 09:15:00,MEO-04,MEO,3.854167911139352,1.5734616485227388,1.416115483670465,1.7308078133750129
2024-01-04 09:30:00,MEO-04,MEO,3.830128221961248,1.3831989346311642,1.2448790411680477,1.5215188280942806
2024-01-04 09:45:00,MEO-04,MEO,2.966404737866271,1.4063897994794945,1.265750819531545,1.547028779427444
2024-01-04 10:00:00,MEO-04,MEO,3.236333196457534,1.3731261093516152,1.2358134984164537,1.5104387202867768
2024-01-04 10:15:00,MEO-04,MEO,2.952830947000667,1.1941568389590993,1.0747411550631893,1.3135725228550093
2024-01-04 10:30:00,MEO-04,MEO,2.941405411703334,1.2598027950737112,1.1338225155663402,1.3857830745810824
2024-01-04 10:45:00,MEO-04,MEO,3.019197305024236,1.1391036256100724,1.0251932630490652,1.2530139881710798
2024-01-04 11:00:00,MEO-04,MEO,2.9928762091535557,0.8626183228440407,0.7763564905596366,0.9488801551284448
2024-01-04 11:15:00,MEO-04,MEO,2.7141168446025983,1.022137332322809,0.919923599090528,1.12435106555509
2024-01-04 11:30:00,MEO-04,MEO,2.19214823049871,0.9214609781424318,0.8293148803281886,1.013607075956675
2024-01-04 11:45:00,MEO-04,MEO,2.3711074985223624,0.961161014102451,0.865044912692206,1.0572771155126963
2024-01-04 12:00:00,MEO-04,MEO,2.700664444984789,0.9671167324537273,0.8704050592083546,1.0638284056991
2024-01-04 12:15:00,MEO-04,MEO,1.7651116688728117,0.8902644867610512,0.8012380380849461,0.9792909354371564
2024-01-04 12:30:00,MEO-04,MEO,2.7384992843984373,1.0009865931087512,0.900887933797876,1.1010852524196264
2024-01-04 12:45:00,MEO-04,MEO,2.581981751747274,0.8568196838276751,0.7711377154449076,0.9425016522104427
2024-01-04 13:00:00,MEO-04,MEO,2.8099192637067576,0.9347033021121596,0.8412329719009436,1.0281736323233757
2024-01-04 13:15:00,MEO-04,MEO,2.4798525427216846,0.9728082264810635,0.8755274038329571,1.07008904912917
2024-01-04 13:30:00,MEO-04,MEO,2.082112060985592,0.9340821720129469,0.8406739548116522,1.0274903892142415
2024-01-04 13:45:00,MEO-04,MEO,2.791981731796363,1.0468926576996005,0.9422033919296404,1.1515819234695606
2024-01-04 14:00:00,MEO-04,MEO,3.1082350555431084,0.9883448154403284,0.8895103338962955,1.0871792969843612
2024-01-04 14:15:00,MEO-04,MEO,3.1431733548839302,1.0612441737828777,0.95511975640459,1.1673685911611655
2024-01-04 14:30:00,MEO-04,MEO,2.884677120435777,1.0560470578574768,0.9504423520717291,1.1616517636432246
2024-01-04 14:45:00,MEO-04,MEO,3.2247567260801064,1.2521658915825165,1.126949302424265,1.3773824807407682
2024-01-04 15:00:00,MEO-04,MEO,3.2351089236749138,1.3353363801343934,1.201802742120954,1.468870018147833
2024-01-04 15:15:00,MEO-04,MEO,3.339244567753009,1.4835423616186167,1.335188125456755,1.6318965977804785
2024-01-04 15:30:00,MEO-04,MEO,3.966913072332141,1.534506904677881,1.3810562142100928,1.6879575951456691
2024-01-04 15:45:00,MEO-04,MEO,3.618567971136179,1.531246707713481,1.378122036942133,1.6843713784848293
2024-01-04 16:00:00,MEO-04,MEO,3.8877684344463184,1.5420481051385035,1.3878432946246533,1.696252915652354
2024-01-04 16:15:00,MEO-04,MEO,4.029307414301954,1.7513266302845099,1.576193967256059,1.926459293312961
2024-01-04 16:30:00,MEO-04,MEO,4.125065376426094,1.882777569074936,1.6944998121674424,2.07105532598243
2024-01-04 16:45:00,MEO-04,MEO,4.72217988149432,1.9271264049975476,1.7344137644977928,2.1198390454973026
2024-01-04 17:00:00,MEO-04,MEO,5.157003333649781,2.02066835402237,1.8186015186201332,2.2227351894246072
2024-01-04 17:15:00,MEO-04,MEO,4.992122803817701,1.9774862109044504,1.7797375898140053,2.1752348319948958
2024-01-04 17:30:00,MEO-04,MEO,4.821977627014963,2.0100023252316164,1.8090020927084547,2.211002557754778
2024-01-04 17:45:00,MEO-04,MEO,5.554698044376589,2.032810621708493,1.829529559537644,2.2360916838793425
2024-01-04 18:00:00,MEO-04,MEO,5.896732298867052,2.1225723019085136,1.9103150717176622,2.334829532099365
2024-01-04 18:15:00,MEO-04,MEO,5.42694930642126,2.1463589834490033,1.931723085104103,2.360994881793904
2024-01-04 18:30:00,MEO-04,MEO,5.563257837853201,2.1847397716512007,1.9662657944860806,2.403213748816321
2024-01-04 18:45:00,MEO-04,MEO,5.886244914682716,2.1631861502506835,1.9468675352256153,2.379504765275752
2024-01-04 19:00:00,MEO-04,MEO,6.21644785430508,2.1579122924053205,1.9421210631647885,2.3737035216458526
2024-01-04 19:15:00,MEO-04,MEO,5.713375554942828,2.0914462478684968,1.8823016230816472,2.300590872655347
2024-01-04 19:30:00,MEO-04,MEO,5.521097075850653,2.2041284699011303,1.9837156229110173,2.4245413168912435
2024-01-04 19:45:00,MEO-04,MEO,6.001605501214965,2.100873735904523,1.8907863623140708,2.3109611094949756
2024-01-04 20:00:00,MEO-04,MEO,6.233673615003196,2.038143040475314,1.8343287364277827,2.2419573445228456
2024-01-04 20:15:00,MEO-04,MEO,5.984044665830475,1.941847427711962,1.7476626849407657,2.1360321704831584
2024-01-04 20:30:00,MEO-04,MEO,5.772603419034733,1.8377664190058338,1.6539897771052505,2.0215430609064176
2024-01-04 20:45:00,MEO-04,MEO,6.072754403634166,1.985823799697573,1.7872414197278157,2.1844061796673304
2024-01-04 21:00:00,MEO-04,MEO,5.852229711950068,1.857768882796069,1.671991994516462,2.043545771075676
2024-01-04 21:15:00,MEO-04,MEO,5.410084544039578,1.612273501518727,1.4510461513668544,1.7735008516706
2024-01-04 21:30:00,MEO-04,MEO,5.484427359871434,1.729898123228997,1.5569083109060973,1.9028879355518968
2024-01-04 21:45:00,MEO-04,MEO,4.994417542561358,1.6685047905200312,1.501654311468028,1.8353552695720345
2024-01-04 22:00:00,MEO-04,MEO,5.324899278716209,1.5310584644505234,1.377952618005471,1.684164310895576
2024-01-04 22:15:00,MEO-04,MEO,4.935727055350238,1.57723533401396,1.419511800612564,1.7349588674153562
2024-01-04 22:30:00,MEO-04,MEO,4.737792491936194,1.3981795221698252,1.2583615699528428,1.537997474386808
2024-01-04 22:45:00,MEO-04,MEO,4.684030054797462,1.2033759823976278,1.083038384157865,1.3237135806373908
2024-01-04 23:00:00,MEO-04,MEO,4.550430710466305,1.2874110454219054,1.158669940879715,1.416152149964096
2024-01-04 23:15:00,MEO-04,MEO,4.617175106064239,1.2259362937535674,1.1033426643782107,1.3485299231289243
2024-01-04 23:30:00,MEO-04,MEO,4.401579368938423,1.1138604980739657,1.002474448266569,1.2252465478813623
2024-01-04 23:45:00,MEO-04,MEO,4.0844826646440735,1.1722522713700754,1.0550270442330678,1.289477498507083
2024-01-05 00:00:00,MEO-04,MEO,4.195645524780898,0.9663472594190845,0.869712533477176,1.062981985360993
2024-01-05 00:15:00,MEO-04,MEO,3.999153695845215,1.162077804665901,1.045870024199311,1.2782855851324912
2024-01-05 00:30:00,MEO-04,MEO,3.70114333137462,1.0056976135855105,0.9051278522269595,1.1062673749440617
2024-01-05 00:45:00,MEO-04,MEO,3.701236289665703,1.0005014800641634,0.9004513320577471,1.1005516280705798
2024-01-05 01:00:00,MEO-04,MEO,3.636708857838897,1.083792829964022,0.9754135469676198,1.1921721129604244
2024-01-05 01:15:00,MEO-04,MEO,3.758780400736085,1.1512315903143389,1.036108431282905,1.2663547493457727
2024-01-05 01:30:00,MEO-04,MEO,3.5170770522140624,1.1631647100926128,1.0468482390833516,1.2794811811018743
2024-01-05 01:45:00,MEO-04,MEO,3.5052675510207196,1.1333589152803614,1.0200230237523253,1.2466948068083976
2024-01-05 02:00:00,MEO-04,MEO,4.106457560738503,1.2036124465987217,1.0832512019388496,1.323973691258594
2024-01-05 02:15:00,MEO-04,MEO,3.877350701046469,1.2125871949951461,1.0913284754956316,1.3338459144946608
2024-01-05 02:30:00,MEO-04,MEO,3.4962646956346854,1.351252696434763,1.2161274267912867,1.4863779660782395
2024-01-05 02:45:00,MEO-04,MEO,3.8878250545006003,1.5270357949145528,1.3743322154230975,1.6797393744060083
2024-01-05 03:00:00,MEO-04,MEO,3.846607569723237,1.517156146535307,1.3654405318817764,1.6688717611888377
2024-01-05 03:15:00,MEO-04,MEO,3.998449605040521,1.6661353847938098,1.4995218463144289,1.832748923273191
2024-01-05 03:30:00,MEO-04,MEO,4.028215125135599,1.795828746828281,1.616245872145453,1.9754116215111093
2024-01-05 03:45:00,MEO-04,MEO,4.392391818500843,1.7151698062030938,1.5436528255827844,1.8866867868234034
2024-01-05 04:00:00,MEO-04,MEO,4.773191017520161,1.8295575553615875,1.6466017998254288,2.0125133108977464
2024-01-05 04:15:00,MEO-04,MEO,4.781508074521754,2.0985749624486782,1.8887174662038104,2.308432458693546
2024-01-05 04:30:00,MEO-04,MEO,5.169057011666132,2.1176457237209316,1.9058811513488385,2.329410296093025
2024-01-05 04:45:00,MEO-04,MEO,5.077304154315954,1.9411001805090116,1.7469901624581103,2.135210198559913
2024-01-05 05:00:00,MEO-04,MEO,5.156618830880093,2.173062952799431,1.955756657519488,2.3903692480793746
2024-01-05 05:15:00,MEO-04,MEO,5.3066907992681855,2.2026631082682595,1.9823967974414336,2.4229294190950856
2024-01-05 05:30:00,MEO-04,MEO,5.299382332644978,2.3216290270351427,2.0894661243316284,2.553791929738657
2024-01-05 05:45:00,MEO-04,MEO,5.410501204953367,2.240345363969006,2.0163108275721053,2.464379900365907
2024-01-05 06:00:00,MEO-04,MEO,5.336074706202781,2.2680562849551174,2.0412506564596056,2.494861913450629
2024-01-05 06:15:00,MEO-04,MEO,5.3572049075948796,2.3067415253837904,2.0760673728454115,2.5374156779221697
2024-01-05 06:30:00,MEO-04,MEO,5.3440905469104685,2.330632213152968,2.0975689918376714,2.5636954344682654
2024-01-05 06:45:00,MEO-04,MEO,5.280020651040838,2.4469368156390163,2.2022431340751147,2.6916304972029184
2024-01-05 07:00:00,MEO-04,MEO,5.427258760359215,2.2822873524123226,2.0540586171710906,2.510516087653555
2024-01-05 07:15:00,MEO-04,MEO,5.607317615287929,2.311953595590293,2.0807582360312638,2.5431489551493227
2024-01-05 07:30:00,MEO-04,MEO,5.664823149513829,2.193858893057665,1.9744730037518983,2.4132447823634315
2024-01-05 07:45:00,MEO-04,MEO,5.544084516633933,2.3835026522787897,2.145152387050911,2.621852917506669
2024-01-05 08:00:00,MEO-04,MEO,4.981096059909757,2.3619618986534023,2.1257657087880624,2.5981580885187427
2024-01-05 08:15:00,MEO-04,MEO,5.907864617401572,2.18365682898357,1.965291146085213,2.402022511881927
2024-01-05 08:30:00,MEO-04,MEO,5.717229037247816,2.128664454132834,1.9157980087195507,2.3415308995461177
2024-01-05 08:45:00,MEO-04,MEO,5.477005600436873,2.1256253519570287,1.913062816761326,2.3381878871527317
2024-01-05 09:00:00,MEO-04,MEO,5.7525665631193075,2.139537282216556,1.9255835539949007,2.353491010438212
2024-01-05 09:15:00,MEO-04,MEO,4.933466230536335,1.9830567242102046,1.7847510517891843,2.181362396631225
2024-01-05 09:30:00,MEO-04,MEO,5.5458015860037095,1.8212243192549826,1.6391018873294845,2.003346751180481
2024-01-05 09:45:00,MEO-04,MEO,4.72478558381171,1.673381426623243,1.5060432839609188,1.8407195692855673
2024-01-05 10:00:00,MEO-04,MEO,4.916308518819958,1.6400792091341456,1.4760712882207312,1.8040871300475603
2024-01-05 10:15:00,MEO-04,MEO,4.429341353053145,1.6634249538595838,1.4970824584736255,1.8297674492455422
2024-01-05 10:30:00,MEO-04,MEO,4.645617931185664,1.5365966844247025,1.3829370159822323,1.690256352867173
2024-01-05 10:45:00,MEO-04,MEO,4.637906006064723,1.540500216593595,1.3864501949342356,1.6945502382529547
2024-01-05 11:00:00,MEO-04,MEO,4.409640162459016,1.422144539519909,1.279930085567918,1.5643589934719
2024-01-05 11:15:00,MEO-04,MEO,4.54341394550269,1.3298737305937645,1.196886357534388,1.462861103653141
2024-01-05 11:30:00,MEO-04,MEO,4.318033055525945,1.2761426509407459,1.1485283858466713,1.4037569160348207
2024-01-05 11:45:00,MEO-04,MEO,4.104561340546751,1.459536860650513,1.3135831745854618,1.6054905467155645
2024-01-05 12:00:00,MEO-04,MEO,4.491951552219367,1.3790604361298175,1.2411543925168358,1.5169664797427995
2024-01-05 12:15:00,MEO-04,MEO,4.810062071770671,1.4294548300974848,1.2865093470877362,1.5724003131072333
2024-01-05 12:30:00,MEO-04,MEO,4.435322343261397,1.3273243574151263,1.1945919216736138,1.460056793156639
2024-01-05 12:45:00,MEO-04,MEO,4.837640350942575,1.2530787928651104,1.1277709135785994,1.3783866721516216
2024-01-05 13:00:00,MEO-04,MEO,4.943668545767436,1.4069470210285868,1.2662523189257282,1.5476417231314457
2024-01-05 13:15:00,MEO-04,MEO,4.269431728090592,1.3221292514426763,1.1899163262984087,1.4543421765869442
2024-01-05 13:30:00,MEO-04,MEO,5.037810368051779,1.375899062109136,1.2383091558982224,1.5134889683200499
2024-01-05 13:45:00,MEO-04,MEO,5.356612100266115,1.3975266336968786,1.2577739703271908,1.5372792970665665
2024-01-05 14:00:00,MEO-04,MEO,5.009688069069212,1.2165281878321257,1.0948753690489132,1.3381810066153383
2024-01-05 14:15:00,MEO-04,MEO,5.218879304064482,1.6397903192497056,1.475811287324735,1.8037693511746764
2024-01-05 14:30:00,MEO-04,MEO,5.466716676635277,1.6166883397225444,1.45501950575029,1.778357173694799
2024-01-05 14:45:00,MEO-04,MEO,5.291311232654882,1.6756008781039318,1.5080407902935387,1.843160965914325
2024-01-05 15:00:00,MEO-04,MEO,5.5710034009895635,1.7207360320459433,1.548662428841349,1.8928096352505377
2024-01-05 15:15:00,MEO-04,MEO,5.372626655629776,1.818637405524711,1.63677366497224,2.000501146077182
2024-01-05 15:30:00,MEO-04,MEO,5.919840040904992,1.8397952604232524,1.6558157343809272,2.023774786465578
2024-01-05 15:45:00,MEO-04,MEO,6.199594402098825,2.019718571391408,1.8177467142522674,2.221690428530549
2024-01-05 16:00:00,MEO-04,MEO,6.39737865205855,1.9480964835348615,1.7532868351813755,2.1429061318883478
2024-01-05 16:15:00,MEO-04,MEO,6.728785357804647,2.147945943642098,1.933151349277888,2.3627405380063076
2024-01-05 16:30:00,MEO-04,MEO,6.461042066952173,2.255205063888995,2.0296845575000955,2.4807255702778948
2024-01-05 16:45:00,MEO-04,MEO,6.7095399736004895,2.2671799473489385,2.0404619526140446,2.4938979420838323
2024-01-05 17:00:00,MEO-04,MEO,7.497619762262328,2.3799414463930115,2.1419473017537105,2.617935591032313
2024-01-05 17:15:00,MEO-04,MEO,7.15787525367329,2.331492492983112,2.098343243684801,2.5646417422814234
2024-01-05 17:30:00,MEO-04,MEO,7.405538378219296,2.3864275719755352,2.1477848147779817,2.625070329173089
2024-01-05 17:45:00,MEO-04,MEO,7.485074753244991,2.527061970530695,2.274355773477626,2.779768167583765
2024-01-05 18:00:00,MEO-04,MEO,7.427002008017255,2.597689862568828,2.3379208763119452,2.857458848825711
2024-01-05 18:15:00,MEO-04,MEO,8.151507544416061,2.419018865647915,2.1771169790831237,2.6609207522127067
2024-01-05 18:30:00,MEO-04,MEO,7.708086405787678,2.626329083138475,2.3636961748246277,2.8889619914523226
2024-01-05 18:45:00,MEO-04,MEO,7.632623730470335,2.5464356977449594,2.2917921279704636,2.8010792675194556
2024-01-05 19:00:00,MEO-04,MEO,7.85540970226833,2.569539894760411,2.31258590528437,2.826493884236452
2024-01-05 19:15:00,MEO-04,MEO,7.500022945177953,2.462782209182608,2.216503988264347,2.7090604301008687
2024-01-05 19:30:00,MEO-04,MEO,7.848503009089611,2.477031440563615,2.2293282965072536,2.7247345846199766
2024-01-05 19:45:00,MEO-04,MEO,7.758834054418983,2.5884041879289934,2.329563769136094,2.847244606721893
2024-01-05 20:00:00,MEO-04,MEO,8.123902025950635,2.471089496098094,2.2239805464882845,2.7181984457079036
2024-01-05 20:15:00,MEO-04,MEO,7.749796514832885,2.387381366796676,2.1486432301170084,2.626119503476344
2024-01-05 20:30:00,MEO-04,MEO,8.069725989344992,2.3513622705881807,2.1162260435293625,2.586498497646999
2024-01-05 20:45:00,MEO-04,MEO,8.109418990654675,2.336685481228316,2.1030169331054847,2.5703540293511478
2024-01-05 21:00:00,MEO-04,MEO,7.85115281638616,2.264999216800134,2.0384992951201206,2.4914991384801475
2024-01-05 21:15:00,MEO-04,MEO,7.48398462255161,2.152546639854119,1.9372919758687073,2.3678013038395314
2024-01-05 21:30:00,MEO-04,MEO,7.443070572722584,2.1726453390054923,1.955380805104943,2.3899098729060415
2024-01-05 21:45:00,MEO-04,MEO,6.886736462032681,2.0887051788154545,1.8798346609339092,2.2975756966970002
2024-01-05 22:00:00,MEO-04,MEO,7.087331525304734,1.9705400079584234,1.773486007162581,2.167594008754266
2024-01-05 22:15:00,MEO-04,MEO,6.753525534507554,1.870117275948164,1.6831055483533475,2.0571290035429803
2024-01-05 22:30:00,MEO-04,MEO,6.987651499148027,1.8497895093711043,1.6648105584339938,2.034768460308215
2024-01-05 22:45:00,MEO-04,MEO,7.302786477225008,1.7582251293392002,1.5824026164052802,1.9340476422731203
2024-01-05 23:00:00,MEO-04,MEO,6.632658898455503,1.7594234020440551,1.5834810618396495,1.9353657422484607
2024-01-05 23:15:00,MEO-04,MEO,5.863007257262485,1.6946712907171506,1.5252041616454355,1.8641384197888657
2024-01-05 23:30:00,MEO-04,MEO,6.130848891706847,1.4970258048243448,1.3473232243419104,1.6467283853067793
2024-01-05 23:45:00,MEO-04,MEO,6.121557419514203,1.4558523817220874,1.3102671435498787,1.6014376198942963
2024-01-06 00:00:00,MEO-04,MEO,5.993917547494527,1.4600223881235688,1.314020149311212,1.6060246269359257
2024-01-06 00:15:00,MEO-04,MEO,5.683615804848438,1.577285424637374,1.4195568821736366,1.7350139671011116
2024-01-06 00:30:00,MEO-04,MEO,5.836465879933683,1.3662045010937898,1.229584050984411,1.5028249512031688
2024-01-06 00:45:00,MEO-04,MEO,5.3891403238232884,1.5272396321637083,1.3745156689473375,1.6799635953800793
2024-01-06 01:00:00,MEO-04,MEO,5.404887103206723,1.5382641299976008,1.3844377169978408,1.692090542997361
2024-01-06 01:15:00,MEO-04,MEO,5.761264179171779,1.6259674717272845,1.4633707245545562,1.788564218900013
2024-01-06 01:30:00,MEO-04,MEO,5.322266602002835,1.5808397512197916,1.4227557760978125,1.738923726341771
2024-01-06 01:45:00,MEO-04,MEO,5.704772452827512,1.501676768256984,1.3515090914312857,1.6518444450826826
2024-01-06 02:00:00,MEO-04,MEO,4.958926671539021,1.583713064003765,1.4253417576033887,1.7420843704041418
2024-01-06 02:15:00,MEO-04,MEO,5.7706476833806555,1.6250328119950626,1.4625295307955564,1.787536093194569
2024-01-06 02:30:00,MEO-04,MEO,5.179871762962986,1.7425534422200473,1.5682980979980425,1.9168087864420522
2024-01-06 02:45:00,MEO-04,MEO,5.376197544887222,1.8427638433213156,1.658487458989184,2.027040227653447
2024-01-06 03:00:00,MEO-04,MEO,5.5866977504050785,1.8406237304106827,1.6565613573696145,2.024686103451751
2024-01-06 03:15:00,MEO-04,MEO,5.44624870492325,2.1313970746267787,1.918257367164101,2.344536782089457
2024-01-06 03:30:00,MEO-04,MEO,5.716755666085182,1.9897360010155367,1.790762400913983,2.1887096011170906
2024-01-06 03:45:00,MEO-04,MEO,5.925844720082592,2.2862614325965915,2.0576352893369325,2.514887575856251
2024-01-06 04:00:00,MEO-04,MEO,6.128929776300242,2.3556583290827104,2.1200924961744394,2.5912241619909815
2024-01-06 04:15:00,MEO-04,MEO,6.1968951448856435,2.4131056085003517,2.1717950476503165,2.654416169350387
2024-01-06 04:30:00,MEO-04,MEO,6.067547288286786,2.362958793124346,2.1266629138119115,2.599254672436781
2024-01-06 04:45:00,MEO-04,MEO,6.184315487350157,2.5186504838696977,2.266785435482728,2.7705155322566677
2024-01-06 05:00:00,MEO-04,MEO,6.915516862371158,2.4562632677920546,2.210636941012849,2.70188959457126
2024-01-06 05:15:00,MEO-04,MEO,6.667647952526051,2.6918527426453287,2.422667468380796,2.961038016909862
2024-01-06 05:30:00,MEO-04,MEO,6.2943192112235815,2.665955866605082,2.399360279944574,2.9325514532655905
2024-01-06 05:45:00,MEO-04,MEO,6.635182034462957,2.68355991916242,2.415203927246178,2.9519159110786624
2024-01-06 06:00:00,MEO-04,MEO,6.563487090894068,2.6536872379474117,2.3883185141526706,2.919055961742153
2024-01-06 06:15:00,MEO-04,MEO,6.675687676215445,2.5789885640785024,2.321089707670652,2.836887420486353
2024-01-06 06:30:00,MEO-04,MEO,6.450883876299424,2.7096650992475246,2.4386985893227724,2.9806316091722773
2024-01-06 06:45:00,MEO-04,MEO,6.689560186338985,2.88709660890487,2.598386948014383,3.1758062697953573
2024-01-06 07:00:00,MEO-04,MEO,7.2646015661991985,2.76091864294779,2.484826778653011,3.0370105072425693
2024-01-06 07:15:00,MEO-04,MEO,6.9601779713189025,2.7645782699793773,2.4881204429814394,3.041036096977315
2024-01-06 07:30:00,MEO-04,MEO,6.18077792405992,2.8057861039223972,2.5252074935301576,3.0863647143146373
2024-01-06 07:45:00,MEO-04,MEO,7.080614052740696,2.8637486076166434,2.5773737468549793,3.150123468378308
2024-01-06 08:00:00,MEO-04,MEO,7.006953835364249,2.7826417340561016,2.5043775606504917,3.060905907461712
2024-01-06 08:15:00,MEO-04,MEO,6.58892122407974,2.548397774108914,2.2935579966980226,2.8032375515198056
2024-01-06 08:30:00,MEO-04,MEO,6.789449414666385,2.4134566285644388,2.172110965707995,2.6548022914208826
2024-01-06 08:45:00,MEO-04,MEO,6.315240357123655,2.6944986114639478,2.425048750317553,2.9639484726103427
2024-01-06 09:00:00,MEO-04,MEO,6.322654488109761,2.619459921520591,2.357513929368532,2.8814059136726504
2024-01-06 09:15:00,MEO-04,MEO,6.716968372270085,2.381806023080973,2.1436254207728758,2.6199866253890702
2024-01-06 09:30:00,MEO-04,MEO,6.170487318075145,2.1917504859679893,1.9725754373711903,2.410925534564788
2024-01-06 09:45:00,MEO-04,MEO,5.663180709705958,2.296307226055212,2.066676503449691,2.5259379486607334
2024-01-06 10:00:00,MEO-04,MEO,6.005322753997136,2.13701248622775,1.923311237604975,2.350713734850525
2024-01-06 10:15:00,MEO-04,MEO,5.892678108303465,2.0648907789475968,1.858401701052837,2.2713798568423567
2024-01-06 10:30:00,MEO-04,MEO,6.106061071838302,2.0769414646907185,1.8692473182216467,2.2846356111597905
2024-01-06 10:45:00,MEO-04,MEO,5.709473009304424,1.9680146508257372,1.7712131857431634,2.164816115908311
2024-01-06 11:00:00,MEO-04,MEO,5.507441689577939,1.7878751388991516,1.6090876250092365,1.966662652789067
2024-01-06 11:15:00,MEO-04,MEO,5.790733142983321,1.8049079612523025,1.6244171651270722,1.985398757377533
2024-01-06 11:30:00,MEO-04,MEO,5.488001523474769,1.8395592867114394,1.6556033580402956,2.0235152153825835
2024-01-06 11:45:00,MEO-04,MEO,5.212183874445056,1.7917305486545951,1.6125574937891356,1.970903603520055
2024-01-06 12:00:00,MEO-04,MEO,5.6455176125822115,1.7452646131053424,1.5707381517948082,1.9197910744158768
2024-01-06 12:15:00,MEO-04,MEO,5.3788624105228084,1.7820491012708597,1.6038441911437737,1.9602540113979459
2024-01-06 12:30:00,MEO-04,MEO,5.322602683159861,1.671552797290879,1.5043975175617912,1.838708077019967
2024-01-06 12:45:00,MEO-04,MEO,5.376380046951118,1.718133558533366,1.5463202026800293,1.8899469143867027
2024-01-06 13:00:00,MEO-04,MEO,5.093436845482167,1.4473952901767264,1.302655761159054,1.5921348191943991
2024-01-06 13:15:00,MEO-04,MEO,5.277810090409405,1.7051645470057366,1.534648092305163,1.8756810017063104
2024-01-06 13:30:00,MEO-04,MEO,5.478587762461585,1.8357058241335056,1.6521352417201551,2.0192764065468563
2024-01-06 13:45:00,MEO-04,MEO,5.5159538426756445,1.786082897615098,1.6074746078535882,1.964691187376608
2024-01-06 14:00:00,MEO-04,MEO,5.98790756524974,1.8313442049990203,1.6482097844991184,2.0144786254989224
2024-01-06 14:15:00,MEO-04,MEO,5.846573061699395,1.8444571530856773,1.6600114377771096,2.028902868394245
2024-01-06 14:30:00,MEO-04,MEO,6.144304666978949,2.0740391664257976,1.866635249783218,2.2814430830683774
2024-01-06 14:45:00,MEO-04,MEO,6.085643990870469,2.1094539660792426,1.8985085694713184,2.320399362687167
2024-01-06 15:00:00,MEO-04,MEO,6.512618806818496,2.208073155814981,1.987265840233483,2.4288804713964796
2024-01-06 15:15:00,MEO-04,MEO,6.523671817955703,2.0838279338987316,1.8754451405088584,2.2922107272886048
2024-01-06 15:30:00,MEO-04,MEO,6.611649745896384,2.291103442791256,2.0619930985121306,2.5202137870703822
2024-01-06 15:45:00,MEO-04,MEO,6.794858971724795,2.364345213548368,2.1279106921935314,2.600779734903205
2024-01-06 16:00:00,MEO-04,MEO,6.843828265499197,2.446580485520454,2.2019224369684087,2.6912385340725
2024-01-06 16:15:00,MEO-04,MEO,7.403258132684324,2.5001401365085596,2.250126122857704,2.7501541501594158
2024-01-06 16:30:00,MEO-04,MEO,7.458791453596967,2.5989527154624517,2.3390574439162064,2.858847987008697
2024-01-06 16:45:00,MEO-04,MEO,7.531293698468575,2.7674069316328525,2.4906662384695673,3.044147624796138
2024-01-06 17:00:00,MEO-04,MEO,8.114458394212503,2.6136057856890456,2.352245207120141,2.87496636425795
2024-01-06 17:15:00,MEO-04,MEO,7.697003366385522,2.9693446967658335,2.6724102270892502,3.266279166442417
2024-01-06 17:30:00,MEO-04,MEO,8.064005983278111,2.9187628746108745,2.6268865871497873,3.210639162071962
2024-01-06 17:45:00,MEO-04,MEO,8.572856976616185,2.9210999201573107,2.62898992814158,3.213209912173042
2024-01-06 18:00:00,MEO-04,MEO,8.759266959562552,3.03231449287052,2.729083043583468,3.335545942157572
2024-01-06 18:15:00,MEO-04,MEO,8.781624519518905,2.86922320943612,2.582300888492508,3.156145530379732
2024-01-06 18:30:00,MEO-04,MEO,8.950726654294344,2.9477532308790746,2.652977907791167,3.242528553966982
2024-01-06 18:45:00,MEO-04,MEO,9.007262663898258,2.9965676541453647,2.6969108887308284,3.2962244195599015
2024-01-06 19:00:00,MEO-04,MEO,8.636893144761517,3.1105710823411203,2.7995139741070085,3.4216281905752326
2024-01-06 19:15:00,MEO-04,MEO,8.961097984011328,2.982585787539226,2.6843272087853034,3.280844366293149
2024-01-06 19:30:00,MEO-04,MEO,9.46341929870282,2.997527064434902,2.697774357991412,3.2972797708783927
2024-01-06 19:45:00,MEO-04,MEO,8.883999179926754,2.8803097131732214,2.5922787418558992,3.168340684490544
2024-01-06 20:00:00,MEO-04,MEO,8.937933624431702,2.9237696626586183,2.6313926963927563,3.21614662892448
2024-01-06 20:15:00,MEO-04,MEO,8.830708893634537,2.9685446773329405,2.6716902095996464,3.265399145066235
2024-01-06 20:30:00,MEO-04,MEO,8.873985209359727,2.856685345094135,2.5710168105847218,3.142353879603549
2024-01-06 20:45:00,MEO-04,MEO,8.661981294295241,2.7073939271944765,2.436654534475029,2.9781333199139244
2024-01-06 21:00:00,MEO-04,MEO,8.825508367592745,2.7001607958498393,2.4301447162648553,2.9701768754348232
2024-01-06 21:15:00,MEO-04,MEO,8.635124057578178,2.621112027215982,2.359000824494384,2.8832232299375806
2024-01-06 21:30:00,MEO-04,MEO,8.649142862061922,2.5420974948310837,2.2878877453479753,2.7963072443141925
2024-01-06 21:45:00,MEO-04,MEO,8.053211415260439,2.5163863076932964,2.264747676923967,2.7680249384626263
2024-01-06 22:00:00,MEO-04,MEO,8.083655257453302,2.4421903328965318,2.1979712996068788,2.686409366186185
2024-01-06 22:15:00,MEO-04,MEO,7.96016850336021,2.27193751652691,2.044743764874219,2.4991312681796014
2024-01-06 22:30:00,MEO-04,MEO,7.975945641121836,2.2649160176413057,2.0384244158771754,2.4914076194054364
2024-01-06 22:45:00,MEO-04,MEO,7.509257090351095,2.1187980128638575,1.9069182115774719,2.3306778141502433
2024-01-06 23:00:00,MEO-04,MEO,7.784580950265621,2.0170754755558753,1.815367928000288,2.218783023111463
2024-01-06 23:15:00,MEO-04,MEO,7.705360201869535,2.0175087510833096,1.8157578759749786,2.219259626191641
2024-01-06 23:30:00,MEO-04,MEO,7.021902362765514,1.988745735760134,1.7898711621841206,2.1876203093361473
2024-01-06 23:45:00,MEO-04,MEO,7.016180474186184,1.8261648272087276,1.643548344487855,2.0087813099296006
2024-01-07 00:00:00,MEO-04,MEO,6.8870593238454205,2.0013108273907747,1.8011797446516973,2.2014419101298524
2024-01-07 00:15:00,MEO-04,MEO,7.5723796471589875,1.694170166585371,1.5247531499268339,1.8635871832439082
2024-01-07 00:30:00,MEO-04,MEO,6.715631927711447,2.1258564469559365,1.9132708022603429,2.3384420916515305
2024-01-07 00:45:00,MEO-04,MEO,7.167135903331154,2.0321712427003167,1.828954118430285,2.2353883669703487
2024-01-07 01:00:00,MEO-04,MEO,6.372420294840319,1.9047418557379214,1.7142676701641293,2.095216041311714
2024-01-07 01:15:00,MEO-04,MEO,6.400366036968746,1.9500716068390331,1.75506444615513,2.1450787675229366
2024-01-07 01:30:00,MEO-04,MEO,6.4524952864997225,2.007012276815206,1.8063110491336853,2.2077135044967267
2024-01-07 01:45:00,MEO-04,MEO,6.406761233331798,1.978362559426123,1.7805263034835106,2.1761988153687355
2024-01-07 02:00:00,MEO-04,MEO,6.562607263407688,2.0922328636241123,1.883009577261701,2.3014561499865236
2024-01-07 02:15:00,MEO-04,MEO,6.480535993496623,2.1244343264923042,1.9119908938430739,2.336877759141535
2024-01-07 02:30:00,MEO-04,MEO,6.49689317712463,2.1944090131097638,1.9749681117987874,2.4138499144207404
2024-01-07 02:45:00,MEO-04,MEO,7.050021518700689,2.288274724755223,2.0594472522797007,2.5171021972307455
2024-01-07 03:00:00,MEO-04,MEO,7.1382821725050345,2.245138699601582,2.0206248296414238,2.4696525695617404
2024-01-07 03:15:00,MEO-04,MEO,7.153199649386625,2.4332715642668297,2.1899444078401467,2.6765987206935127
2024-01-07 03:30:00,MEO-04,MEO,7.140193246457709,2.525196201462672,2.272676581316405,2.7777158216089397
2024-01-07 03:45:00,MEO-04,MEO,7.133480637141721,2.6052429993576087,2.344718699421848,2.86576729929337
2024-01-07 04:00:00,MEO-04,MEO,7.092808127252177,2.659940697094221,2.3939466273847994,2.9259347668036435
2024-01-07 04:15:00,MEO-04,MEO,7.089020741447904,2.848631897564321,2.563768707807889,3.133495087320753
2024-01-07 04:30:00,MEO-04,MEO,7.5295381618399,2.8065297882951037,2.5258768094655935,3.0871827671246144
2024-01-07 04:45:00,MEO-04,MEO,7.255855164468631,2.925802357042943,2.6332221213386484,3.218382592747237
2024-01-07 05:00:00,MEO-04,MEO,7.408048822315324,3.0785986321516896,2.770738768936521,3.386458495366859
2024-01-07 05:15:00,MEO-04,MEO,8.046693331259204,3.0289919596025467,2.726092763642292,3.331891155562802
2024-01-07 05:30:00,MEO-04,MEO,8.32822671747843,3.1053935814869305,2.7948542233382376,3.4159329396356237
2024-01-07 05:45:00,MEO-04,MEO,8.036798109807462,3.124956636385705,2.8124609727471346,3.437452300024276
2024-01-07 06:00:00,MEO-04,MEO,8.289642510028255,3.2669382801265465,2.940244452113892,3.5936321081392015
2024-01-07 06:15:00,MEO-04,MEO,8.0138145017012,3.1729329596034623,2.855639663643116,3.490226255563809
2024-01-07 06:30:00,MEO-04,MEO,7.789594465570497,3.311778604954984,2.980600744459486,3.642956465450483
2024-01-07 06:45:00,MEO-04,MEO,8.311339245956093,3.2061475926456144,2.885532833381053,3.5267623519101763
2024-01-07 07:00:00,MEO-04,MEO,8.319790300084208,3.140750410311477,2.8266753692803293,3.454825451342625
2024-01-07 07:15:00,MEO-04,MEO,8.199081380936061,3.248836303156053,2.9239526728404477,3.5737199334716587
2024-01-07 07:30:00,MEO-04,MEO,8.10872975793748,3.1453301995204113,2.8307971795683704,3.4598632194724526
2024-01-07 07:45:00,MEO-04,MEO,8.382741170627451,3.1852970402568133,2.866767336231132,3.503826744282495
2024-01-07 08:00:00,MEO-04,MEO,7.853868542646056,2.8746508818280887,2.58718579364528,3.162115970010898
2024-01-07 08:15:00,MEO-04,MEO,7.851052751799653,3.042962866327348,2.738666579694613,3.347259152960083
2024-01-07 08:30:00,MEO-04,MEO,7.723862248396449,2.948455721340375,2.6536101492063375,3.243301293474413
2024-01-07 08:45:00,MEO-04,MEO,7.917088746852885,2.83703064677498,2.553327582097482,3.1207337114524782
2024-01-07 09:00:00,MEO-04,MEO,7.534000510515009,2.8100431834021933,2.529038865061974,3.091047501742413
2024-01-07 09:15:00,MEO-04,MEO,7.5370265833397845,2.7371953547847605,2.4634758193062845,3.010914890263237
2024-01-07 09:30:00,MEO-04,MEO,7.4277362838517345,2.705912552988022,2.43532129768922,2.9765038082868247
2024-01-07 09:45:00,MEO-04,MEO,7.431216888477188,2.5262248574024433,2.273602371662199,2.778847343142688
2024-01-07 10:00:00,MEO-04,MEO,7.0150602944574505,2.5873149544910787,2.3285834590419707,2.8460464499401867
2024-01-07 10:15:00,MEO-04,MEO,7.299881800907345,2.5995883225741307,2.339629490316718,2.859547154831544
2024-01-07 10:30:00,MEO-04,MEO,7.484050188527078,2.4442209079596773,2.1997988171637095,2.688642998755645
2024-01-07 10:45:00,MEO-04,MEO,7.105517093205648,2.422345630775737,2.180111067698163,2.6645801938533107
2024-01-07 11:00:00,MEO-04,MEO,7.363922900004326,2.3866671991110002,2.1480004791999003,2.6253339190221006
2024-01-07 11:15:00,MEO-04,MEO,7.228723999510715,2.346168347995131,2.111551513195618,2.5807851827946444
2024-01-07 11:30:00,MEO-04,MEO,7.017993073527428,2.3526400188057788,2.117376016925201,2.587904020686357
2024-01-07 11:45:00,MEO-04,MEO,6.7841163518616785,2.1273360819616616,1.9146024737654954,2.340069690157828
2024-01-07 12:00:00,MEO-04,MEO,6.728148665874141,2.083186439305318,1.874867795374786,2.2915050832358497
2024-01-07 12:15:00,MEO-04,MEO,6.887152258850396,2.186414387740312,1.9677729489662807,2.405055826514343
2024-01-07 12:30:00,MEO-04,MEO,6.589708885479967,2.1735133248503944,1.956161992365355,2.390864657335434
2024-01-07 12:45:00,MEO-04,MEO,6.2270281075973095,2.1822558714466376,1.964030284301974,2.4004814585913015
2024-01-07 13:00:00,MEO-04,MEO,6.849860298228027,2.284946085492497,2.056451476943247,2.513440694041747
2024-01-07 13:15:00,MEO-04,MEO,6.492711723336219,2.1584080261785834,1.9425672235607252,2.374248828796442
2024-01-07 13:30:00,MEO-04,MEO,6.602912151321764,2.225047987180691,2.002543188462622,2.4475527858987602
2024-01-07 13:45:00,MEO-04,MEO,6.930431099796724,2.155245265827329,1.939720739244596,2.370769792410062
2024-01-07 14:00:00,MEO-04,MEO,6.765324372455105,2.455829957216008,2.210246961494407,2.7014129529376087
2024-01-07 14:15:00,MEO-04,MEO,6.558507819236618,2.3172116664924762,2.0854904998432287,2.5489328331417243
2024-01-07 14:30:00,MEO-04,MEO,7.091256699651014,2.385474491716142,2.1469270425445277,2.624021940887756
2024-01-07 14:45:00,MEO-04,MEO,7.44413518973965,2.4541987838768797,2.2087789054891918,2.6996186622645677
2024-01-07 15:00:00,MEO-04,MEO,7.085766415613401,2.5068101902591295,2.2561291712332165,2.7574912092850425
2024-01-07 15:15:00,MEO-04,MEO,7.861715833822504,2.579931957909101,2.321938762118191,2.8379251537000116
2024-01-07 15:30:00,MEO-04,MEO,7.337557040564644,2.678404974582879,2.410564477124591,2.946245472041167
2024-01-07 15:45:00,MEO-04,MEO,8.446815902355171,2.693852290885835,2.4244670617972517,2.963237519974419
2024-01-07 16:00:00,MEO-04,MEO,7.779679768265295,2.8225626593888213,2.5403063934499395,3.1048189253277036
2024-01-07 16:15:00,MEO-04,MEO,8.112990405671198,3.121701259883348,2.809531133895013,3.433871385871683
2024-01-07 16:30:00,MEO-04,MEO,7.795891197923874,3.101855339657704,2.791669805691934,3.412040873623475
2024-01-07 16:45:00,MEO-04,MEO,8.441314625710778,3.1898695541160795,2.8708825987044717,3.508856509527688
2024-01-07 17:00:00,MEO-04,MEO,8.69502044975328,3.2771724679117735,2.9494552211205964,3.604889714702951
2024-01-07 17:15:00,MEO-04,MEO,8.788073800648577,3.3902537514339306,3.0512283762905374,3.7292791265773237
2024-01-07 17:30:00,MEO-04,MEO,8.828916641687353,3.154703651454792,2.839233286309313,3.4701740166002715
2024-01-07 17:45:00,MEO-04,MEO,8.87934311360356,3.2424576935487432,2.918211924193869,3.566703462903618
2024-01-07 18:00:00,MEO-04,MEO,9.529210849037064,3.3118317392506533,2.980648565325588,3.643014913175719
2024-01-07 18:15:00,MEO-04,MEO,9.36748400500183,3.364153476291969,3.0277381286627723,3.700568823921166
2024-01-07 18:30:00,MEO-04,MEO,9.839356832456255,3.393245623005879,3.0539210607052913,3.7325701853064674
2024-01-07 18:45:00,MEO-04,MEO,9.396981502257571,3.386857355473668,3.048171619926301,3.7255430910210348
2024-01-07 19:00:00,MEO-04,MEO,9.473553077810191,3.435232836718653,3.0917095530467877,3.778756120390519
2024-01-07 19:15:00,MEO-04,MEO,9.818504986317604,3.4054910162505103,3.0649419146254595,3.7460401178755616
2024-01-07 19:30:00,MEO-04,MEO,9.219738114393744,3.320057778087377,2.9880520002786395,3.652063555896115
2024-01-07 19:45:00,MEO-04,MEO,9.311657343403063,3.1697940016506485,2.8528146014855835,3.4867734018157135
2024-01-07 20:00:00,MEO-04,MEO,9.85807309061632,3.2217546716724663,2.8995792045052196,3.543930138839713
2024-01-07 20:15:00,MEO-04,MEO,9.239323571976282,3.2067882885915204,2.8861094597323684,3.527467117450673
2024-01-07 20:30:00,MEO-04,MEO,9.00716923118386,3.1736387257771246,2.856274853199412,3.491002598354837
2024-01-07 20:45:00,MEO-04,MEO,9.841086768964836,3.039898880433407,2.7359089923900664,3.343888768476748
2024-01-07 21:00:00,MEO-04,MEO,8.921561549904926,3.023218881710431,2.720896993539388,3.3255407698814743
2024-01-07 21:15:00,MEO-04,MEO,9.198018523907901,2.9007935507301013,2.610714195657091,3.190872905803112
2024-01-07 21:30:00,MEO-04,MEO,9.039220226286483,2.9078668039329774,2.61708012353968,3.1986534843262753
2024-01-07 21:45:00,MEO-04,MEO,8.179482597473406,2.757944603516998,2.482150143165298,3.033739063868698
2024-01-07 22:00:00,MEO-04,MEO,8.668104092202324,2.70228161504144,2.4320534535372964,2.9725097765455843
2024-01-07 22:15:00,MEO-04,MEO,8.69489544345327,2.5937773447593124,2.334399610283381,2.853155079235244
2024-01-07 22:30:00,MEO-04,MEO,8.516804228799632,2.617647508039036,2.3558827572351326,2.87941225884294
2024-01-07 22:45:00,MEO-04,MEO,8.499635530423976,2.496491655921992,2.2468424903297928,2.7461408215141914
2024-01-07 23:00:00,MEO-04,MEO,8.024987640294924,2.579825879556699,2.3218432916010294,2.837808467512369
2024-01-07 23:15:00,MEO-04,MEO,8.15307538458342,2.487898143836603,2.2391083294529426,2.7366879582202635
2024-01-07 23:30:00,MEO-04,MEO,7.662981152474655,2.4056217094061565,2.165059538465541,2.6461838803467725
2024-01-07 23:45:00,MEO-04,MEO,7.352474813626628,2.311654337517006,2.0804889037653056,2.542819771268707
2024-01-08 00:00:00,MEO-04,MEO,7.261803076818382,2.3792877180242837,2.1413589462218554,2.6172164898267125
2024-01-08 00:15:00,MEO-04,MEO,7.114948452010994,2.3871741425029946,2.1484567282526954,2.6258915567532943
2024-01-08 00:30:00,MEO-04,MEO,7.641696415806465,2.336448035734704,2.1028032321612335,2.5700928393081743
2024-01-08 00:45:00,MEO-04,MEO,6.935279135347729,2.4566789313955084,2.2110110382559576,2.7023468245350593
2024-01-08 01:00:00,MEO-04,MEO,7.323780973599543,2.3787554100792345,2.1408798690713113,2.616630951087158
2024-01-08 01:15:00,MEO-04,MEO,7.147490699811977,2.4387679463609166,2.194891151724825,2.6826447409970084
2024-01-08 01:30:00,MEO-04,MEO,7.1646772459193615,2.4098216311326435,2.168839468019379,2.650803794245908
2024-01-08 01:45:00,MEO-04,MEO,7.525278354813601,2.4959104176873383,2.2463193759186044,2.7455014594560723
2024-01-08 02:00:00,MEO-04,MEO,7.0861680749637435,2.429442704165171,2.1864984337486537,2.672386974581688
2024-01-08 02:15:00,MEO-04,MEO,7.376823904384662,2.5156443266129496,2.2640798939516547,2.767208759274245
2024-01-08 02:30:00,MEO-04,MEO,7.277312382973799,2.646261785728373,2.381635607155536,2.9108879643012107
2024-01-08 02:45:00,MEO-04,MEO,7.288591762994429,2.717487669162905,2.4457389022466143,2.9892364360791954
2024-01-08 03:00:00,MEO-04,MEO,7.973519017793608,2.8071917402669033,2.526472566240213,3.087910914293594
2024-01-08 03:15:00,MEO-04,MEO,7.121733058184201,2.934499288679979,2.641049359811981,3.2279492175479767
2024-01-08 03:30:00,MEO-04,MEO,7.897669436241226,2.814484558949575,2.5330361030546173,3.0959330148445328
2024-01-08 03:45:00,MEO-04,MEO,7.840589481889584,2.9333406968018623,2.640006627121676,3.2266747664820485
2024-01-08 04:00:00,MEO-04,MEO,7.663377521080944,3.111934839776588,2.8007413557989294,3.423128323754247
2024-01-08 04:15:00,MEO-04,MEO,8.300832716817325,3.1160160559040366,2.804414450313633,3.4276176614944407
2024-01-08 04:30:00,MEO-04,MEO,7.54295467770484,3.521405322950319,3.169264790655287,3.8735458552453514
2024-01-08 04:45:00,MEO-04,MEO,7.98501406810081,3.3652357249922407,3.0287121524930165,3.701759297491465
2024-01-08 05:00:00,MEO-04,MEO,7.920601473362151,3.3849102324847755,3.046419209236298,3.723401255733253
2024-01-08 05:15:00,MEO-04,MEO,8.427678853246103,3.4104663799189994,3.0694197419270997,3.7515130179108995
2024-01-08 05:30:00,MEO-04,MEO,8.140991401571368,3.46618540839563,3.1195668675560673,3.8128039492351933
2024-01-08 05:45:00,MEO-04,MEO,8.612933281771419,3.5514405311576533,3.196296478041888,3.906584584273419
2024-01-08 06:00:00,MEO-04,MEO,8.532612087819453,3.593269122212701,3.2339422099914312,3.9525960344339715
2024-01-08 06:15:00,MEO-04,MEO,8.521631065218417,3.573376863916426,3.2160391775247836,3.930714550308069
2024-01-08 06:30:00,MEO-04,MEO,8.787367793420993,3.603619930011878,3.24325793701069,3.963981923013066
2024-01-08 06:45:00,MEO-04,MEO,8.657333905137175,3.73833926119769,3.3645053350779213,4.11217318731746
2024-01-08 07:00:00,MEO-04,MEO,8.47150222832218,3.7366294561609434,3.362966510544849,4.110292401777038
2024-01-08 07:15:00,MEO-04,MEO,9.447700459694989,3.6310110388664536,3.267909934979808,3.9941121427530994
2024-01-08 07:30:00,MEO-04,MEO,8.613724796526721,3.478764719003471,3.130888247103124,3.8266411909038185
2024-01-08 07:45:00,MEO-04,MEO,8.15397922576442,3.5950990918215466,3.235589182639392,3.9546090010037016
2024-01-08 08:00:00,MEO-04,MEO,8.455970098392832,3.633707698912418,3.2703369290211763,3.99707846880366
2024-01-08 08:15:00,MEO-04,MEO,8.293871694249383,3.5684908044942847,3.2116417240448563,3.9253398849437136
2024-01-08 08:30:00,MEO-04,MEO,8.74861824891693,3.46034008442729,3.114306075984561,3.806374092870019
2024-01-08 08:45:00,MEO-04,MEO,8.542451640912072,3.452247049081891,3.1070223441737017,3.7974717539900804
2024-01-08 09:00:00,MEO-04,MEO,8.471844933810157,3.2749350763092417,2.9474415686783177,3.602428583940166
2024-01-08 09:15:00,MEO-04,MEO,8.181774481829542,3.2497017148764202,2.9247315433887784,3.5746718863640625
2024-01-08 09:30:00,MEO-04,MEO,8.10053058246455,3.071651242231597,2.7644861180084375,3.3788163664547572
2024-01-08 09:45:00,MEO-04,MEO,7.969829165479009,3.075354081759239,2.767818673583315,3.382889489935163
2024-01-08 10:00:00,MEO-04,MEO,7.932798579844824,3.0847376625494864,2.776263896294538,3.3932114288044355
2024-01-08 10:15:00,MEO-04,MEO,8.053106881559483,2.8594991378002597,2.573549224020234,3.145449051580286
2024-01-08 10:30:00,MEO-04,MEO,7.8224360988074935,2.769193024808251,2.492273722327426,3.046112327289076
2024-01-08 10:45:00,MEO-04,MEO,7.762865427351922,2.7817875281208546,2.503608775308769,3.05996628093294
2024-01-08 11:00:00,MEO-04,MEO,7.669675310686544,2.697331097405519,2.427597987664967,2.967064207146071
2024-01-08 11:15:00,MEO-04,MEO,7.6825280322071645,2.7155428756675732,2.443988588100816,2.987097163234331
2024-01-08 11:30:00,MEO-04,MEO,7.461789791920784,2.5831300322658586,2.3248170290392727,2.8414430354924445
2024-01-08 11:45:00,MEO-04,MEO,7.421349879192435,2.721109282033496,2.4489983538301465,2.9932202102368457
2024-01-08 12:00:00,MEO-04,MEO,7.585918098931316,2.453852941242865,2.2084676471185785,2.699238235367152
2024-01-08 12:15:00,MEO-04,MEO,7.09613380607905,2.6403977897334543,2.376358010760109,2.9044375687068
2024-01-08 12:30:00,MEO-04,MEO,7.0398838626883435,2.472025959974697,2.2248233639772272,2.7192285559721667
2024-01-08 12:45:00,MEO-04,MEO,6.967370865487708,2.3928850996722026,2.1535965897049825,2.6321736096394233
2024-01-08 13:00:00,MEO-04,MEO,7.338780895427602,2.5691953726219303,2.3122758353597375,2.8261149098841236
2024-01-08 13:15:00,MEO-04,MEO,6.878238790335423,2.553491665555133,2.2981424989996198,2.8088408321106466
2024-01-08 13:30:00,MEO-04,MEO,7.525178952204527,2.518548583938296,2.2666937255444664,2.770403442332126
2024-01-08 13:45:00,MEO-04,MEO,7.4692698089928955,2.5155280455703326,2.2639752410132994,2.7670808501273663
2024-01-08 14:00:00,MEO-04,MEO,7.885408710687075,2.7006972752777574,2.4306275477499817,2.9707670028055335
2024-01-08 14:15:00,MEO-04,MEO,7.556190587087616,2.8385640824806524,2.554707674232587,3.122420490728718
2024-01-08 14:30:00,MEO-04,MEO,7.81169743115169,2.8732899163774657,2.585960924739719,3.1606189080152123
2024-01-08 14:45:00,MEO-04,MEO,8.295794301736066,2.9028371780262225,2.6125534602236002,3.193120895828845
2024-01-08 15:00:00,MEO-04,MEO,8.526278913762706,3.013071535769629,2.7117643821926665,3.3143786893465923
2024-01-08 15:15:00,MEO-04,MEO,8.186200103560697,3.052471662188227,2.7472244959694043,3.3577188284070503
2024-01-08 15:30:00,MEO-04,MEO,8.585688248882278,3.0222852487331617,2.7200567238598454,3.324513773606478
2024-01-08 15:45:00,MEO-04,MEO,8.803732804571782,3.1058063172735775,2.7952256855462196,3.4163869490009353
2024-01-08 16:00:00,MEO-04,MEO,9.016812904695309,3.2854964816526486,2.956946833487384,3.614046129817914
2024-01-08 16:15:00,MEO-04,MEO,9.051846919039424,3.3692938190197945,3.032364437117815,3.7062232009217744
2024-01-08 16:30:00,MEO-04,MEO,9.630150117980056,3.5274434134084784,3.1746990720676305,3.8801877547493264
2024-01-08 16:45:00,MEO-04,MEO,9.025327448826554,3.5927434288413767,3.233469085957239,3.9520177717255147
2024-01-08 17:00:00,MEO-04,MEO,9.573522024027316,3.647768277140679,3.282991449426611,4.012545104854747
2024-01-08 17:15:00,MEO-04,MEO,9.96250168727056,3.637462240200313,3.273716016180282,4.001208464220345
2024-01-08 17:30:00,MEO-04,MEO,10.124897791341638,3.602327152923031,3.242094437630728,3.9625598682153345
2024-01-08 17:45:00,MEO-04,MEO,10.495078678293076,3.790175904698494,3.411158314228645,4.169193495168344
2024-01-08 18:00:00,MEO-04,MEO,10.468187873217962,3.8345050481447442,3.4510545433302697,4.217955552959219
2024-01-08 18:15:00,MEO-04,MEO,10.210449145690442,3.6270112139744644,3.264310092577018,3.989712335371911
2024-01-08 18:30:00,MEO-04,MEO,10.701188879974612,3.7669059902876283,3.3902153912588657,4.143596589316392
2024-01-08 18:45:00,MEO-04,MEO,10.272143985776836,3.7836930804681823,3.4053237724213643,4.162062388515001
2024-01-08 19:00:00,MEO-04,MEO,10.737025927616108,3.8435180107195075,3.459166209647557,4.227869811791458
2024-01-08 19:15:00,MEO-04,MEO,10.989289375538718,3.7547604213311803,3.3792843791980625,4.130236463464299
2024-01-08 19:30:00,MEO-04,MEO,10.851270212373281,3.7911956671572047,3.4120761004414843,4.170315233872926
2024-01-08 19:45:00,MEO-04,MEO,10.563518110087232,3.7433569795429573,3.3690212815886618,4.117692677497254
2024-01-08 20:00:00,MEO-04,MEO,10.422809485599908,3.704814081341286,3.3343326732071574,4.0752954894754145
2024-01-08 20:15:00,MEO-04,MEO,10.072211560982167,3.6097777083220097,3.248799937489809,3.970755479154211
2024-01-08 20:30:00,MEO-04,MEO,10.461619225252965,3.558648147357957,3.2027833326221615,3.9145129620937533
2024-01-08 20:45:00,MEO-04,MEO,10.017202995718751,3.460212783357345,3.1141915050216107,3.80623406169308
2024-01-08 21:00:00,MEO-04,MEO,9.993784626734902,3.509250665237594,3.1583255987138346,3.8601757317613536
2024-01-08 21:15:00,MEO-04,MEO,9.776354554906584,3.453322623057792,3.1079903607520127,3.7986548853635713
2024-01-08 21:30:00,MEO-04,MEO,9.82890317570616,3.27264478700836,2.945380308307524,3.5999092657091962
2024-01-08 21:45:00,MEO-04,MEO,9.797199653771088,3.3818049884289128,3.0436244895860214,3.719985487271804
2024-01-08 22:00:00,MEO-04,MEO,9.72538932405061,3.1613877427172565,2.845248968445531,3.4775265169889824
2024-01-08 22:15:00,MEO-04,MEO,9.354717802994909,3.2372487961037106,2.9135239164933395,3.560973675714082
2024-01-08 22:30:00,MEO-04,MEO,9.617600140783637,2.9949192607396413,2.6954273346656774,3.2944111868136057
2024-01-08 22:45:00,MEO-04,MEO,9.143756375740535,2.820043126351779,2.538038813716601,3.1020474389869572
2024-01-08 23:00:00,MEO-04,MEO,8.846982191469793,2.9558208351771893,2.6602387516594703,3.2514029186949083
2024-01-08 23:15:00,MEO-04,MEO,8.953574671636147,2.8916756018722327,2.6025080416850095,3.1808431620594564
2024-01-08 23:30:00,MEO-04,MEO,9.248253958645519,2.8303232334469928,2.5472909101022934,3.113355556791692
2024-01-08 23:45:00,MEO-04,MEO,8.71093414012851,2.7404364499905327,2.4663928049914796,3.0144800949895862
2024-01-01 00:00:00,MEO-05,MEO,-1.3900441985885297,-0.3053590869548839,-0.2748231782593955,-0.3358949956503723
2024-01-01 00:15:00,MEO-05,MEO,-0.6773042111426935,-0.0794609354526235,-0.07151484190736115,-0.08740702899788587
2024-01-01 00:30:00,MEO-05,MEO,-0.34777347362097777,-0.0006782659045650868,-0.0006104393141085782,-0.0007460924950215956
2024-01-01 00:45:00,MEO-05,MEO,-0.7229878754387602,-0.015111276222284958,-0.013600148600056462,-0.016622403844513453
2024-01-01 01:00:00,MEO-05,MEO,-0.38683938237318183,0.13304299462891164,0.11973869516602048,0.14634729409180283
2024-01-01 01:15:00,MEO-05,MEO,0.09451500612548408,0.029045870479078917,0.026141283431171027,0.03195045752698681
2024-01-01 01:30:00,MEO-05,MEO,0.3447020553832162,0.10683804054319784,0.09615423648887807,0.11752184459751763
2024-01-01 01:45:00,MEO-05,MEO,0.7128439555227628,0.1982427089477211,0.17841843805294902,0.21806697984249324
2024-01-01 02:00:00,MEO-05,MEO,0.33936465136972693,0.4376236621007543,0.3938612958906789,0.48138602831082977
2024-01-01 02:15:00,MEO-05,MEO,0.4479296055244337,0.5062754463143532,0.45564790168291786,0.5569029909457885
2024-01-01 02:30:00,MEO-05,MEO,1.2196266955903203,0.5071028862975144,0.456392597667763,0.5578131749272659
2024-01-01 02:45:00,MEO-05,MEO,0.7583248124726418,0.7162614779333927,0.6446353301400535,0.787887625726732
2024-01-01 03:00:00,MEO-05,MEO,1.1979270535028086,0.6982305567045953,0.6284075010341358,0.7680536123750549
2024-01-01 03:15:00,MEO-05,MEO,1.7221332558518463,0.5226366616048844,0.470372995444396,0.5749003277653729
2024-01-01 03:30:00,MEO-05,MEO,1.4490828578944446,0.6580818101281416,0.5922736291153274,0.7238899911409559
2024-01-01 03:45:00,MEO-05,MEO,1.5190452330340012,0.6078333904290746,0.5470500513861671,0.6686167294719821
2024-01-01 04:00:00,MEO-05,MEO,1.7333825322210445,0.7170303978883366,0.6453273580995029,0.7887334376771703
2024-01-01 04:15:00,MEO-05,MEO,1.5599624027450187,0.6721802286088405,0.6049622057479564,0.7393982514697246
2024-01-01 04:30:00,MEO-05,MEO,1.6162788482356651,0.5847709436344786,0.5262938492710307,0.6432480379979265
2024-01-01 04:45:00,MEO-05,MEO,1.2999188584596213,0.7622400577635394,0.6860160519871855,0.8384640635398934
2024-01-01 05:00:00,MEO-05,MEO,1.6182401783353675,0.593623647001502,0.5342612823013518,0.6529860117016523
2024-01-01 05:15:00,MEO-05,MEO,1.3516974173862961,0.5099138758664282,0.45892248827978543,0.5609052634530711
2024-01-01 05:30:00,MEO-05,MEO,0.7777075486945858,0.4698054406568577,0.42282489659117195,0.5167859847225436
2024-01-01 05:45:00,MEO-05,MEO,1.0874918644170586,0.5601080780808829,0.5040972702727946,0.6161188858889712
2024-01-01 06:00:00,MEO-05,MEO,0.34667742479085895,0.4388847728928291,0.3949962956035462,0.4827732501821121
2024-01-01 06:15:00,MEO-05,MEO,0.9151927479455648,0.2843736187345999,0.2559362568611399,0.3128109806080599
2024-01-01 06:30:00,MEO-05,MEO,0.5140098179135961,0.14665300320242486,0.13198770288218237,0.16131830352266735
2024-01-01 06:45:00,MEO-05,MEO,0.8755244566941385,0.08637797490713663,0.07774017741642296,0.09501577239785029
2024-01-01 07:00:00,MEO-05,MEO,0.3425148871706057,0.04188993814020529,0.03770094432618477,0.04607893195422583
2024-01-01 07:15:00,MEO-05,MEO,0.26965755328205887,0.049497259357234015,0.04454753342151061,0.05444698529295742
2024-01-01 07:30:00,MEO-05,MEO,-0.4042833673495676,0.0005028169340394462,0.00045253524063550155,0.0005530986274433908
2024-01-01 07:45:00,MEO-05,MEO,-0.1471364840009668,-0.18313880036061198,-0.1648249203245508,-0.2014526803966732
2024-01-01 08:00:00,MEO-05,MEO,-0.6471253949448572,-0.12103433946163264,-0.10893090551546938,-0.13313777340779592
2024-01-01 08:15:00,MEO-05,MEO,-0.3721600380954921,-0.3115866348301699,-0.2804279713471529,-0.3427452983131869
2024-01-01 08:30:00,MEO-05,MEO,-1.0682839008368663,-0.33442875798791943,-0.3009858821891275,-0.3678716337867114
2024-01-01 08:45:00,MEO-05,MEO,-0.8883715346830222,-0.4399336818955347,-0.39594031370598126,-0.48392705008508824
2024-01-01 09:00:00,MEO-05,MEO,-1.3130488693522149,-0.471943599060207,-0.42474923915418633,-0.5191379589662277
2024-01-01 09:15:00,MEO-05,MEO,-1.0782222972715743,-0.4473209624327139,-0.4025888661894425,-0.49205305867598537
2024-01-01 09:30:00,MEO-05,MEO,-0.6665535403713232,-0.3860939465382805,-0.34748455188445243,-0.42470334119210856
2024-01-01 09:45:00,MEO-05,MEO,-1.0292071811114523,-0.46365298792783555,-0.417287689135052,-0.5100182867206191
2024-01-01 10:00:00,MEO-05,MEO,-1.2055150480036025,-0.25412084349678954,-0.22870875914711059,-0.2795329278464685
2024-01-01 10:15:00,MEO-05,MEO,-1.7969372213030408,-0.428213767826254,-0.3853923910436286,-0.4710351446088794
2024-01-01 10:30:00,MEO-05,MEO,-1.2720755724826287,-0.308611569963984,-0.27775041296758557,-0.3394727269603824
2024-01-01 10:45:00,MEO-05,MEO,-0.9491426665646057,-0.17791148884543184,-0.16012033996088867,-0.19570263772997504
2024-01-01 11:00:00,MEO-05,MEO,-1.0986961758652696,-0.22741015921448027,-0.20466914329303224,-0.2501511751359283
2024-01-01 11:15:00,MEO-05,MEO,-0.49195981007234313,-0.20702018043638346,-0.18631816239274512,-0.22772219848002181
2024-01-01 11:30:00,MEO-05,MEO,-0.6847072702910105,-0.10193642745544879,-0.09174278470990391,-0.11213007020099368
2024-01-01 11:45:00,MEO-05,MEO,-0.26475361867558966,-0.08812448756233225,-0.07931203880609902,-0.09693693631856548
2024-01-01 12:00:00,MEO-05,MEO,-0.29520899919205207,-0.04754921957004485,-0.042794297613040364,-0.05230414152704934
2024-01-01 12:15:00,MEO-05,MEO,-0.2102687004289433,0.16122251086718678,0.14510025978046812,0.17734476195390547
2024-01-01 12:30:00,MEO-05,MEO,-0.03962504646754546,0.14796801730769168,0.13317121557692252,0.16276481903846088
2024-01-01 12:45:00,MEO-05,MEO,0.055851542191721615,0.35337318592029593,0.31803586732826633,0.3887105045123255
2024-01-01 13:00:00,MEO-05,MEO,0.821626354170452,0.4260155854520989,0.383414026906889,0.4686171439973088
2024-01-01 13:15:00,MEO-05,MEO,0.6835139912502181,0.4582266283533105,0.4124039655179795,0.5040492911886416
2024-01-01 13:30:00,MEO-05,MEO,1.1650800482647377,0.6026053102080046,0.5423447791872041,0.6628658412288051
2024-01-01 13:45:00,MEO-05,MEO,1.1444685256883858,0.5575548718499198,0.5017993846649278,0.6133103590349118
2024-01-01 14:00:00,MEO-05,MEO,1.240461512305227,0.7348508059453348,0.6613657253508013,0.8083358865398683
2024-01-01 14:15:00,MEO-05,MEO,1.8758358395764927,0.7993060926492944,0.719375483384365,0.879236701914224
2024-01-01 14:30:00,MEO-05,MEO,1.7634817708991029,0.7705654413181917,0.6935088971863725,0.847621985450011
2024-01-01 14:45:00,MEO-05,MEO,2.0473837463625175,0.8098559416110351,0.7288703474499316,0.8908415357721388
2024-01-01 15:00:00,MEO-05,MEO,2.014145980417571,0.911252353244367,0.8201271179199303,1.0023775885688038
2024-01-01 15:15:00,MEO-05,MEO,2.36084306289969,1.0736268179073298,0.9662641361165969,1.180989499698063
2024-01-01 15:30:00,MEO-05,MEO,2.624823425010108,0.9189264547994122,0.8270338093194709,1.0108191002793534
2024-01-01 15:45:00,MEO-05,MEO,2.656717573676592,0.9126119709664259,0.8213507738697833,1.0038731680630686
2024-01-01 16:00:00,MEO-05,MEO,2.5643366021873635,1.0438478576230747,0.9394630718607673,1.1482326433853822
2024-01-01 16:15:00,MEO-05,MEO,2.4526138563269466,0.9457426921523353,0.8511684229371018,1.040316961367569
2024-01-01 16:30:00,MEO-05,MEO,3.2169297887344044,0.9903564438520788,0.8913207994668709,1.0893920882372867
2024-01-01 16:45:00,MEO-05,MEO,2.5524343996231607,1.0103182906288313,0.9092864615659482,1.1113501196917146
2024-01-01 17:00:00,MEO-05,MEO,1.9866123206699302,0.7021355285855335,0.6319219757269802,0.772349081444087
2024-01-01 17:15:00,MEO-05,MEO,2.315099369480119,0.8058562168144505,0.7252705951330055,0.8864418384958956
2024-01-01 17:30:00,MEO-05,MEO,2.259624361355168,0.7373378854547372,0.6636040969092635,0.811071674000211
2024-01-01 17:45:00,MEO-05,MEO,2.0373859329991877,0.6192937180949041,0.5573643462854136,0.6812230899043945
2024-01-01 18:00:00,MEO-05,MEO,2.0873779821724088,0.4781576195435626,0.43034185758920634,0.525973381497919
2024-01-01 18:15:00,MEO-05,MEO,1.7680517999774024,0.43570740017193904,0.39213666015474513,0.479278140189133
2024-01-01 18:30:00,MEO-05,MEO,1.8557410988902565,0.500035225266264,0.4500317027396376,0.5500387477928904
2024-01-01 18:45:00,MEO-05,MEO,1.1259217978440748,0.3762162487207135,0.3385946238486422,0.4138378735927849
2024-01-01 19:00:00,MEO-05,MEO,1.7097738667832814,0.28198020517331657,0.2537821846559849,0.31017822569064823
2024-01-01 19:15:00,MEO-05,MEO,0.8431886461779269,0.2821437341034875,0.25392936069313876,0.31035810751383625
2024-01-01 19:30:00,MEO-05,MEO,0.9826758897256326,0.1502740459313338,0.13524664133820044,0.1653014505244672
2024-01-01 19:45:00,MEO-05,MEO,0.6763869143713143,0.24378448856599674,0.21940603970939707,0.26816293742259645
2024-01-01 20:00:00,MEO-05,MEO,0.7506269233358663,0.030899651839983056,0.02780968665598475,0.033989617023981365
2024-01-01 20:15:00,MEO-05,MEO,0.44980631803495874,0.14719390291140005,0.13247451262026005,0.16191329320254008
2024-01-01 20:30:00,MEO-05,MEO,0.39004401992302484,-0.022222579128192373,-0.020000321215373137,-0.02444483704101161
2024-01-01 20:45:00,MEO-05,MEO,0.44945121128328813,-0.11045822264278427,-0.09941240037850584,-0.12150404490706271
2024-01-01 21:00:00,MEO-05,MEO,0.22405090309560116,-0.1458986148625137,-0.13130875337626235,-0.1604884763487651
2024-01-01 21:15:00,MEO-05,MEO,-0.08063724721310972,0.013002311947809334,0.0117020807530284,0.014302543142590269
2024-01-01 21:30:00,MEO-05,MEO,-0.07621357108910792,-0.06270319056436333,-0.056432871507926995,-0.06897350962079966
2024-01-01 21:45:00,MEO-05,MEO,0.21949160974654658,-0.1792223870057288,-0.1613001483051559,-0.19714462570630167
2024-01-01 22:00:00,MEO-05,MEO,-0.30165241474133675,-0.09877592186896039,-0.08889832968206436,-0.10865351405585644
2024-01-01 22:15:00,MEO-05,MEO,-0.6080431902215914,-0.2766427685080478,-0.24897849165724303,-0.3043070453588526
2024-01-01 22:30:00,MEO-05,MEO,-0.22247268620546384,-0.16419008254674028,-0.14777107429206626,-0.18060909080141432
2024-01-01 22:45:00,MEO-05,MEO,-0.42668734763576344,-0.07788847465325098,-0.07009962718792588,-0.08567732211857608
2024-01-01 23:00:00,MEO-05,MEO,-0.7234817245198097,-0.031131003538105002,-0.028017903184294504,-0.034244103891915505
2024-01-01 23:15:00,MEO-05,MEO,-0.4627692013734698,0.1847998082098556,0.16631982738887002,0.20327978903084115
2024-01-01 23:30:00,MEO-05,MEO,-0.6982257750555939,-0.0011665030926808206,-0.0010498527834127385,-0.0012831534019489027
2024-01-01 23:45:00,MEO-05,MEO,-0.7933972940924832,0.10825530834208433,0.0974297775078759,0.11908083917629277
2024-01-02 00:00:00,MEO-05,MEO,0.11765360769660146,0.33437261972291804,0.30093535775062624,0.3678098816952099
2024-01-02 00:15:00,MEO-05,MEO,0.5284440340923534,0.3962933381511515,0.35666400433603634,0.43592267196626666
2024-01-02 00:30:00,MEO-05,MEO,0.685724949125483,0.43230081373441537,0.38907073236097384,0.47553089510785695
2024-01-02 00:45:00,MEO-05,MEO,0.4688211624574141,0.7082975842479305,0.6374678258231375,0.7791273426727237
2024-01-02 01:00:00,MEO-05,MEO,0.40217728006678,0.6773726739457012,0.6096354065511311,0.7451099413402714
2024-01-02 01:15:00,MEO-05,MEO,1.544329377158395,0.8084128291621077,0.7275715462458969,0.8892541120783185
2024-01-02 01:30:00,MEO-05,MEO,1.3816063361849176,0.7865359747126196,0.7078823772413576,0.8651895721838816
2024-01-02 01:45:00,MEO-05,MEO,1.9259628822992072,0.8232585829139981,0.7409327246225983,0.905584441205398
2024-01-02 02:00:00,MEO-05,MEO,2.0858131137508105,0.8952438484074303,0.8057194635666873,0.9847682332481734
2024-01-02 02:15:00,MEO-05,MEO,2.0607167238743656,1.0768989988831845,0.9692090989948661,1.184588898771503
2024-01-02 02:30:00,MEO-05,MEO,2.0464567126899214,1.122164572580478,1.0099481153224303,1.234381029838526
2024-01-02 02:45:00,MEO-05,MEO,2.072863063315859,1.0924103872465554,0.9831693485218999,1.201651425971211
2024-01-02 03:00:00,MEO-05,MEO,2.4759702952622953,1.1883223390548072,1.0694901051493266,1.307154572960288
2024-01-02 03:15:00,MEO-05,MEO,2.3616055631320227,1.258842250922082,1.132958025829874,1.3847264760142903
2024-01-02 03:30:00,MEO-05,MEO,2.3387163566999187,1.1580564784290264,1.0422508305861238,1.2738621262719292
2024-01-02 03:45:00,MEO-05,MEO,2.023966995574745,1.186867667958269,1.0681809011624421,1.305554434754096
2024-01-02 04:00:00,MEO-05,MEO,2.5666256030200367,1.2509730587356802,1.1258757528621122,1.3760703646092483
2024-01-02 04:15:00,MEO-05,MEO,2.876449154242226,1.0628648121920903,0.9565783309728813,1.1691512934112993
2024-01-02 04:30:00,MEO-05,MEO,2.9076263169031904,1.2239876777912435,1.1015889100121192,1.346386445570368
2024-01-02 04:45:00,MEO-05,MEO,2.5724218637296654,1.0680094207701543,0.9612084786931389,1.1748103628471698
2024-01-02 05:00:00,MEO-05,MEO,2.2796078980678347,1.1956952558526763,1.0761257302674088,1.3152647814379441
2024-01-02 05:15:00,MEO-05,MEO,2.647548901390608,1.2463509154159222,1.12171582387433,1.3709860069575146
2024-01-02 05:30:00,MEO-05,MEO,2.316919383525538,0.9656142616410175,0.8690528354769158,1.0621756878051194
2024-01-02 05:45:00,MEO-05,MEO,2.108872976742205,0.8539742258078264,0.7685768032270438,0.9393716483886092
2024-01-02 06:00:00,MEO-05,MEO,1.6986466395650506,0.8829212014546177,0.794629081309156,0.9712133216000796
2024-01-02 06:15:00,MEO-05,MEO,2.4361907998617958,0.8074720149508596,0.7267248134557737,0.8882192164459457
2024-01-02 06:30:00,MEO-05,MEO,1.9305332401673283,0.8102091737797477,0.7291882564017729,0.8912300911577224
2024-01-02 06:45:00,MEO-05,MEO,1.7842343411458281,0.70332958104408,0.6329966229396721,0.7736625391484881
2024-01-02 07:00:00,MEO-05,MEO,1.177940679190544,0.5880860146213205,0.5292774131591884,0.6468946160834526
2024-01-02 07:15:00,MEO-05,MEO,1.232085496492705,0.5475041769706069,0.49275375927354625,0.6022545946676677
2024-01-02 07:30:00,MEO-05,MEO,1.0111849027668223,0.38153916185905656,0.34338524567315093,0.41969307804496225
2024-01-02 07:45:00,MEO-05,MEO,1.0507794115894644,0.4725727860410869,0.4253155074369782,0.5198300646451957
2024-01-02 08:00:00,MEO-05,MEO,1.0265046488365428,0.47567282751767387,0.4281055447659065,0.5232401102694413
2024-01-02 08:15:00,MEO-05,MEO,0.17019256797410037,0.19662595539756206,0.17696335985780587,0.21628855093731827
2024-01-02 08:30:00,MEO-05,MEO,0.11617068026198235,0.11950398634735712,0.10755358771262141,0.13145438498209283
2024-01-02 08:45:00,MEO-05,MEO,0.4191470137917195,0.17519221583370706,0.15767299425033635,0.19271143741707777
2024-01-02 09:00:00,MEO-05,MEO,0.022950322860823297,0.08001447267723208,0.07201302540950888,0.08801591994495529
2024-01-02 09:15:00,MEO-05,MEO,0.2675796679203,0.05546690199555125,0.04992021179599613,0.06101359219510638
2024-01-02 09:30:00,MEO-05,MEO,-0.0919041788724696,0.03513420449367141,0.031620784044304275,0.038647624943038555
2024-01-02 09:45:00,MEO-05,MEO,-0.3481819347498297,0.13170842105306965,0.11853757894776269,0.14487926315837663
2024-01-02 10:00:00,MEO-05,MEO,-0.4868773905949617,0.12444970020690424,0.11200473018621382,0.13689467022759466
2024-01-02 10:15:00,MEO-05,MEO,0.08995244368023692,0.20757763522350992,0.18681987170115893,0.22833539874586092
2024-01-02 10:30:00,MEO-05,MEO,0.13932674706732667,0.1629626724555219,0.1466664052099697,0.1792589397010741
2024-01-02 10:45:00,MEO-05,MEO,0.32506576169107215,0.15046871634373493,0.13542184470936144,0.16551558797810845
2024-01-02 11:00:00,MEO-05,MEO,0.26130454874015135,0.2951692842630435,0.2656523558367392,0.3246862126893479
2024-01-02 11:15:00,MEO-05,MEO,-0.6377882982507878,0.2687396923222303,0.24186572309000726,0.29561366155445334
2024-01-02 11:30:00,MEO-05,MEO,0.5735846201852745,0.4586076653758756,0.4127468988382881,0.5044684319134632
2024-01-02 11:45:00,MEO-05,MEO,0.25155114029650755,0.35484755170806165,0.31936279653725547,0.39033230687886783
2024-01-02 12:00:00,MEO-05,MEO,0.33695419090095713,0.3906557414530407,0.3515901673077367,0.4297213155983448
2024-01-02 12:15:00,MEO-05,MEO,0.5120060847445798,0.5147552821702316,0.4632797539532084,0.5662308103872548
2024-01-02 12:30:00,MEO-05,MEO,0.7084774903917886,0.6924824720919218,0.6232342248827296,0.761730719301114
2024-01-02 12:45:00,MEO-05,MEO,1.5289524813784114,0.7867936265521057,0.7081142638968951,0.8654729892073164
2024-01-02 13:00:00,MEO-05,MEO,1.514994902203646,0.9046009943800308,0.8141408949420278,0.995061093818034
2024-01-02 13:15:00,MEO-05,MEO,1.5610585555803418,0.9310762094961006,0.8379685885464906,1.0241838304457107
2024-01-02 13:30:00,MEO-05,MEO,2.1905943809134008,0.9885448926719684,0.8896904034047716,1.0873993819391654
2024-01-02 13:45:00,MEO-05,MEO,2.1497393694876124,1.2470726651542081,1.1223653986387874,1.371779931669629
2024-01-02 14:00:00,MEO-05,MEO,2.9068043735501945,1.2969905771909325,1.1672915194718392,1.4266896349100258
2024-01-02 14:15:00,MEO-05,MEO,3.2499233845057316,1.3472475455486206,1.2125227909937586,1.4819723001034828
2024-01-02 14:30:00,MEO-05,MEO,3.0460750901517093,1.3507219541319633,1.215649758718767,1.4857941495451596
2024-01-02 14:45:00,MEO-05,MEO,3.6421420583336266,1.4066450888603566,1.265980579974321,1.5473095977463924
2024-01-02 15:00:00,MEO-05,MEO,3.8205336960650333,1.3518453289330354,1.216660796039732,1.4870298618263391
2024-01-02 15:15:00,MEO-05,MEO,3.6555937158500016,1.4590470147650565,1.313142313288551,1.6049517162415623
2024-01-02 15:30:00,MEO-05,MEO,4.202477903716543,1.3936470043162075,1.2542823038845867,1.5330117047478284
2024-01-02 15:45:00,MEO-05,MEO,3.723492721573056,1.3957429869929159,1.2561686882936243,1.5353172856922075
2024-01-02 16:00:00,MEO-05,MEO,3.4736716839992887,1.3515081813702405,1.2163573632332165,1.4866589995072648
2024-01-02 16:15:00,MEO-05,MEO,3.63034467647939,1.5041089044658247,1.3536980140192423,1.6545197949124073
2024-01-02 16:30:00,MEO-05,MEO,3.880885697982734,1.4654995898443222,1.31894963085989,1.6120495488287545
2024-01-02 16:45:00,MEO-05,MEO,4.182652790838212,1.3994481004098416,1.2595032903688574,1.539392910450826
2024-01-02 17:00:00,MEO-05,MEO,3.7344840132299915,1.3513240027167275,1.2161916024450548,1.4864564029884004
2024-01-02 17:15:00,MEO-05,MEO,3.8020752858003783,1.1937851552455911,1.0744066397210321,1.3131636707701504
2024-01-02 17:30:00,MEO-05,MEO,3.5815228018568144,1.307565236672142,1.1768087130049278,1.4383217603393563
2024-01-02 17:45:00,MEO-05,MEO,3.6302737719993665,1.2023680646714354,1.082131258204292,1.3226048711385792
2024-01-02 18:00:00,MEO-05,MEO,4.007608159049101,1.2346592138581476,1.111193292472333,1.3581251352439625
2024-01-02 18:15:00,MEO-05,MEO,3.6210005639345395,1.1060552511785653,0.9954497260607088,1.2166607762964219
2024-01-02 18:30:00,MEO-05,MEO,3.2309943582061416,1.0794795237456682,0.9715315713711015,1.1874274761202352
2024-01-02 18:45:00,MEO-05,MEO,3.510917032533188,0.9496909893913246,0.8547218904521922,1.044660088330457
2024-01-02 19:00:00,MEO-05,MEO,3.0328560840344196,0.89199221211198,0.802792990900782,0.981191433323178
2024-01-02 19:15:00,MEO-05,MEO,2.873880641179316,0.8804107361539691,0.7923696625385722,0.9684518097693662
2024-01-02 19:30:00,MEO-05,MEO,2.9369641200963743,0.721585759026979,0.649427183124281,0.7937443349296769
2024-01-02 19:45:00,MEO-05,MEO,2.376613854883402,0.7096495187324623,0.638684566859216,0.7806144706057085
2024-01-02 20:00:00,MEO-05,MEO,2.15145207833887,0.5764195280035678,0.518777575203211,0.6340614808039245
2024-01-02 20:15:00,MEO-05,MEO,1.9550938131825562,0.5476107187562689,0.492849646880642,0.6023717906318958
2024-01-02 20:30:00,MEO-05,MEO,1.538990167115541,0.6389916895370324,0.5750925205833293,0.7028908584907357
2024-01-02 20:45:00,MEO-05,MEO,1.0708498364306203,0.5242653696364217,0.47183883267277954,0.5766919066000639
2024-01-02 21:00:00,MEO-05,MEO,1.2833150417294057,0.40008094326512333,0.360072848938611,0.4400890375916357
2024-01-02 21:15:00,MEO-05,MEO,1.4428442860342865,0.4570633945681393,0.4113570551113254,0.5027697340249533
2024-01-02 21:30:00,MEO-05,MEO,1.2620965616424669,0.3105627273617548,0.2795064546255793,0.3416190000979303
2024-01-02 21:45:00,MEO-05,MEO,1.4052973848443462,0.3951667806704398,0.35565010260339586,0.4346834587374838
2024-01-02 22:00:00,MEO-05,MEO,0.7989974508890373,0.34675509881990463,0.31207958893791415,0.3814306087018951
2024-01-02 22:15:00,MEO-05,MEO,1.0844759024776058,0.4795351222096801,0.4315816099887121,0.5274886344306481
2024-01-02 22:30:00,MEO-05,MEO,0.6307987819318513,0.4585548274213968,0.4126993446792571,0.5044103101635365
2024-01-02 22:45:00,MEO-05,MEO,0.9501905532637981,0.5361439871394243,0.48252958842548194,0.5897583858533668
2024-01-02 23:00:00,MEO-05,MEO,1.2178745805450362,0.624119829246028,0.5617078463214252,0.6865318121706309
2024-01-02 23:15:00,MEO-05,MEO,1.233327008966572,0.5822725800899263,0.5240453220809337,0.640499838098919
2024-01-02 23:30:00,MEO-05,MEO,1.1199163172405058,0.6493407756164842,0.5844066980548358,0.7142748531781327
2024-01-02 23:45:00,MEO-05,MEO,1.1351541821945506,0.7508479464335407,0.6757631517901866,0.8259327410768948
2024-01-03 00:00:00,MEO-05,MEO,1.080073189512405,0.760672449320685,0.6846052043886165,0.8367396942527536
2024-01-03 00:15:00,MEO-05,MEO,1.4152227055975142,0.9083056042487963,0.8174750438239167,0.9991361646736759
2024-01-03 00:30:00,MEO-05,MEO,1.300664026974479,0.9949385942042397,0.8954447347838157,1.0944324536246637
2024-01-03 00:45:00,MEO-05,MEO,1.7097838285268034,1.0937447773699758,0.9843702996329782,1.2031192551069734
2024-01-03 01:00:00,MEO-05,MEO,1.5191792149007117,1.1928752321620082,1.0735877089458075,1.3121627553782091
2024-01-03 01:15:00,MEO-05,MEO,1.820839208425281,1.1136686424478368,1.0023017782030532,1.2250355066926206
2024-01-03 01:30:00,MEO-05,MEO,2.5448517883882813,1.2191213545147326,1.0972092190632594,1.341033489966206
2024-01-03 01:45:00,MEO-05,MEO,2.696250667549877,1.3047015043025656,1.174231353872309,1.4351716547328224
2024-01-03 02:00:00,MEO-05,MEO,2.508438102506391,1.476553928910002,1.3288985360190018,1.6242093218010023
2024-01-03 02:15:00,MEO-05,MEO,2.7627162270335237,1.5112668274595609,1.3601401447136048,1.6623935102055172
2024-01-03 02:30:00,MEO-05,MEO,2.9508794580017708,1.4102578303259314,1.2692320472933383,1.5512836133585246
2024-01-03 02:45:00,MEO-05,MEO,3.1568425870150136,1.79699371273568,1.6172943414621122,1.9766930840092483
2024-01-03 03:00:00,MEO-05,MEO,3.254135063910209,1.5228091794774512,1.370528261529706,1.6750900974251965
2024-01-03 03:15:00,MEO-05,MEO,2.936860782669645,1.7155977912167362,1.5440380120950625,1.88715757033841
2024-01-03 03:30:00,MEO-05,MEO,2.744834989525298,1.7795717703654332,1.60161459332889,1.9575289474019768
2024-01-03 03:45:00,MEO-05,MEO,3.1637057520121825,1.688087438200909,1.519278694380818,1.8568961820210002
2024-01-03 04:00:00,MEO-05,MEO,3.418304058801761,1.7977696840688064,1.6179927156619258,1.9775466524756873
2024-01-03 04:15:00,MEO-05,MEO,3.71181207235928,1.6566345246645529,1.4909710721980975,1.8222979771310084
2024-01-03 04:30:00,MEO-05,MEO,3.5208718172591724,1.7317595061268767,1.5585835555141891,1.9049354567395644
2024-01-03 04:45:00,MEO-05,MEO,3.5621810494459596,1.5149006899472548,1.3634106209525294,1.6663907589419804
2024-01-03 05:00:00,MEO-05,MEO,3.1470498030084264,1.7455524020935536,1.5709971618841982,1.920107642302909
2024-01-03 05:15:00,MEO-05,MEO,3.273665435278155,1.6059292663485665,1.4453363397137098,1.7665221929834232
2024-01-03 05:30:00,MEO-05,MEO,3.2066166829490226,1.4251418246755245,1.282627642207972,1.5676560071430772
2024-01-03 05:45:00,MEO-05,MEO,2.8808573233891326,1.5435771599716905,1.3892194439745216,1.6979348759688597
2024-01-03 06:00:00,MEO-05,MEO,2.664720115609672,1.5592171616389991,1.4032954454750992,1.7151388778028993
2024-01-03 06:15:00,MEO-05,MEO,2.7230657089988375,1.2859110506455722,1.157319945581015,1.4145021557101296
2024-01-03 06:30:00,MEO-05,MEO,2.7807274375784092,1.271865402683945,1.1446788624155506,1.3990519429523398
2024-01-03 06:45:00,MEO-05,MEO,2.2159190644219278,1.1747498546763173,1.0572748692086855,1.2922248401439491
2024-01-03 07:00:00,MEO-05,MEO,2.211079534544886,1.0815061742673455,0.973355556840611,1.1896567916940801
2024-01-03 07:15:00,MEO-05,MEO,2.4203802108534824,1.0015412110106,0.90138708990954,1.10169533211166
2024-01-03 07:30:00,MEO-05,MEO,1.771207764183902,0.9509257885187461,0.8558332096668715,1.0460183673706207
2024-01-03 07:45:00,MEO-05,MEO,1.7265612282446785,0.8901762359436715,0.8011586123493043,0.9791938595380387
2024-01-03 08:00:00,MEO-05,MEO,1.3781280854499114,0.8490499531896718,0.7641449578707047,0.933954948508639
2024-01-03 08:15:00,MEO-05,MEO,1.199778631167811,0.7894386845549133,0.710494816099422,0.8683825530104047
2024-01-03 08:30:00,MEO-05,MEO,1.5199396917347636,0.8380689958004853,0.7542620962204368,0.9218758953805339
2024-01-03 08:45:00,MEO-05,MEO,1.0521309493492605,0.792440485505578,0.7131964369550202,0.8716845340561359
2024-01-03 09:00:00,MEO-05,MEO,0.4753922086805984,0.5863831521947748,0.5277448369752973,0.6450214674142523
2024-01-03 09:15:00,MEO-05,MEO,1.1639461709883827,0.6414081781050327,0.5772673602945294,0.705548995915536
2024-01-03 09:30:00,MEO-05,MEO,0.7880440934159074,0.7786713540789678,0.700804218671071,0.8565384894868646
2024-01-03 09:45:00,MEO-05,MEO,0.5885982028991794,0.7020496997151686,0.6318447297436518,0.7722546696866855
2024-01-03 10:00:00,MEO-05,MEO,1.0083006789041538,0.7154522443967004,0.6439070199570304,0.7869974688363706
2024-01-03 10:15:00,MEO-05,MEO,0.49222804378266605,0.7281664449504305,0.6553498004553875,0.8009830894454736
2024-01-03 10:30:00,MEO-05,MEO,1.1590692052941247,0.7184020113777716,0.6465618102399945,0.7902422125155488
2024-01-03 10:45:00,MEO-05,MEO,0.8238175576586599,0.7758474309484401,0.6982626878535961,0.8534321740432842
2024-01-03 11:00:00,MEO-05,MEO,1.1487059298075835,0.7955390999997323,0.715985189999759,0.8750930099997055
2024-01-03 11:15:00,MEO-05,MEO,1.786426130854168,0.9532140860804977,0.857892677472448,1.0485354946885477
2024-01-03 11:30:00,MEO-05,MEO,1.2107290488198217,0.9173828055052375,0.8256445249547139,1.0091210860557613
2024-01-03 11:45:00,MEO-05,MEO,1.3096876023071058,1.010439948769454,0.9093959538925086,1.1114839436463995
2024-01-03 12:00:00,MEO-05,MEO,1.255106360185859,1.1540046926388374,1.0386042233749537,1.2694051619027213
2024-01-03 12:15:00,MEO-05,MEO,1.6968821961761495,1.1486448280955208,1.0337803452859688,1.263509310905073
2024-01-03 12:30:00,MEO-05,MEO,1.6874616106289344,1.251621511987857,1.1264593607890714,1.376783663186643
2024-01-03 12:45:00,MEO-05,MEO,2.1304459194260152,1.3124392659601047,1.1811953393640944,1.4436831925561153
2024-01-03 13:00:00,MEO-05,MEO,3.1394420659439803,1.4178299480386967,1.276046953234827,1.5596129428425665
2024-01-03 13:15:00,MEO-05,MEO,2.688714437928199,1.481637724755752,1.3334739522801768,1.6298014972313273
2024-01-03 13:30:00,MEO-05,MEO,2.7643819339002857,1.5447280813806692,1.3902552732426023,1.6992008895187363
2024-01-03 13:45:00,MEO-05,MEO,3.0917732273204046,1.607105555265821,1.4463949997392391,1.7678161107924033
2024-01-03 14:00:00,MEO-05,MEO,3.6218839856858747,1.721014772955936,1.5489132956603424,1.8931162502515297
2024-01-03 14:15:00,MEO-05,MEO,4.212784202248865,1.8811414981802246,1.6930273483622023,2.069255647998247
2024-01-03 14:30:00,MEO-05,MEO,4.141234692537641,1.9072371062876898,1.716513395658921,2.097960816916459
2024-01-03 14:45:00,MEO-05,MEO,4.763360677975938,1.7805611390705485,1.6025050251634936,1.9586172529776036
2024-01-03 15:00:00,MEO-05,MEO,4.460926377805303,1.9132602905101073,1.7219342614590967,2.1045863195611183
2024-01-03 15:15:00,MEO-05,MEO,4.634862153581186,1.9277623564108641,1.7349861207697777,2.120538592051951
2024-01-03 15:30:00,MEO-05,MEO,4.608233633550888,1.875181619202558,1.6876634572823024,2.0626997811228143
2024-01-03 15:45:00,MEO-05,MEO,4.846377940185762,2.033358223583229,1.8300224012249062,2.2366940459415523
2024-01-03 16:00:00,MEO-05,MEO,4.592408109582961,2.004551156388702,1.804096040749832,2.2050062720275725
2024-01-03 16:15:00,MEO-05,MEO,4.549801843211467,2.1647896342261816,1.9483106708035636,2.3812685976488
2024-01-03 16:30:00,MEO-05,MEO,5.2672903929969195,1.9570153123395708,1.7613137811056139,2.152716843573528
2024-01-03 16:45:00,MEO-05,MEO,4.676032313841579,1.8929159356610599,1.703624342094954,2.082207529227166
2024-01-03 17:00:00,MEO-05,MEO,5.18799629787346,1.8475245563238074,1.6627721006914267,2.032277011956188
2024-01-03 17:15:00,MEO-05,MEO,4.90921647961245,1.835397512295868,1.6518577610662812,2.018937263525455
2024-01-03 17:30:00,MEO-05,MEO,5.192089359949283,1.8656104921006016,1.6790494428905414,2.052171541310662
2024-01-03 17:45:00,MEO-05,MEO,4.425963356031659,1.8153318064595454,1.6337986258135908,1.9968649871055002
2024-01-03 18:00:00,MEO-05,MEO,4.884808695649555,1.9284031143191522,1.735562802887237,2.1212434257510675
2024-01-03 18:15:00,MEO-05,MEO,4.6778217727131235,1.5291629106227962,1.3762466195605165,1.6820792016850759
2024-01-03 18:30:00,MEO-05,MEO,4.529185924090769,1.5612466931657578,1.4051220238491822,1.7173713624823337
2024-01-03 18:45:00,MEO-05,MEO,4.550089161375476,1.4268587885774318,1.2841729097196886,1.569544667435175
2024-01-03 19:00:00,MEO-05,MEO,4.107326734223452,1.4368290542954805,1.2931461488659324,1.5805119597250286
2024-01-03 19:15:00,MEO-05,MEO,3.291822237981597,1.4479042976822554,1.30311386791403,1.592694727450481
2024-01-03 19:30:00,MEO-05,MEO,3.8268625190182286,1.3372769007093865,1.203549210638448,1.4710045907803253
2024-01-03 19:45:00,MEO-05,MEO,3.605502483405477,1.106623857283658,0.9959614715552922,1.217286243012024
2024-01-03 20:00:00,MEO-05,MEO,3.2790113534295564,1.198005174680476,1.0782046572124284,1.3178056921485237
2024-01-03 20:15:00,MEO-05,MEO,2.9511940874149394,0.920362298279803,0.8283260684518227,1.0123985281077834
2024-01-03 20:30:00,MEO-05,MEO,2.9029222413706623,0.8524473108864273,0.7672025797977846,0.9376920419750702
2024-01-03 20:45:00,MEO-05,MEO,3.202188771197858,0.9844318803965122,0.885988692356861,1.0828750684361634
2024-01-03 21:00:00,MEO-05,MEO,2.4679408011512525,1.0235831641030468,0.9212248476927422,1.1259414805133516
2024-01-03 21:15:00,MEO-05,MEO,2.1412037674533586,0.982416700204033,0.8841750301836298,1.0806583702244363
2024-01-03 21:30:00,MEO-05,MEO,2.1078645341265823,1.096755378213466,0.9870798403921195,1.2064309160348128
2024-01-03 21:45:00,MEO-05,MEO,2.386686469361342,0.9529394066896082,0.8576454660206474,1.048233347358569
2024-01-03 22:00:00,MEO-05,MEO,2.7570857964867415,0.9458114370352096,0.8512302933316886,1.0403925807387306
2024-01-03 22:15:00,MEO-05,MEO,2.858639126407584,1.0671291438341466,0.9604162294507319,1.1738420582175613
2024-01-03 22:30:00,MEO-05,MEO,2.4627042593472233,0.9750698288482039,0.8775628459633835,1.0725768117330243
2024-01-03 22:45:00,MEO-05,MEO,2.07225873754704,1.0758966635931764,0.9683069972338587,1.183486329952494
2024-01-03 23:00:00,MEO-05,MEO,2.1405242019910347,1.1294346495289362,1.0164911845760427,1.24237811448183
2024-01-03 23:15:00,MEO-05,MEO,2.643455855901232,1.0726793664095278,0.965411429768575,1.1799473030504806
2024-01-03 23:30:00,MEO-05,MEO,2.8448325758449418,1.2456279545729227,1.1210651591156304,1.370190750030215
2024-01-03 23:45:00,MEO-05,MEO,2.4594436358150373,1.4599441653856575,1.3139497488470917,1.6059385819242233
2024-01-04 00:00:00,MEO-05,MEO,3.10266922267504,1.451775217994997,1.3065976961954973,1.5969527397944967
2024-01-04 00:15:00,MEO-05,MEO,2.8320516421190414,1.3733905705793368,1.2360515135214032,1.5107296276372706
2024-01-04 00:30:00,MEO-05,MEO,3.2245616429780126,1.7100367362505555,1.5390330626255,1.8810404098756113
2024-01-04 00:45:00,MEO-05,MEO,3.499724748826244,1.6619022238994678,1.495712001509521,1.8280924462894148
2024-01-04 01:00:00,MEO-05,MEO,3.0180687180857895,1.7245822512595275,1.5521240261335747,1.8970404763854805
2024-01-04 01:15:00,MEO-05,MEO,3.6811413686593113,1.7654713084358378,1.588924177592254,1.9420184392794217
2024-01-04 01:30:00,MEO-05,MEO,4.106586610846225,1.9078786164322858,1.7170907547890573,2.0986664780755144
2024-01-04 01:45:00,MEO-05,MEO,3.788511551177712,1.9383501053293986,1.7445150947964587,2.1321851158623386
2024-01-04 02:00:00,MEO-05,MEO,3.6643296313734064,2.002047935501387,1.8018431419512484,2.202252729051526
2024-01-04 02:15:00,MEO-05,MEO,4.218045316539472,2.0546992773172614,1.8492293495855354,2.260169205048988
2024-01-04 02:30:00,MEO-05,MEO,4.282341287753794,2.200908240864496,1.9808174167780463,2.4209990649509456
2024-01-04 02:45:00,MEO-05,MEO,4.307759409771948,2.241596395169929,2.0174367556529362,2.465756034686922
2024-01-04 03:00:00,MEO-05,MEO,4.513077637685677,2.2013062580215594,1.9811756322194036,2.4214368838237155
2024-01-04 03:15:00,MEO-05,MEO,4.201306178877818,2.1229762203415383,1.9106785983073846,2.3352738423756922
2024-01-04 03:30:00,MEO-05,MEO,4.804549653778497,2.2687183020674624,2.0418464718607163,2.495590132274209
2024-01-04 03:45:00,MEO-05,MEO,5.163902281207872,2.21957137759515,1.9976142398356351,2.441528515354665
2024-01-04 04:00:00,MEO-05,MEO,4.1468105201143866,2.2400176534430765,2.016015888098769,2.4640194187873843
2024-01-04 04:15:00,MEO-05,MEO,4.133254737191831,2.2586316197538387,2.032768457778455,2.484494781729223
2024-01-04 04:30:00,MEO-05,MEO,4.374015145363363,2.164577204982413,1.9481194844841716,2.3810349254806544
2024-01-04 04:45:00,MEO-05,MEO,5.008649086096911,2.0918516735183132,1.882666506166482,2.301036840870145
2024-01-04 05:00:00,MEO-05,MEO,4.5148338415441,2.206383021008048,1.9857447189072432,2.427021323108853
2024-01-04 05:15:00,MEO-05,MEO,4.136396778764799,2.1393366721359364,1.9254030049223427,2.35327033934953
2024-01-04 05:30:00,MEO-05,MEO,4.068737987386477,2.083137180943174,1.8748234628488567,2.2914508990374918
2024-01-04 05:45:00,MEO-05,MEO,4.23808106676426,2.06546923210961,1.858922308898649,2.2720161553205713
2024-01-04 06:00:00,MEO-05,MEO,3.573359094985439,1.9072130425629572,1.7164917383066616,2.0979343468192533
2024-01-04 06:15:00,MEO-05,MEO,3.8012636197276644,1.9179528525122804,1.7261575672610525,2.109748137763509
2024-01-04 06:30:00,MEO-05,MEO,3.204647413114863,1.9270072115741168,1.7343064904167051,2.1197079327315285
2024-01-04 06:45:00,MEO-05,MEO,3.541978418743555,1.7268903813280643,1.554201343195258,1.8995794194608708
2024-01-04 07:00:00,MEO-05,MEO,3.0582319344752324,1.8264053185359215,1.6437647866823293,2.009045850389514
2024-01-04 07:15:00,MEO-05,MEO,3.000399148367528,1.6069168234275195,1.4462251410847675,1.7676085057702715
2024-01-04 07:30:00,MEO-05,MEO,2.6799168854758673,1.4657831961443015,1.3192048765298714,1.6123615157587319
2024-01-04 07:45:00,MEO-05,MEO,2.768004973609118,1.5368724849895659,1.3831852364906092,1.6905597334885225
2024-01-04 08:00:00,MEO-05,MEO,2.380982093089173,1.399893274174855,1.2599039467573696,1.5398826015923408
2024-01-04 08:15:00,MEO-05,MEO,2.806316926256624,1.4392999464130487,1.2953699517717439,1.5832299410543538
2024-01-04 08:30:00,MEO-05,MEO,2.477634514644519,1.3415741080622794,1.2074166972560514,1.4757315188685074
2024-01-04 08:45:00,MEO-05,MEO,1.6697179230577726,1.2437951528696838,1.1194156375827153,1.3681746681566522
2024-01-04 09:00:00,MEO-05,MEO,1.9358992341951324,1.3620754865797586,1.2258679379217827,1.4982830352377345
2024-01-04 09:15:00,MEO-05,MEO,1.9857274838851293,1.1802768007233784,1.0622491206510405,1.2983044807957163
2024-01-04 09:30:00,MEO-05,MEO,1.624898362510944,1.0367083450629455,0.933037510556651,1.1403791795692402
2024-01-04 09:45:00,MEO-05,MEO,2.005208436345635,1.2803051668272774,1.1522746501445496,1.4083356835100052
2024-01-04 10:00:00,MEO-05,MEO,1.9647002230147275,1.2480202377842107,1.1232182140057896,1.3728222615626318
2024-01-04 10:15:00,MEO-05,MEO,1.686107362808429,1.343076796736622,1.2087691170629598,1.4773844764102844
2024-01-04 10:30:00,MEO-05,MEO,1.9955456196350323,1.2001320798051487,1.080118871824634,1.3201452877856636
2024-01-04 10:45:00,MEO-05,MEO,1.217923689832446,1.2906902118193118,1.1616211906373806,1.419759233001243
2024-01-04 11:00:00,MEO-05,MEO,2.2568107369179584,1.330378761174923,1.1973408850574307,1.4634166372924153
2024-01-04 11:15:00,MEO-05,MEO,2.2612752700191034,1.4907873221550325,1.3417085899395294,1.639866054370536
2024-01-04 11:30:00,MEO-05,MEO,1.9138842069769455,1.5323641706591478,1.379127753593233,1.6856005877250626
2024-01-04 11:45:00,MEO-05,MEO,2.4169631338830735,1.5679915862577876,1.411192427632009,1.7247907448835664
2024-01-04 12:00:00,MEO-05,MEO,2.0353903500352812,1.6442083629103719,1.4797875266193348,1.8086291992014092
2024-01-04 12:15:00,MEO-05,MEO,2.556266368697118,1.614121585648433,1.4527094270835896,1.7755337442132764
2024-01-04 12:30:00,MEO-05,MEO,3.240511855509083,1.8501047770634453,1.6650942993571007,2.03511525476979
2024-01-04 12:45:00,MEO-05,MEO,3.194076453734425,1.9355558773549764,1.7420002896194788,2.129111465090474
2024-01-04 13:00:00,MEO-05,MEO,3.4188177567374813,2.1395964060973465,1.9256367654876119,2.3535560467070815
2024-01-04 13:15:00,MEO-05,MEO,3.690218963488835,2.076577376192821,1.8689196385735387,2.284235113812103
2024-01-04 13:30:00,MEO-05,MEO,3.9050438678646344,2.1695244046107045,1.9525719641496342,2.3864768450717753
2024-01-04 13:45:00,MEO-05,MEO,4.411172642310993,2.2332809701423066,2.0099528731280762,2.4566090671565375
2024-01-04 14:00:00,MEO-05,MEO,4.244866776404762,2.2104055427469307,1.9893649884722377,2.431446097021624
2024-01-04 14:15:00,MEO-05,MEO,4.7302825968988635,2.430965645889835,2.1878690813008514,2.6740622104788185
2024-01-04 14:30:00,MEO-05,MEO,4.5523987703136015,2.3842127368457766,2.145791463161199,2.6226340105303545
2024-01-04 14:45:00,MEO-05,MEO,5.221175806209411,2.422790055171534,2.1805110496543807,2.6650690606886878
2024-01-04 15:00:00,MEO-05,MEO,5.1343707678750965,2.468138258160519,2.221324432344467,2.714952083976571
2024-01-04 15:15:00,MEO-05,MEO,5.362272434146825,2.504885043465652,2.254396539119087,2.755373547812218
2024-01-04 15:30:00,MEO-05,MEO,5.416649339786943,2.4925858352498294,2.2433272517248466,2.7418444187748126
2024-01-04 15:45:00,MEO-05,MEO,5.558072410142344,2.559886120522813,2.303897508470532,2.815874732575095
2024-01-04 16:00:00,MEO-05,MEO,5.164882610130795,2.5358408653462847,2.2822567788116563,2.7894249518809136
2024-01-04 16:15:00,MEO-05,MEO,5.554830405070104,2.519748606972145,2.2677737462749303,2.7717234676693594
2024-01-04 16:30:00,MEO-05,MEO,5.640051579268225,2.554254025678933,2.29882862311104,2.8096794282468265
2024-01-04 16:45:00,MEO-05,MEO,5.169995933214143,2.4924041660938325,2.243163749484449,2.741644582703216
2024-01-04 17:00:00,MEO-05,MEO,5.32766844693659,2.4043598344121966,2.163923850970977,2.6447958178534163
2024-01-04 17:15:00,MEO-05,MEO,5.432107653081639,2.341772607802199,2.107595347021979,2.575949868582419
2024-01-04 17:30:00,MEO-05,MEO,5.197808582712435,2.357587585703094,2.1218288271327848,2.593346344273404
2024-01-04 17:45:00,MEO-05,MEO,5.191372558017284,2.230542903005464,2.007488612704918,2.4535971933060106
2024-01-04 18:00:00,MEO-05,MEO,5.784074460400942,2.1601526772862947,1.9441374095576653,2.3761679450149242
2024-01-04 18:15:00,MEO-05,MEO,4.985184120827809,2.0926623840863003,1.8833961456776704,2.3019286224949305
2024-01-04 18:30:00,MEO-05,MEO,4.505313150084967,2.1060777719528305,1.8954699947575475,2.3166855491481138
2024-01-04 18:45:00,MEO-05,MEO,4.764232524625287,2.108415799384517,1.8975742194460654,2.319257379322969
2024-01-04 19:00:00,MEO-05,MEO,4.65251807925547,1.967941014622954,1.7711469131606585,2.1647351160852493
2024-01-04 19:15:00,MEO-05,MEO,4.426087504660303,1.9395285513584026,1.7455756962225624,2.133481406494243
2024-01-04 19:30:00,MEO-05,MEO,4.426591328690376,1.7940629270698998,1.6146566343629098,1.97346921977689
2024-01-04 19:45:00,MEO-05,MEO,3.913366923349896,1.7459413241573194,1.5713471917415875,1.9205354565730515
2024-01-04 20:00:00,MEO-05,MEO,4.060197730566852,1.8068033151207583,1.6261229836086826,1.9874836466328343
2024-01-04 20:15:00,MEO-05,MEO,4.006865656265507,1.6870578509600591,1.5183520658640532,1.8557636360560652
2024-01-04 20:30:00,MEO-05,MEO,3.843540023525225,1.6491340885862478,1.484220679727623,1.8140474974448726
2024-01-04 20:45:00,MEO-05,MEO,4.381734199548903,1.5145506450784678,1.363095580570621,1.6660057095863148
2024-01-04 21:00:00,MEO-05,MEO,4.099879784802848,1.5056384142464851,1.3550745728218367,1.6562022556711338
2024-01-04 21:15:00,MEO-05,MEO,3.1727750341697187,1.5183451987512202,1.3665106788760981,1.6701797186263423
2024-01-04 21:30:00,MEO-05,MEO,3.006328113170373,1.4271112686973322,1.284400141827599,1.5698223955670656
2024-01-04 21:45:00,MEO-05,MEO,3.3879223472794355,1.2864700133819476,1.157823012043753,1.4151170147201424
2024-01-04 22:00:00,MEO-05,MEO,3.831122052652956,1.51740858104128,1.365667722937152,1.6691494391454083
2024-01-04 22:15:00,MEO-05,MEO,3.487799016870708,1.5829541258682747,1.4246587132814472,1.7412495384551023
2024-01-04 22:30:00,MEO-05,MEO,3.305775092710178,1.5407476738837353,1.3866729064953618,1.6948224412721091
2024-01-04 22:45:00,MEO-05,MEO,3.21740179204534,1.5284552942535286,1.3756097648281758,1.6813008236788816
2024-01-04 23:00:00,MEO-05,MEO,3.6424378954710304,1.5983919565524138,1.4385527608971724,1.7582311522076555
2024-01-04 23:15:00,MEO-05,MEO,3.482844004136671,1.5194900579950497,1.3675410521955447,1.6714390637945549
2024-01-04 23:30:00,MEO-05,MEO,3.958713449674114,1.7193036223754938,1.5473732601379444,1.8912339846130433
2024-01-04 23:45:00,MEO-05,MEO,3.2118668043479564,1.7272663167407127,1.5545396850666415,1.8999929484147842
2024-01-05 00:00:00,MEO-05,MEO,3.5240384986908073,1.836203001932189,1.6525827017389703,2.0198233021254084
2024-01-05 00:15:00,MEO-05,MEO,3.4201877210927827,1.87861016183661,1.690749145652949,2.0664711780202714
2024-01-05 00:30:00,MEO-05,MEO,3.821129905940358,1.9517975564637424,1.7566178008173683,2.146977312110117
2024-01-05 00:45:00,MEO-05,MEO,3.947642517694798,2.0577627466014015,1.8519864719412613,2.2635390212615416
2024-01-05 01:00:00,MEO-05,MEO,4.187497685188481,2.2725988681228877,2.045338981310599,2.4998587549351767
2024-01-05 01:15:00,MEO-05,MEO,4.4842476663292885,2.263796945030743,2.037417250527669,2.490176639533818
2024-01-05 01:30:00,MEO-05,MEO,4.768444572392342,2.2959592367295825,2.066363313056624,2.525555160402541
2024-01-05 01:45:00,MEO-05,MEO,5.088179051478072,2.5210595507472027,2.2689535956724827,2.773165505821923
2024-01-05 02:00:00,MEO-05,MEO,4.778327285863245,2.5421252378621015,2.2879127140758913,2.796337761648312
2024-01-05 02:15:00,MEO-05,MEO,4.804665184635557,2.4075858334109506,2.1668272500698555,2.648344416752046
2024-01-05 02:30:00,MEO-05,MEO,4.7884287461535635,2.7339879235824642,2.460589131224218,3.007386715940711
2024-01-05 02:45:00,MEO-05,MEO,5.344210723012633,2.7096581798541015,2.4386923618686915,2.980623997839512
2024-01-05 03:00:00,MEO-05,MEO,5.568263872363499,2.806218799648313,2.5255969196834815,3.0868406796131445
2024-01-05 03:15:00,MEO-05,MEO,5.127671463390202,2.7578082901697316,2.4820274611527586,3.033589119186705
2024-01-05 03:30:00,MEO-05,MEO,5.835500789459244,2.9255393578399937,2.6329854220559943,3.218093293623993
2024-01-05 03:45:00,MEO-05,MEO,5.586318960108025,2.777781485097368,2.5000033365876315,3.055559633607105
2024-01-05 04:00:00,MEO-05,MEO,5.336661105120626,2.598367971680095,2.338531174512086,2.858204768848105
2024-01-05 04:15:00,MEO-05,MEO,5.45342300480155,2.728801282142619,2.455921153928357,3.001681410356881
2024-01-05 04:30:00,MEO-05,MEO,5.420199852325503,2.8209047047416185,2.538814234267457,3.1029951752157805
2024-01-05 04:45:00,MEO-05,MEO,5.390951745120704,2.7647335382393514,2.488260184415416,3.0412068920632866
2024-01-05 05:00:00,MEO-05,MEO,5.707474205887197,2.7045551160277546,2.434099604424979,2.9750106276305304
2024-01-05 05:15:00,MEO-05,MEO,5.70103324074006,2.5896105141708547,2.3306494627537693,2.8485715655879407
2024-01-05 05:30:00,MEO-05,MEO,5.808760511875041,2.6168545323591417,2.3551690791232276,2.878539985595056
2024-01-05 05:45:00,MEO-05,MEO,5.088949623396253,2.5547889461851594,2.2993100515666436,2.8102678408036756
2024-01-05 06:00:00,MEO-05,MEO,5.21157780735235,2.4893352370091506,2.2404017133082355,2.7382687607100658
2024-01-05 06:15:00,MEO-05,MEO,4.811707351607714,2.4656996776945017,2.2191297099250518,2.712269645463952
2024-01-05 06:30:00,MEO-05,MEO,4.814177974708141,2.365886050091638,2.129297445082474,2.602474655100802
2024-01-05 06:45:00,MEO-05,MEO,4.265790488228308,2.258414292740161,2.0325728634661453,2.4842557220141774
2024-01-05 07:00:00,MEO-05,MEO,4.176057081064647,2.125580519871315,1.9130224678841836,2.3381385718584466
2024-01-05 07:15:00,MEO-05,MEO,4.4761265728422845,2.243047981115521,2.018743183003969,2.4673527792270735
2024-01-05 07:30:00,MEO-05,MEO,3.723905252287268,2.223832737917747,2.0014494641259724,2.446216011709522
2024-01-05 07:45:00,MEO-05,MEO,4.072176871811017,2.139765639015295,1.9257890751137656,2.3537422029168247
2024-01-05 08:00:00,MEO-05,MEO,3.580751142844432,1.996155677658721,1.796540109892849,2.1957712454245932
2024-01-05 08:15:00,MEO-05,MEO,3.1105757421937352,1.7524205330208775,1.5771784797187898,1.9276625863229655
2024-01-05 08:30:00,MEO-05,MEO,2.8134111159569026,1.6960506969451963,1.5264456272506768,1.865655766639716
2024-01-05 08:45:00,MEO-05,MEO,3.686791258892599,1.757478729481191,1.581730856533072,1.9332266024293103
2024-01-05 09:00:00,MEO-05,MEO,2.7368169167744854,1.7673452570145387,1.5906107313130848,1.9440797827159928
2024-01-05 09:15:00,MEO-05,MEO,3.1109813555051073,1.74389142082088,1.569502278738792,1.9182805629029682
2024-01-05 09:30:00,MEO-05,MEO,3.153061726874298,1.7567891013974735,1.5811101912577261,1.932468011537221
2024-01-05 09:45:00,MEO-05,MEO,2.69892453671432,1.6297941612513078,1.466814745126177,1.7927735773764388
2024-01-05 10:00:00,MEO-05,MEO,2.877792010569576,1.8799503161837967,1.691955284565417,2.0679453478021768
2024-01-05 10:15:00,MEO-05,MEO,3.1518398122294022,1.8921294470831111,1.7029165023748,2.081342391791422
2024-01-05 10:30:00,MEO-05,MEO,3.14870652844261,1.6970887673328463,1.5273798905995617,1.8667976440661311
2024-01-05 10:45:00,MEO-05,MEO,3.030581305561721,1.692869952371957,1.5235829571347614,1.8621569476091528
2024-01-05 11:00:00,MEO-05,MEO,3.3017756756383885,1.883333566412946,1.6950002097716514,2.0716669230542406
2024-01-05 11:15:00,MEO-05,MEO,3.3392252370746314,2.0483846860297406,1.8435462174267665,2.253223154632715
2024-01-05 11:30:00,MEO-05,MEO,3.2683353193899314,2.009052801260478,1.8081475211344302,2.209958081386526
2024-01-05 11:45:00,MEO-05,MEO,3.9792514916740953,2.102935070936588,1.8926415638429295,2.3132285780302473
2024-01-05 12:00:00,MEO-05,MEO,3.918952207738242,2.122662951968993,1.9103966567720938,2.3349292471658925
2024-01-05 12:15:00,MEO-05,MEO,3.6117503162222113,2.2492326923398736,2.0243094231058865,2.474155961573861
2024-01-05 12:30:00,MEO-05,MEO,4.422156516902218,2.3954994669010214,2.1559495202109193,2.635049413591124
2024-01-05 12:45:00,MEO-05,MEO,4.368542364458106,2.436726022099373,2.193053419889436,2.6803986243093108
2024-01-05 13:00:00,MEO-05,MEO,4.68864528582715,2.533679620561016,2.280311658504915,2.787047582617118
2024-01-05 13:15:00,MEO-05,MEO,5.006096957997183,2.4371869101146757,2.193468219103208,2.6809056011261436
2024-01-05 13:30:00,MEO-05,MEO,5.049800237298291,2.8213213852481847,2.539189246723366,3.103453523773003
2024-01-05 13:45:00,MEO-05,MEO,5.940195512413204,2.594303662694755,2.33487329642528,2.853734028964231
2024-01-05 14:00:00,MEO-05,MEO,5.351420582320438,2.8099867759771233,2.528988098379411,3.090985453574836
2024-01-05 14:15:00,MEO-05,MEO,5.964753781428941,2.850308802017482,2.5652779218157336,3.13533968221923
2024-01-05 14:30:00,MEO-05,MEO,6.259026915442282,2.91145100210106,2.620305901890954,3.202596102311166
2024-01-05 14:45:00,MEO-05,MEO,6.371340026520526,3.0391439081011833,2.735229517291065,3.343058298911302
2024-01-05 15:00:00,MEO-05,MEO,6.492102924839454,2.95362956634897,2.658266609714073,3.248992522983867
2024-01-05 15:15:00,MEO-05,MEO,6.603401830232087,3.006875012109957,2.7061875108989613,3.307562513320953
2024-01-05 15:30:00,MEO-05,MEO,6.631532921672866,2.971101236848185,2.6739911131633667,3.268211360533004
2024-01-05 15:45:00,MEO-05,MEO,6.736893304348746,3.1637708297136395,2.847393746742276,3.4801479126850037
2024-01-05 16:00:00,MEO-05,MEO,7.315334707646146,3.096187468032831,2.786568721229548,3.405806214836115
2024-01-05 16:15:00,MEO-05,MEO,6.971715886443079,3.1165938958553494,2.8049345062698143,3.4282532854408845
2024-01-05 16:30:00,MEO-05,MEO,7.644066649414652,3.1113578277145684,2.8002220449431117,3.4224936104860255
2024-01-05 16:45:00,MEO-05,MEO,7.279525729161634,3.1769851821272685,2.8592866639145416,3.4946837003399955
2024-01-05 17:00:00,MEO-05,MEO,6.419495672566979,3.125377466338128,2.812839719704315,3.4379152129719412
2024-01-05 17:15:00,MEO-05,MEO,7.255053624271412,2.9600302748838923,2.664027247395503,3.256033302372282
2024-01-05 17:30:00,MEO-05,MEO,6.943815343618658,2.893683558390772,2.604315202551695,3.1830519142298495
2024-01-05 17:45:00,MEO-05,MEO,6.509224702505035,2.7790331907440984,2.5011298716696886,3.0569365098185086
2024-01-05 18:00:00,MEO-05,MEO,7.061207970326588,2.8165053299745324,2.534854796977079,3.098155862971986
2024-01-05 18:15:00,MEO-05,MEO,6.485840728920852,2.7449206500616237,2.4704285850554615,3.0194127150677863
2024-01-05 18:30:00,MEO-05,MEO,6.308221955840768,2.5586587768176408,2.3027928991358766,2.814524654499405
2024-01-05 18:45:00,MEO-05,MEO,6.3628101270291015,2.6018461280501444,2.34166151524513,2.862030740855159
2024-01-05 19:00:00,MEO-05,MEO,6.375360730481104,2.552119612472958,2.2969076512256623,2.807331573720254
2024-01-05 19:15:00,MEO-05,MEO,5.932033936521826,2.3101821747408833,2.079163957266795,2.541200392214972
2024-01-05 19:30:00,MEO-05,MEO,5.724938511460351,2.346163288485569,2.111546959637012,2.580779617334126
2024-01-05 19:45:00,MEO-05,MEO,5.3512660047890375,2.260636082766052,2.034572474489447,2.4866996910426575
2024-01-05 20:00:00,MEO-05,MEO,5.6215050145887755,2.2054638312963735,1.9849174481667362,2.426010214426011
2024-01-05 20:15:00,MEO-05,MEO,5.192298189115236,2.075880283812178,1.8682922554309602,2.283468312193396
2024-01-05 20:30:00,MEO-05,MEO,4.936689468405607,1.9593785795558385,1.7634407216002548,2.1553164375114227
2024-01-05 20:45:00,MEO-05,MEO,4.75019528593678,2.006584801697835,1.8059263215280514,2.2072432818676186
2024-01-05 21:00:00,MEO-05,MEO,4.954522339332373,1.9657542614937673,1.7691788353443907,2.1623296876431444
2024-01-05 21:15:00,MEO-05,MEO,4.510623915033461,2.0454809777916108,1.8409328800124498,2.250029075570772
2024-01-05 21:30:00,MEO-05,MEO,4.732177788541799,2.036515549195034,1.8328639942755307,2.2401671041145375
2024-01-05 21:45:00,MEO-05,MEO,4.277514950960255,2.031862806890162,1.828676526201146,2.2350490875791786
2024-01-05 22:00:00,MEO-05,MEO,4.519847713212387,1.905283859665355,1.7147554736988195,2.095812245631891
2024-01-05 22:15:00,MEO-05,MEO,4.359098669114511,1.9478112270791896,1.7530301043712706,2.1425923497871087
2024-01-05 22:30:00,MEO-05,MEO,4.062355812979719,2.0183288089864924,1.8164959280878432,2.220161689885142
2024-01-05 22:45:00,MEO-05,MEO,4.2957243784314,2.1093104207364792,1.8983793786628314,2.3202414628101273
2024-01-05 23:00:00,MEO-05,MEO,3.811544589875377,2.129370134774227,1.9164331212968044,2.34230714825165
2024-01-05 23:15:00,MEO-05,MEO,4.23838474159272,2.237934119419173,2.0141407074772557,2.4617275313610905
2024-01-05 23:30:00,MEO-05,MEO,4.117370295178937,2.3553304169161136,2.1197973752245023,2.5908634586077253
2024-01-05 23:45:00,MEO-05,MEO,5.119216085864155,2.2678606869092603,2.0410746182183344,2.494646755600187
2024-01-06 00:00:00,MEO-05,MEO,4.354947123084941,2.346603781978183,2.111943403780365,2.581264160176002
2024-01-06 00:15:00,MEO-05,MEO,5.535787520315321,2.5140247128286513,2.2626222415457864,2.7654271841115166
2024-01-06 00:30:00,MEO-05,MEO,5.174458710260655,2.579044390526721,2.321139951474049,2.836948829579393
2024-01-06 00:45:00,MEO-05,MEO,5.083539388339023,2.728891915715264,2.4560027241437377,3.001781107286791
2024-01-06 01:00:00,MEO-05,MEO,5.589998883625272,2.7539106002290428,2.4785195402061384,3.029301660251947
2024-01-06 01:15:00,MEO-05,MEO,5.407051175376916,2.975152911947139,2.6776376207524253,3.2726682031418535
2024-01-06 01:30:00,MEO-05,MEO,5.396936932881557,2.7888943635288905,2.5100049271760017,3.06778379988178
2024-01-06 01:45:00,MEO-05,MEO,5.948343551460958,3.059286864045404,2.7533581776408633,3.3652155504499444
2024-01-06 02:00:00,MEO-05,MEO,6.172813132568667,3.0790846551381925,2.771176189624373,3.386993120652012
2024-01-06 02:15:00,MEO-05,MEO,6.483271649741825,3.015770081461711,2.71419307331554,3.3173470896078823
2024-01-06 02:30:00,MEO-05,MEO,6.44273296360196,3.0202323234264155,2.718209091083774,3.322255555769057
2024-01-06 02:45:00,MEO-05,MEO,6.3265690048926295,3.1452218733693695,2.8306996860324327,3.459744060706307
2024-01-06 03:00:00,MEO-05,MEO,6.929519803915239,3.3726469924528435,3.0353822932075594,3.709911691698128
2024-01-06 03:15:00,MEO-05,MEO,6.978943605095203,3.3947756919255094,3.0552981227329585,3.7342532611180608
2024-01-06 03:30:00,MEO-05,MEO,6.840005173228162,3.318202998861715,2.9863826989755435,3.650023298747887
2024-01-06 03:45:00,MEO-05,MEO,7.137767222298068,3.310681828107339,2.979613645296605,3.641750010918073
2024-01-06 04:00:00,MEO-05,MEO,7.420234126815627,3.272078419724089,2.94487057775168,3.599286261696498
2024-01-06 04:15:00,MEO-05,MEO,6.753015066289997,3.316290848104719,2.984661763294247,3.6479199329151912
2024-01-06 04:30:00,MEO-05,MEO,6.654507370303913,3.274131729770297,2.9467185567932677,3.601544902747327
2024-01-06 04:45:00,MEO-05,MEO,6.7025595074266935,3.4201330704644444,3.078119763418,3.762146377510889
2024-01-06 05:00:00,MEO-05,MEO,6.451002597173293,3.146762897416074,2.8320866076744666,3.4614391871576817
2024-01-06 05:15:00,MEO-05,MEO,6.8562962526103135,3.231247506413314,2.908122755771983,3.554372257054646
2024-01-06 05:30:00,MEO-05,MEO,6.204914564046543,3.2872777949993495,2.9585500154994144,3.6160055744992845
2024-01-06 05:45:00,MEO-05,MEO,6.803174987887019,3.149236710713161,2.834313039641845,3.4641603817844775
2024-01-06 06:00:00,MEO-05,MEO,6.181209579333379,2.932696116487349,2.6394265048386143,3.2259657281360843
2024-01-06 06:15:00,MEO-05,MEO,6.536556999281617,2.8306307426438275,2.547567668379445,3.1136938169082105
2024-01-06 06:30:00,MEO-05,MEO,5.39330367226732,2.9046277250777557,2.6141649525699804,3.1950904975855314
2024-01-06 06:45:00,MEO-05,MEO,5.763004926021985,2.821970893468569,2.539773804121712,3.1041679828154263
2024-01-06 07:00:00,MEO-05,MEO,5.357020010098736,2.835709525863484,2.552138573277136,3.1192804784498325
2024-01-06 07:15:00,MEO-05,MEO,5.83711642921287,2.7094552775779173,2.438509749820126,2.980400805335709
2024-01-06 07:30:00,MEO-05,MEO,5.73794418782788,2.5578485219847638,2.3020636697862873,2.81363337418324
2024-01-06 07:45:00,MEO-05,MEO,4.555865653442478,2.4873427651319338,2.2386084886187403,2.736077041645127
2024-01-06 08:00:00,MEO-05,MEO,5.574663656724052,2.3670676808935043,2.130360912804154,2.603774448982855
2024-01-06 08:15:00,MEO-05,MEO,5.467541538068333,2.42810723433283,2.185296510899547,2.670917957766113
2024-01-06 08:30:00,MEO-05,MEO,5.137884443400719,2.2588127253258303,2.0329314527932474,2.4846939978584137
2024-01-06 08:45:00,MEO-05,MEO,5.076376610890518,2.405482878631636,2.1649345907684725,2.6460311664948
2024-01-06 09:00:00,MEO-05,MEO,4.950594648755588,2.350188888595144,2.1151699997356297,2.5852077774546585
2024-01-06 09:15:00,MEO-05,MEO,4.952861491291894,2.327485157531992,2.094736641778793,2.5602336732851914
2024-01-06 09:30:00,MEO-05,MEO,4.399867129444213,2.1668738760562145,1.950186488450593,2.383561263661836
2024-01-06 09:45:00,MEO-05,MEO,4.935758541369184,2.260523901495386,2.0344715113458474,2.4865762916449246
2024-01-06 10:00:00,MEO-05,MEO,4.420689290997792,2.2515434089696376,2.0263890680726737,2.4766977498666014
2024-01-06 10:15:00,MEO-05,MEO,4.421646649035871,2.311265952899986,2.080139357609988,2.542392548189985
2024-01-06 10:30:00,MEO-05,MEO,4.569213073913727,2.3756091993635455,2.138048279427191,2.6131701192999004
2024-01-06 10:45:00,MEO-05,MEO,4.180212354338871,2.332036760802695,2.0988330847224255,2.5652404368829647
2024-01-06 11:00:00,MEO-05,MEO,4.206368326398177,2.383765601560771,2.1453890414046937,2.622142161716848
2024-01-06 11:15:00,MEO-05,MEO,4.686705216911271,2.5331427634831285,2.279828487134816,2.7864570398314417
2024-01-06 11:30:00,MEO-05,MEO,5.249003551491734,2.45259833966078,2.207338505694702,2.6978581736268583
2024-01-06 11:45:00,MEO-05,MEO,4.734962574671521,2.553736821712031,2.298363139540828,2.8091105038832342
2024-01-06 12:00:00,MEO-05,MEO,5.34026726215645,2.6896379135792645,2.420674122221338,2.958601704937191
2024-01-06 12:15:00,MEO-05,MEO,5.322468724039877,2.8408390888899575,2.556755180000962,3.1249229977789534
2024-01-06 12:30:00,MEO-05,MEO,5.508374837787971,2.7737704074650544,2.496393366718549,3.05114744821156
2024-01-06 12:45:00,MEO-05,MEO,6.076990008942666,3.078264295068742,2.770437865561868,3.3860907245756167
2024-01-06 13:00:00,MEO-05,MEO,6.38022979882845,2.91091699165986,2.619825292493874,3.202008690825846
2024-01-06 13:15:00,MEO-05,MEO,6.236541972699121,3.2255990645927533,2.903039158133478,3.548158971052029
2024-01-06 13:30:00,MEO-05,MEO,7.0242312675284495,3.2775571020635943,2.949801391857235,3.605312812269954
2024-01-06 13:45:00,MEO-05,MEO,7.024443543804702,3.1433269329746194,2.8289942396771575,3.457659626272082
2024-01-06 14:00:00,MEO-05,MEO,7.093712113001139,3.1982278375984188,2.878405053838577,3.518050621358261
2024-01-06 14:15:00,MEO-05,MEO,7.466843011572575,3.451264845438012,3.106138360894211,3.7963913299818137
2024-01-06 14:30:00,MEO-05,MEO,8.102157489309525,3.4211425167168485,3.0790282650451637,3.763256768388534
2024-01-06 14:45:00,MEO-05,MEO,7.978801111030625,3.4203331798334475,3.0782998618501027,3.7623664978167928
2024-01-06 15:00:00,MEO-05,MEO,7.794556733636174,3.6865216173598583,3.3178694556238724,4.055173779095845
2024-01-06 15:15:00,MEO-05,MEO,8.122359867651449,3.4773105173415915,3.1295794656074323,3.825041569075751
2024-01-06 15:30:00,MEO-05,MEO,8.294526716407175,3.5360056549627,3.18240508946643,3.8896062204589703
2024-01-06 15:45:00,MEO-05,MEO,8.53784238129512,3.556657346845241,3.200991612160717,3.9123230815297654
2024-01-06 16:00:00,MEO-05,MEO,8.514967365538437,3.382275818365183,3.0440482365286647,3.720503400201702
2024-01-06 16:15:00,MEO-05,MEO,8.985365135047278,3.60425695948809,3.243831263539281,3.9646826554368997
2024-01-06 16:30:00,MEO-05,MEO,8.483730216029693,3.504805525289347,3.154324972760412,3.855286077818282
2024-01-06 16:45:00,MEO-05,MEO,8.109195815597918,3.6138461406771696,3.2524615266094528,3.975230754744887
2024-01-06 17:00:00,MEO-05,MEO,8.569416834084826,3.5866539083710736,3.227988517533966,3.9453192992081814
2024-01-06 17:15:00,MEO-05,MEO,8.353339160907423,3.4840557152106713,3.1356501436896043,3.8324612867317387
2024-01-06 17:30:00,MEO-05,MEO,8.01047913800402,3.4318213631554615,3.0886392268399154,3.775003499471008
2024-01-06 17:45:00,MEO-05,MEO,8.110213234426142,3.36602275970298,3.0294204837326824,3.7026250356732784
2024-01-06 18:00:00,MEO-05,MEO,8.074928768817697,3.232271463102142,2.9090443167919275,3.555498609412356
2024-01-06 18:15:00,MEO-05,MEO,8.309152606838783,3.1704964675213763,2.8534468207692387,3.4875461142735142
2024-01-06 18:30:00,MEO-05,MEO,7.497024556928672,3.2541993296018816,2.9287793966416937,3.57961926256207
2024-01-06 18:45:00,MEO-05,MEO,7.78584053017928,3.1344138976725646,2.8209725079053083,3.4478552874398214
2024-01-06 19:00:00,MEO-05,MEO,8.074154891464273,3.019269301950471,2.7173423717554237,3.3211962321455184
2024-01-06 19:15:00,MEO-05,MEO,7.289346318545023,2.979250220897665,2.6813251988078988,3.2771752429874317
2024-01-06 19:30:00,MEO-05,MEO,7.092805142562133,2.8574145787222056,2.5716731208499852,3.1431560365944264
2024-01-06 19:45:00,MEO-05,MEO,7.1348082287637045,2.8120212300729666,2.53081910706567,3.0932233530802633
2024-01-06 20:00:00,MEO-05,MEO,6.899992791801083,2.784787194931743,2.5063084754385687,3.0632659144249175
2024-01-06 20:15:00,MEO-05,MEO,6.945307638943478,2.517481166750403,2.2657330500753625,2.7692292834254433
2024-01-06 20:30:00,MEO-05,MEO,6.380654058777118,2.7093252439461213,2.4383927195515094,2.9802577683407336
2024-01-06 20:45:00,MEO-05,MEO,6.442501823580794,2.665096413622958,2.398586772260662,2.9316060549852536
2024-01-06 21:00:00,MEO-05,MEO,6.30672272814603,2.5062669546353535,2.2556402591718183,2.756893650098889
2024-01-06 21:15:00,MEO-05,MEO,5.92169743131235,2.6480824238930345,2.3832741815037313,2.912890666282338
2024-01-06 21:30:00,MEO-05,MEO,5.875714927004389,2.360900407329499,2.124810366596549,2.5969904480624493
2024-01-06 21:45:00,MEO-05,MEO,5.821990424426373,2.5664227654756138,2.3097804889280527,2.8230650420231753
2024-01-06 22:00:00,MEO-05,MEO,5.459227979098529,2.5515480474607397,2.296393242714666,2.806702852206814
2024-01-06 22:15:00,MEO-05,MEO,5.639536616157439,2.5439493012735923,2.289554371146233,2.798344231400952
2024-01-06 22:30:00,MEO-05,MEO,6.103467282309359,2.6005431002043697,2.3404887901839326,2.860597410224807
2024-01-06 22:45:00,MEO-05,MEO,6.006279147247789,2.685408514610047,2.4168676631490422,2.953949366071052
2024-01-06 23:00:00,MEO-05,MEO,5.64359293053872,2.543064368294287,2.288757931464858,2.7973708051237156
2024-01-06 23:15:00,MEO-05,MEO,5.849840755209454,2.824491248889742,2.542042124000768,3.1069403737787162
2024-01-06 23:30:00,MEO-05,MEO,6.184050959342674,2.775802000799288,2.4982218007193593,3.053382200879217
2024-01-06 23:45:00,MEO-05,MEO,6.160074074946722,2.9603715095859746,2.6643343586273773,3.2564086605445723
2024-01-07 00:00:00,MEO-05,MEO,6.658434894780733,3.0063179263348494,2.7056861337013647,3.3069497189683346
2024-01-07 00:15:00,MEO-05,MEO,6.734874272778435,3.000041392878521,2.700037253590669,3.300045532166373
2024-01-07 00:30:00,MEO-05,MEO,6.811744057345018,3.110591835933999,2.799532652340599,3.421651019527399
2024-01-07 00:45:00,MEO-05,MEO,6.883785389184622,3.1991075668400746,2.879196810156067,3.519018323524082
2024-01-07 01:00:00,MEO-05,MEO,6.8016340979739525,3.413136388117565,3.0718227493058086,3.7544500269293217
2024-01-07 01:15:00,MEO-05,MEO,7.4532409561028095,3.2760066408311768,2.948405976748059,3.603607304914295
2024-01-07 01:30:00,MEO-05,MEO,7.4058885280505455,3.4122096067079295,3.0709886460371365,3.753430567378723
2024-01-07 01:45:00,MEO-05,MEO,7.228606640513479,3.3968255613908998,3.05714300525181,3.73650811752999
2024-01-07 02:00:00,MEO-05,MEO,7.678294067396556,3.604382309313299,3.2439440783819693,3.9648205402446295
2024-01-07 02:15:00,MEO-05,MEO,8.193655205501877,3.6094605359573277,3.2485144823615952,3.9704065895530607
2024-01-07 02:30:00,MEO-05,MEO,7.656173198108029,3.6768264360790637,3.3091437924711573,4.0445090796869705
2024-01-07 02:45:00,MEO-05,MEO,8.018438114223319,3.8853297211163556,3.4967967490047203,4.273862693227992
2024-01-07 03:00:00,MEO-05,MEO,8.434147990937133,3.7413815039385705,3.3672433535447137,4.115519654332428
2024-01-07 03:15:00,MEO-05,MEO,8.856543166597065,3.8257264938185833,3.443153844436725,4.208299143200442
2024-01-07 03:30:00,MEO-05,MEO,8.839658665731038,3.8231382649795895,3.4408244384816307,4.205452091477548
2024-01-07 03:45:00,MEO-05,MEO,9.027395297461993,3.839328326865788,3.4553954941792093,4.223261159552367
2024-01-07 04:00:00,MEO-05,MEO,8.742890868463284,4.09364043842575,3.6842763945831747,4.503004482268325
2024-01-07 04:15:00,MEO-05,MEO,8.653529799908977,3.723815028110204,3.351433525299184,4.096196530921225
2024-01-07 04:30:00,MEO-05,MEO,8.907167316695206,3.894921238262393,3.505429114436154,4.284413362088633
2024-01-07 04:45:00,MEO-05,MEO,8.437803842286678,4.008858667347485,3.6079728006127363,4.409744534082233
2024-01-07 05:00:00,MEO-05,MEO,8.360983149318399,3.863345297348382,3.477010767613544,4.249679827083221
2024-01-07 05:15:00,MEO-05,MEO,8.23663396987644,3.734938953535831,3.3614450581822477,4.108432848889414
2024-01-07 05:30:00,MEO-05,MEO,8.696525376836037,3.584221712279482,3.2257995410515337,3.9426438835074307
2024-01-07 05:45:00,MEO-05,MEO,8.095190142212111,3.7229831223834715,3.3506848101451245,4.095281434621819
2024-01-07 06:00:00,MEO-05,MEO,8.416319697718107,3.628957021229564,3.266061319106608,3.9918527233525207
2024-01-07 06:15:00,MEO-05,MEO,8.050906477695646,3.3629728537034773,3.0266755683331295,3.699270139073825
2024-01-07 06:30:00,MEO-05,MEO,8.124912016445888,3.3883842204893195,3.0495457984403878,3.7272226425382518
2024-01-07 06:45:00,MEO-05,MEO,7.399870144818981,3.244772611533458,2.9202953503801123,3.569249872686804
2024-01-07 07:00:00,MEO-05,MEO,7.340807557079623,3.0396862852024373,2.7357176566821937,3.3436549137226814
2024-01-07 07:15:00,MEO-05,MEO,7.429188821873011,3.0985619414463317,2.7887057473016985,3.4084181355909653
2024-01-07 07:30:00,MEO-05,MEO,7.027361868739191,3.1364019442254167,2.822761749802875,3.4500421386479587
2024-01-07 07:45:00,MEO-05,MEO,6.335461722871434,3.1093165678139583,2.7983849110325627,3.4202482245953543
2024-01-07 08:00:00,MEO-05,MEO,6.447053647855418,2.977016430893029,2.6793147878037264,3.2747180739823323
2024-01-07 08:15:00,MEO-05,MEO,6.353975769965637,3.0590192088832566,2.753117287994931,3.3649211297715826
2024-01-07 08:30:00,MEO-05,MEO,6.228597023325189,2.9848548686246414,2.6863693817621774,3.283340355487106
2024-01-07 08:45:00,MEO-05,MEO,6.531701822813449,2.853992530067702,2.568593277060932,3.1393917830744726
2024-01-07 09:00:00,MEO-05,MEO,6.337763311590163,2.8141793469005756,2.532761412210518,3.095597281590633
2024-01-07 09:15:00,MEO-05,MEO,6.207960767953684,2.844838937203489,2.56035504348314,3.129322830923838
2024-01-07 09:30:00,MEO-05,MEO,6.607071385440363,2.8025234224251916,2.5222710801826724,3.082775764667711
2024-01-07 09:45:00,MEO-05,MEO,6.361361312968418,2.6897973372710307,2.4208176035439277,2.958777070998134
2024-01-07 10:00:00,MEO-05,MEO,6.608509397358116,2.7903883900674202,2.5113495510606785,3.0694272290741624
2024-01-07 10:15:00,MEO-05,MEO,6.050198541876983,2.8876179081858897,2.598856117367301,3.176379699004479
2024-01-07 10:30:00,MEO-05,MEO,6.482143688445126,2.9698384802974083,2.6728546322676676,3.2668223283271494
2024-01-07 10:45:00,MEO-05,MEO,6.612280584910491,2.9812687267946045,2.683141854115144,3.279395599474065
2024-01-07 11:00:00,MEO-05,MEO,6.530623933054231,2.979919589529438,2.681927630576494,3.2779115484823818
2024-01-07 11:15:00,MEO-05,MEO,7.183260070466523,3.1266693581701084,2.8140024223530977,3.4393362939871195
2024-01-07 11:30:00,MEO-05,MEO,6.915621664073942,3.108205560341123,2.797385004307011,3.419026116375236
2024-01-07 11:45:00,MEO-05,MEO,6.763922908321083,3.1377168227148795,2.8239451404433917,3.4514885049863677
2024-01-07 12:00:00,MEO-05,MEO,6.658375450832017,3.338798982671853,3.004919084404668,3.6726788809390385
2024-01-07 12:15:00,MEO-05,MEO,7.6834664271099955,3.3578132419668503,3.0220319177701653,3.6935945661635357
2024-01-07 12:30:00,MEO-05,MEO,7.227329842312694,3.486763724251104,3.1380873518259933,3.8354400966762143
2024-01-07 12:45:00,MEO-05,MEO,7.043411823177735,3.371410916711597,3.0342698250404374,3.708552008382757
2024-01-07 13:00:00,MEO-05,MEO,7.65179094536892,3.4814796124513987,3.133331651206259,3.829627573696539
2024-01-07 13:15:00,MEO-05,MEO,7.588016108098425,3.56751544292671,3.210763898634039,3.9242669872193816
2024-01-07 13:30:00,MEO-05,MEO,8.51798754468391,3.7274631103403357,3.3547167993063023,4.10020942137437
2024-01-07 13:45:00,MEO-05,MEO,8.041345758928212,3.9350141132202077,3.541512701898187,4.328515524542229
2024-01-07 14:00:00,MEO-05,MEO,8.414821473074712,3.769019445004163,3.3921175005037467,4.145921389504579
2024-01-07 14:15:00,MEO-05,MEO,8.992201784253496,3.997436002607112,3.5976924023464005,4.397179602867824
2024-01-07 14:30:00,MEO-05,MEO,9.481656793929039,3.8864602181937307,3.4978141963743576,4.275106240013104
2024-01-07 14:45:00,MEO-05,MEO,9.384301047665078,4.201621586153252,3.781459427537927,4.621783744768578
2024-01-07 15:00:00,MEO-05,MEO,9.26606074953057,3.9451844780339105,3.5506660302305195,4.339702925837302
2024-01-07 15:15:00,MEO-05,MEO,9.783918630674012,4.163377829071113,3.7470400461640017,4.579715611978225
2024-01-07 15:30:00,MEO-05,MEO,9.756001274149712,4.1959218668254605,3.7763296801429145,4.615514053508007
2024-01-07 15:45:00,MEO-05,MEO,10.265919869217367,4.186260701217759,3.7676346310959836,4.604886771339536
2024-01-07 16:00:00,MEO-05,MEO,10.28001857720385,4.067382849174437,3.660644564256993,4.474121134091881
2024-01-07 16:15:00,MEO-05,MEO,9.988485433718525,4.043771151204253,3.6393940360838277,4.4481482663246785
2024-01-07 16:30:00,MEO-05,MEO,10.346586167335225,4.210853350125039,3.7897680151125357,4.631938685137544
2024-01-07 16:45:00,MEO-05,MEO,10.220719785033861,4.164206872282222,3.7477861850539997,4.580627559510444
2024-01-07 17:00:00,MEO-05,MEO,10.468728199920035,4.125464845315297,3.7129183607837675,4.538011329846827
2024-01-07 17:15:00,MEO-05,MEO,10.259156928910551,4.089326884615439,3.6803941961538955,4.498259573076984
2024-01-07 17:30:00,MEO-05,MEO,10.134476958290097,3.8208221889505314,3.438739970055478,4.202904407845585
2024-01-07 17:45:00,MEO-05,MEO,10.229325241040133,3.7589890368777343,3.383090133189961,4.134887940565508
2024-01-07 18:00:00,MEO-05,MEO,10.200382886903204,3.7659289834756713,3.3893360851281042,4.142521881823239
2024-01-07 18:15:00,MEO-05,MEO,9.862932394443174,3.712642481338441,3.3413782332045967,4.083906729472285
2024-01-07 18:30:00,MEO-05,MEO,9.95005252672843,3.6327760865039314,3.269498477853538,3.9960536951543246
2024-01-07 18:45:00,MEO-05,MEO,9.641546592905081,3.62912551013673,3.266212959123057,3.9920380611504034
2024-01-07 19:00:00,MEO-05,MEO,9.702089829023178,3.623333472865248,3.261000125578723,3.9856668201517733
2024-01-07 19:15:00,MEO-05,MEO,9.380553691860522,3.439056468313825,3.0951508214824424,3.7829621151452075
2024-01-07 19:30:00,MEO-05,MEO,9.276605438735357,3.328406972303799,2.9955662750734193,3.661247669534179
2024-01-07 19:45:00,MEO-05,MEO,8.685841371322182,3.3935904268107104,3.0542313841296393,3.732949469491782
2024-01-07 20:00:00,MEO-05,MEO,8.928524982313364,3.245999773176432,2.9213997958587887,3.5705997504940754
2024-01-07 20:15:00,MEO-05,MEO,8.3016173419057,3.223340713240133,2.90100664191612,3.5456747845641465
2024-01-07 20:30:00,MEO-05,MEO,8.694877841787383,3.1415673605105123,2.827410624459461,3.4557240965615637
2024-01-07 20:45:00,MEO-05,MEO,8.539773145467427,3.1568779149085624,2.8411901234177064,3.472565706399419
2024-01-07 21:00:00,MEO-05,MEO,8.246192019731,3.0189407763771463,2.717046698739432,3.320834854014861
2024-01-07 21:15:00,MEO-05,MEO,8.115114087340087,3.137987090883302,2.824188381794972,3.4517857999716326
2024-01-07 21:30:00,MEO-05,MEO,7.880301912498446,3.0669945441583724,2.7602950897425353,3.37369399857421
2024-01-07 21:45:00,MEO-05,MEO,7.7059890050355,3.0083723104849214,2.7075350794364295,3.3092095415334137
2024-01-07 22:00:00,MEO-05,MEO,7.796914087053064,3.122159132856823,2.8099432195711405,3.4343750461425055
2024-01-07 22:15:00,MEO-05,MEO,8.26438340057492,3.038816387135952,2.734934748422357,3.3426980258495473
2024-01-07 22:30:00,MEO-05,MEO,7.8187618354664234,3.0726389963783642,2.7653750967405277,3.3799028960162008
2024-01-07 22:45:00,MEO-05,MEO,7.4424186729693975,3.0740190082558425,2.766617107430258,3.381420909081427
2024-01-07 23:00:00,MEO-05,MEO,7.393493123559587,3.0825543460039,2.7742989114035104,3.3908097806042905
2024-01-07 23:15:00,MEO-05,MEO,7.5262636601218365,3.3184880022158847,2.9866392019942962,3.6503368024374736
2024-01-07 23:30:00,MEO-05,MEO,7.878810297570441,3.433204303931273,3.0898838735381458,3.7765247343244006
2024-01-07 23:45:00,MEO-05,MEO,8.39767837980453,3.3744183939699113,3.03697655457292,3.711860233366903
2024-01-08 00:00:00,MEO-05,MEO,7.951971376640627,3.4222898014404803,3.080060821296432,3.7645187815845285
2024-01-08 00:15:00,MEO-05,MEO,8.706164030803423,3.4208745120266726,3.0787870608240056,3.76296196322934
2024-01-08 00:30:00,MEO-05,MEO,8.5521384711714,3.474400935465074,3.126960841918567,3.8218410290115816
2024-01-08 00:45:00,MEO-05,MEO,8.795504643540566,3.790223454877206,3.411201109389485,4.169245800364926
2024-01-08 01:00:00,MEO-05,MEO,8.963806301709695,3.6580460236908134,3.2922414213217324,4.023850626059895
2024-01-08 01:15:00,MEO-05,MEO,9.177233725486607,3.807058708337612,3.4263528375038512,4.187764579171374
2024-01-08 01:30:00,MEO-05,MEO,9.107870327121628,4.001261030932828,3.6011349278395457,4.401387134026112
2024-01-08 01:45:00,MEO-05,MEO,8.80635963324867,4.061908276688344,3.6557174490195097,4.4680991043571785
2024-01-08 02:00:00,MEO-05,MEO,9.417004726657789,4.1517769305591115,3.7365992375032,4.566954623615023
2024-01-08 02:15:00,MEO-05,MEO,9.50799815332938,4.191225903128268,3.7721033128154415,4.610348493441095
2024-01-08 02:30:00,MEO-05,MEO,9.962240080925353,4.219777098536316,3.797799388682684,4.641754808389948
2024-01-08 02:45:00,MEO-05,MEO,10.080014138969618,4.206856325148785,3.786170692633907,4.627541957663665
2024-01-08 03:00:00,MEO-05,MEO,10.081154901410788,4.287850680338502,3.8590656123046516,4.716635748372353
2024-01-08 03:15:00,MEO-05,MEO,10.693379917340787,4.3466955177916144,3.912025966012453,4.781365069570776
2024-01-08 03:30:00,MEO-05,MEO,10.178867661915682,4.239930033906047,3.8159370305154425,4.6639230372966525
2024-01-08 03:45:00,MEO-05,MEO,9.84493847503205,4.339418958901833,3.9054770630116495,4.773360854792016
2024-01-08 04:00:00,MEO-05,MEO,10.470194741207944,4.37345087910731,3.936105791196579,4.810795967018041
2024-01-08 04:15:00,MEO-05,MEO,10.75250881812399,4.338826993610228,3.9049442942492054,4.772709692971251
2024-01-08 04:30:00,MEO-05,MEO,10.51751603406243,4.347322483535481,3.9125902351819333,4.78205473188903
2024-01-08 04:45:00,MEO-05,MEO,10.322871205285999,4.399498106881846,3.9595482961936614,4.839447917570031
2024-01-08 05:00:00,MEO-05,MEO,10.41482600473683,4.37166840003606,3.934501560032454,4.808835240039667
2024-01-08 05:15:00,MEO-05,MEO,10.734518221320602,4.383422922350693,3.945080630115624,4.821765214585763
2024-01-08 05:30:00,MEO-05,MEO,9.954907381179353,4.088742079033235,3.6798678711299115,4.497616286936559
2024-01-08 05:45:00,MEO-05,MEO,10.060938749207233,4.116272653960787,3.7046453885647086,4.527899919356867
2024-01-08 06:00:00,MEO-05,MEO,10.083039706203962,4.183506793599912,3.7651561142399212,4.601857472959904
2024-01-08 06:15:00,MEO-05,MEO,9.826650871024068,3.8770204657101246,3.4893184191391122,4.264722512281137
2024-01-08 06:30:00,MEO-05,MEO,9.53689550582319,3.8512394689118365,3.4661155220206528,4.23636341580302
2024-01-08 06:45:00,MEO-05,MEO,9.319019390124565,3.8233323640906174,3.4409991276815557,4.205665600499679
2024-01-08 07:00:00,MEO-05,MEO,9.17527301915195,3.96332488269901,3.566992394429109,4.359657370968911
2024-01-08 07:15:00,MEO-05,MEO,9.19808480370854,3.6502790137808447,3.28525111240276,4.01530691515893
2024-01-08 07:30:00,MEO-05,MEO,9.002930102453732,3.7460035476900497,3.371403192921045,4.120603902459055
2024-01-08 07:45:00,MEO-05,MEO,9.231864047529013,3.5919903723522273,3.2327913351170046,3.9511894095874505
2024-01-08 08:00:00,MEO-05,MEO,8.155306299036077,3.4425061560688586,3.098255540461973,3.7867567716757446
2024-01-08 08:15:00,MEO-05,MEO,8.821151782509306,3.704406199402744,3.3339655794624696,4.074846819343019
2024-01-08 08:30:00,MEO-05,MEO,8.186649640133938,3.449402606130224,3.1044623455172013,3.7943428667432464
2024-01-08 08:45:00,MEO-05,MEO,8.087994438582534,3.425442016678151,3.082897815010336,3.7679862183459667
2024-01-08 09:00:00,MEO-05,MEO,8.21756958924358,3.4084792559794397,3.067631330381496,3.749327181577384
2024-01-08 09:15:00,MEO-05,MEO,8.129891883723916,3.3821073524932173,3.0438966172438957,3.7203180877425392
2024-01-08 09:30:00,MEO-05,MEO,8.143443808434094,3.5074480938902695,3.1567032845012424,3.8581929032792965
2024-01-08 09:45:00,MEO-05,MEO,8.160634687881466,3.4780586618710316,3.1302527956839286,3.825864528058135
2024-01-08 10:00:00,MEO-05,MEO,7.79593087551226,3.2708221875728865,2.943739968815598,3.5979044063301755
2024-01-08 10:15:00,MEO-05,MEO,8.168756826598749,3.5272016156062787,3.174481454045651,3.879921777166907
2024-01-08 10:30:00,MEO-05,MEO,7.7078037073823555,3.339979713088344,3.0059817417795096,3.6739776843971788
2024-01-08 10:45:00,MEO-05,MEO,7.859116224925097,3.4615659757333823,3.1154093781600443,3.807722573306721
2024-01-08 11:00:00,MEO-05,MEO,7.986761022649125,3.368385014457781,3.031546513012003,3.7052235159035596
2024-01-08 11:15:00,MEO-05,MEO,8.022841771572187,3.6243392300947725,3.2619053070852955,3.98677315310425
2024-01-08 11:30:00,MEO-05,MEO,8.315618817042306,3.581031617800866,3.2229284560207794,3.939134779580953
2024-01-08 11:45:00,MEO-05,MEO,8.692950329632815,3.5841729061246754,3.225755615512208,3.9425901967371435
2024-01-08 12:00:00,MEO-05,MEO,8.819648827536104,3.846913228564585,3.4622219057081263,4.231604551421044
2024-01-08 12:15:00,MEO-05,MEO,8.708677298905188,3.94641975106528,3.551777775958752,4.341061726171808
2024-01-08 12:30:00,MEO-05,MEO,8.907572947507958,4.031542789500538,3.6283885105504843,4.434697068450592
2024-01-08 12:45:00,MEO-05,MEO,9.098299849696977,3.8759145203754723,3.4883230683379254,4.26350597241302
2024-01-08 13:00:00,MEO-05,MEO,9.572917560743923,4.207515626582364,3.7867640639241276,4.6282671892406
2024-01-08 13:15:00,MEO-05,MEO,9.398552656737657,4.140197684651957,3.7261779161867614,4.554217453117153
2024-01-08 13:30:00,MEO-05,MEO,9.815102285007079,4.408372348243301,3.967535113418971,4.849209583067632
2024-01-08 13:45:00,MEO-05,MEO,10.164446050196151,4.370393536624998,3.933354182962498,4.807432890287498
2024-01-08 14:00:00,MEO-05,MEO,10.51077706499517,4.411572785818047,3.970415507236242,4.852730064399852
2024-01-08 14:15:00,MEO-05,MEO,10.43972365620367,4.457019578174572,4.011317620357115,4.90272153599203
2024-01-08 14:30:00,MEO-05,MEO,10.93733807816206,4.512903758079024,4.061613382271122,4.964194133886927
2024-01-08 14:45:00,MEO-05,MEO,10.930114842953323,4.509189978981355,4.058270981083219,4.960108976879491
2024-01-08 15:00:00,MEO-05,MEO,10.943458897396088,4.518802593261575,4.066922333935418,4.970682852587733
2024-01-08 15:15:00,MEO-05,MEO,11.111553988011684,4.606471935274338,4.145824741746904,5.067119128801772
2024-01-08 15:30:00,MEO-05,MEO,11.06299769036984,4.752094006109631,4.276884605498668,5.227303406720594
2024-01-08 15:45:00,MEO-05,MEO,12.0651013872083,4.556261395051377,4.100635255546239,5.011887534556514
2024-01-08 16:00:00,MEO-05,MEO,11.766822406987826,4.7761472034336405,4.298532483090277,5.253761923777005
2024-01-08 16:15:00,MEO-05,MEO,11.696579385462202,4.671080898893662,4.203972809004296,5.138188988783028
2024-01-08 16:30:00,MEO-05,MEO,11.248688236091569,4.702910359650649,4.232619323685584,5.173201395615714
2024-01-08 16:45:00,MEO-05,MEO,11.462879551566672,4.678318271438127,4.210486444294315,5.14615009858194
2024-01-08 17:00:00,MEO-05,MEO,11.306065106076536,4.648282668924206,4.183454402031785,5.113110935816627
2024-01-08 17:15:00,MEO-05,MEO,11.529626352758505,4.529972342661975,4.076975108395778,4.982969576928173
2024-01-08 17:30:00,MEO-05,MEO,11.188773905847158,4.479227263180557,4.031304536862502,4.927149989498614
2024-01-08 17:45:00,MEO-05,MEO,11.152635418519145,4.487125545055243,4.038412990549719,4.935838099560768
2024-01-08 18:00:00,MEO-05,MEO,10.973350856815877,4.267662397386376,3.8408961576477383,4.6944286371250135
2024-01-08 18:15:00,MEO-05,MEO,10.998377055373716,4.18678819945655,3.768109379510895,4.605467019402205
2024-01-08 18:30:00,MEO-05,MEO,10.919806715300929,4.1738284004032264,3.756445560362904,4.59121124044355
2024-01-08 18:45:00,MEO-05,MEO,10.6791925610708,4.161304004313649,3.7451736038822845,4.577434404745015
2024-01-08 19:00:00,MEO-05,MEO,10.93637518622549,4.219114215610531,3.7972027940494777,4.641025637171584
2024-01-08 19:15:00,MEO-05,MEO,10.569952287366066,3.9977457928504734,3.597971213565426,4.397520372135521
2024-01-08 19:30:00,MEO-05,MEO,9.982220899117287,4.084975642449288,3.676478078204359,4.493473206694217
2024-01-08 19:45:00,MEO-05,MEO,10.070379353043723,3.9011242847861363,3.5110118563075225,4.29123671326475
2024-01-08 20:00:00,MEO-05,MEO,9.628395951095442,3.7636110104338534,3.387249909390468,4.139972111477239
2024-01-08 20:15:00,MEO-05,MEO,9.526249934685888,3.8378513046837117,3.4540661742153405,4.221636435152083
2024-01-08 20:30:00,MEO-05,MEO,9.576344975359383,3.680067284958315,3.3120605564624834,4.048074013454147
2024-01-08 20:45:00,MEO-05,MEO,9.46747992710297,3.681108132231013,3.312997319007912,4.049218945454115
2024-01-08 21:00:00,MEO-05,MEO,9.014453361143863,3.5244744929670686,3.172027043670362,3.8769219422637757
2024-01-08 21:15:00,MEO-05,MEO,8.76348284169237,3.490523301439983,3.1414709712959845,3.8395756315839815
2024-01-08 21:30:00,MEO-05,MEO,8.960249682719567,3.6452402129922232,3.280716191693001,4.0097642342914455
2024-01-08 21:45:00,MEO-05,MEO,8.96755965322539,3.689147015431909,3.320232313888718,4.0580617169751
2024-01-08 22:00:00,MEO-05,MEO,8.643194558893038,3.766668984365769,3.390002085929192,4.143335882802346
2024-01-08 22:15:00,MEO-05,MEO,8.974958677700835,3.56661937236731,3.2099574351305793,3.9232813096040413
2024-01-08 22:30:00,MEO-05,MEO,8.923363235222586,3.7787554244299195,3.4008798819869277,4.156630966872912
2024-01-08 22:45:00,MEO-05,MEO,8.617746068142694,3.8066080023672644,3.425947202130538,4.187268802603991
2024-01-08 23:00:00,MEO-05,MEO,9.105231289720972,3.710878980315435,3.3397910822838917,4.081966878346979
2024-01-08 23:15:00,MEO-05,MEO,9.178071947210569,3.9181232132484007,3.526310891923561,4.309935534573241
2024-01-08 23:30:00,MEO-05,MEO,9.492234347180279,3.946823372317836,3.5521410350860525,4.34150570954962
2024-01-08 23:45:00,MEO-05,MEO,9.511276416345696,4.033172108440434,3.6298548975963905,4.436489319284478
